# Blender 5.0.1
# www.blender.org
mtllib catapulta.mtl
o pCube5_aiStandardSurface1_0
v -9.485738 0.418536 -4.205964
v -8.934990 0.180469 -4.205964
v -4.364841 10.753116 -4.205964
v -4.915590 10.991183 -4.205964
v -4.915590 10.991183 -4.205964
v -4.364841 10.753116 -4.205964
v -4.364841 10.753116 -4.805964
v -4.915590 10.991183 -4.805964
v -4.915590 10.991183 -4.805964
v -4.364841 10.753116 -4.805964
v -8.934990 0.180469 -4.805964
v -9.485738 0.418536 -4.805964
v -9.485738 0.418536 -4.805964
v -8.934990 0.180469 -4.805964
v -8.934990 0.180469 -4.205964
v -9.485738 0.418536 -4.205964
v -8.934990 0.180469 -4.205964
v -8.934990 0.180469 -4.805964
v -4.364841 10.753116 -4.805964
v -4.364841 10.753116 -4.205964
v -9.485738 0.418536 -4.805964
v -9.485738 0.418536 -4.205964
v -4.915590 10.991183 -4.205964
v -4.915590 10.991183 -4.805964
vn -0.0000 -0.0000 1.0000
vn 0.3968 0.9179 -0.0000
vn -0.0000 -0.0000 -1.0000
vn -0.3968 -0.9179 -0.0000
vn 0.9179 -0.3968 -0.0000
vn -0.9179 0.3968 -0.0000
vt 0.375000 1.000000
vt 0.625000 1.000000
vt 0.625000 0.750000
vt 0.375000 0.750000
vt 0.625000 0.500000
vt 0.375000 0.500000
vt 0.625000 0.250000
vt 0.375000 0.250000
vt 0.625000 0.000000
vt 0.375000 0.000000
vt 0.875000 1.000000
vt 0.875000 0.750000
vt 0.125000 1.000000
vt 0.125000 0.750000
s 0
usemtl aiStandardSurface1
f 1/1/1 2/2/1 3/3/1
f 1/1/1 3/3/1 4/4/1
f 5/4/2 6/3/2 7/5/2
f 5/4/2 7/5/2 8/6/2
f 9/6/3 10/5/3 11/7/3
f 9/6/3 11/7/3 12/8/3
f 13/8/4 14/7/4 15/9/4
f 13/8/4 15/9/4 16/10/4
f 17/2/5 18/11/5 19/12/5
f 17/2/5 19/12/5 20/3/5
f 21/13/6 22/1/6 23/4/6
f 21/13/6 23/4/6 24/14/6
o pCube4_aiStandardSurface1_0
v -9.485738 0.418536 4.805823
v -8.934990 0.180469 4.805823
v -4.364841 10.753116 4.805823
v -4.915590 10.991183 4.805823
v -4.915590 10.991183 4.805823
v -4.364841 10.753116 4.805823
v -4.364841 10.753116 4.205822
v -4.915590 10.991183 4.205822
v -4.915590 10.991183 4.205822
v -4.364841 10.753116 4.205822
v -8.934990 0.180469 4.205822
v -9.485738 0.418536 4.205822
v -9.485738 0.418536 4.205822
v -8.934990 0.180469 4.205822
v -8.934990 0.180469 4.805823
v -9.485738 0.418536 4.805823
v -8.934990 0.180469 4.805823
v -8.934990 0.180469 4.205822
v -4.364841 10.753116 4.205822
v -4.364841 10.753116 4.805823
v -9.485738 0.418536 4.205822
v -9.485738 0.418536 4.805823
v -4.915590 10.991183 4.805823
v -4.915590 10.991183 4.205822
vn -0.0000 -0.0000 1.0000
vn 0.3968 0.9179 -0.0000
vn -0.0000 -0.0000 -1.0000
vn -0.3968 -0.9179 -0.0000
vn 0.9179 -0.3968 -0.0000
vn -0.9179 0.3968 -0.0000
vt 0.375000 1.000000
vt 0.625000 1.000000
vt 0.625000 0.750000
vt 0.375000 0.750000
vt 0.625000 0.500000
vt 0.375000 0.500000
vt 0.625000 0.250000
vt 0.375000 0.250000
vt 0.625000 0.000000
vt 0.375000 0.000000
vt 0.875000 1.000000
vt 0.875000 0.750000
vt 0.125000 1.000000
vt 0.125000 0.750000
s 0
usemtl aiStandardSurface1
f 25/15/7 26/16/7 27/17/7
f 25/15/7 27/17/7 28/18/7
f 29/18/8 30/17/8 31/19/8
f 29/18/8 31/19/8 32/20/8
f 33/20/9 34/19/9 35/21/9
f 33/20/9 35/21/9 36/22/9
f 37/22/10 38/21/10 39/23/10
f 37/22/10 39/23/10 40/24/10
f 41/16/11 42/25/11 43/26/11
f 41/16/11 43/26/11 44/17/11
f 45/27/12 46/15/12 47/18/12
f 45/27/12 47/18/12 48/28/12
o pCube3_aiStandardSurface1_0
v 5.956130 2.477859 -4.189098
v 6.324705 2.951306 -4.189098
v -3.933315 10.937107 -4.189098
v -4.301890 10.463660 -4.189098
v -4.301890 10.463660 -4.189098
v -3.933315 10.937107 -4.189098
v -3.933315 10.937107 -4.789098
v -4.301890 10.463660 -4.789098
v -4.301890 10.463660 -4.789098
v -3.933315 10.937107 -4.789098
v 6.324705 2.951306 -4.789098
v 5.956130 2.477859 -4.789098
v 5.956130 2.477859 -4.789098
v 6.324705 2.951306 -4.789098
v 6.324705 2.951306 -4.189098
v 5.956130 2.477859 -4.189098
v 6.324705 2.951306 -4.189098
v 6.324705 2.951306 -4.789098
v -3.933315 10.937107 -4.789098
v -3.933315 10.937107 -4.189098
v 5.956130 2.477859 -4.789098
v 5.956130 2.477859 -4.189098
v -4.301890 10.463660 -4.189098
v -4.301890 10.463660 -4.789098
vn -0.0000 -0.0000 1.0000
vn -0.7891 0.6143 -0.0000
vn -0.0000 -0.0000 -1.0000
vn 0.7891 -0.6143 -0.0000
vn 0.6143 0.7891 -0.0000
vn -0.6143 -0.7891 -0.0000
vt 0.375000 1.000000
vt 0.625000 1.000000
vt 0.625000 0.750000
vt 0.375000 0.750000
vt 0.625000 0.500000
vt 0.375000 0.500000
vt 0.625000 0.250000
vt 0.375000 0.250000
vt 0.625000 0.000000
vt 0.375000 0.000000
vt 0.875000 1.000000
vt 0.875000 0.750000
vt 0.125000 1.000000
vt 0.125000 0.750000
s 0
usemtl aiStandardSurface1
f 49/29/13 50/30/13 51/31/13
f 49/29/13 51/31/13 52/32/13
f 53/32/14 54/31/14 55/33/14
f 53/32/14 55/33/14 56/34/14
f 57/34/15 58/33/15 59/35/15
f 57/34/15 59/35/15 60/36/15
f 61/36/16 62/35/16 63/37/16
f 61/36/16 63/37/16 64/38/16
f 65/30/17 66/39/17 67/40/17
f 65/30/17 67/40/17 68/31/17
f 69/41/18 70/29/18 71/32/18
f 69/41/18 71/32/18 72/42/18
o pCube6_aiStandardSurface1_0
v 7.774133 1.117985 -0.474146
v 8.167302 1.571217 -0.474146
v -4.541502 12.595821 -0.474146
v -4.934670 12.142590 -0.474146
v -4.934670 12.142590 -0.474146
v -4.541502 12.595821 -0.474146
v -4.541502 12.595821 -1.074146
v -4.934670 12.142590 -1.074146
v -4.934670 12.142590 -1.074146
v -4.541502 12.595821 -1.074146
v 8.167302 1.571217 -1.074146
v 7.774133 1.117985 -1.074146
v 7.774133 1.117985 -1.074146
v 8.167302 1.571217 -1.074146
v 8.167302 1.571217 -0.474146
v 7.774133 1.117985 -0.474146
v 8.167302 1.571217 -0.474146
v 8.167302 1.571217 -1.074146
v -4.541502 12.595821 -1.074146
v -4.541502 12.595821 -0.474146
v 7.774133 1.117985 -1.074146
v 7.774133 1.117985 -0.474146
v -4.934670 12.142590 -0.474146
v -4.934670 12.142590 -1.074146
vn -0.0000 -0.0000 1.0000
vn -0.7554 0.6553 -0.0000
vn -0.0000 -0.0000 -1.0000
vn 0.7554 -0.6553 -0.0000
vn 0.6553 0.7554 -0.0000
vn -0.6553 -0.7554 -0.0000
vt 0.375000 1.000000
vt 0.625000 1.000000
vt 0.625000 0.750000
vt 0.375000 0.750000
vt 0.625000 0.500000
vt 0.375000 0.500000
vt 0.625000 0.250000
vt 0.375000 0.250000
vt 0.625000 0.000000
vt 0.375000 0.000000
vt 0.875000 1.000000
vt 0.875000 0.750000
vt 0.125000 1.000000
vt 0.125000 0.750000
s 0
usemtl aiStandardSurface1
f 73/43/19 74/44/19 75/45/19
f 73/43/19 75/45/19 76/46/19
f 77/46/20 78/45/20 79/47/20
f 77/46/20 79/47/20 80/48/20
f 81/48/21 82/47/21 83/49/21
f 81/48/21 83/49/21 84/50/21
f 85/50/22 86/49/22 87/51/22
f 85/50/22 87/51/22 88/52/22
f 89/44/23 90/53/23 91/54/23
f 89/44/23 91/54/23 92/45/23
f 93/55/24 94/43/24 95/46/24
f 93/55/24 95/46/24 96/56/24
o pCube8_aiStandardSurface1_0
v -3.829388 12.000761 0.371313
v -3.829739 12.546541 0.620559
v -3.934995 10.729449 4.599352
v -3.934644 10.183668 4.350106
v -3.934644 10.183668 4.350106
v -3.934995 10.729449 4.599352
v -4.892029 10.738506 4.578171
v -4.891678 10.192726 4.328925
v -4.891678 10.192726 4.328925
v -4.892029 10.738506 4.578171
v -4.786773 12.555599 0.599378
v -4.786422 12.009818 0.350132
v -4.786422 12.009818 0.350132
v -4.786773 12.555599 0.599378
v -3.829739 12.546541 0.620559
v -3.829388 12.000761 0.371313
v -3.829739 12.546541 0.620559
v -4.786773 12.555599 0.599378
v -4.892029 10.738506 4.578171
v -3.934995 10.729449 4.599352
v -4.786422 12.009818 0.350132
v -3.829388 12.000761 0.371313
v -3.934644 10.183668 4.350106
v -4.891678 10.192726 4.328925
vn 0.9997 -0.0095 0.0221
vn -0.0241 -0.4153 0.9094
vn -0.9997 0.0095 -0.0221
vn 0.0241 0.4153 -0.9094
vn -0.0006 0.9096 0.4154
vn 0.0006 -0.9096 -0.4154
vt 0.375000 1.000000
vt 0.625000 1.000000
vt 0.625000 0.750000
vt 0.375000 0.750000
vt 0.625000 0.500000
vt 0.375000 0.500000
vt 0.625000 0.250000
vt 0.375000 0.250000
vt 0.625000 0.000000
vt 0.375000 0.000000
vt 0.875000 1.000000
vt 0.875000 0.750000
vt 0.125000 1.000000
vt 0.125000 0.750000
s 0
usemtl aiStandardSurface1
f 97/57/25 98/58/25 99/59/25
f 97/57/25 99/59/25 100/60/25
f 101/60/26 102/59/26 103/61/26
f 101/60/26 103/61/26 104/62/26
f 105/62/27 106/61/27 107/63/27
f 105/62/27 107/63/27 108/64/27
f 109/64/28 110/63/28 111/65/28
f 109/64/28 111/65/28 112/66/28
f 113/58/29 114/67/29 115/68/29
f 113/58/29 115/68/29 116/59/29
f 117/69/30 118/57/30 119/60/30
f 117/69/30 119/60/30 120/70/30
o pCube7_aiStandardSurface1_0
v 7.774133 1.117985 1.072868
v 8.167302 1.571217 1.072868
v -4.541502 12.595821 1.072868
v -4.934670 12.142590 1.072868
v -4.934670 12.142590 1.072868
v -4.541502 12.595821 1.072868
v -4.541502 12.595821 0.472867
v -4.934670 12.142590 0.472867
v -4.934670 12.142590 0.472867
v -4.541502 12.595821 0.472867
v 8.167302 1.571217 0.472867
v 7.774133 1.117985 0.472867
v 7.774133 1.117985 0.472867
v 8.167302 1.571217 0.472867
v 8.167302 1.571217 1.072868
v 7.774133 1.117985 1.072868
v 8.167302 1.571217 1.072868
v 8.167302 1.571217 0.472867
v -4.541502 12.595821 0.472867
v -4.541502 12.595821 1.072868
v 7.774133 1.117985 0.472867
v 7.774133 1.117985 1.072868
v -4.934670 12.142590 1.072868
v -4.934670 12.142590 0.472867
vn -0.0000 -0.0000 1.0000
vn -0.7554 0.6553 -0.0000
vn -0.0000 -0.0000 -1.0000
vn 0.7554 -0.6553 -0.0000
vn 0.6553 0.7554 -0.0000
vn -0.6553 -0.7554 -0.0000
vt 0.375000 1.000000
vt 0.625000 1.000000
vt 0.625000 0.750000
vt 0.375000 0.750000
vt 0.625000 0.500000
vt 0.375000 0.500000
vt 0.625000 0.250000
vt 0.375000 0.250000
vt 0.625000 0.000000
vt 0.375000 0.000000
vt 0.875000 1.000000
vt 0.875000 0.750000
vt 0.125000 1.000000
vt 0.125000 0.750000
s 0
usemtl aiStandardSurface1
f 121/71/31 122/72/31 123/73/31
f 121/71/31 123/73/31 124/74/31
f 125/74/32 126/73/32 127/75/32
f 125/74/32 127/75/32 128/76/32
f 129/76/33 130/75/33 131/77/33
f 129/76/33 131/77/33 132/78/33
f 133/78/34 134/77/34 135/79/34
f 133/78/34 135/79/34 136/80/34
f 137/72/35 138/81/35 139/82/35
f 137/72/35 139/82/35 140/73/35
f 141/83/36 142/71/36 143/74/36
f 141/83/36 143/74/36 144/84/36
o pCylinder2_aiStandardSurface1_0
v -7.509701 1.680423 -7.608135
v -7.309700 1.535115 -7.608135
v -7.633307 1.300001 -7.608135
v -7.756914 1.680423 -7.608135
v -7.956914 1.535115 -7.608135
v -8.033308 1.300001 -7.608135
v -7.956914 1.064886 -7.608135
v -7.756914 0.919578 -7.608135
v -7.509701 0.919578 -7.608135
v -7.309700 1.064886 -7.608135
v -7.233307 1.300001 -7.608135
v -7.471488 1.417569 -4.608134
v -7.571498 1.490231 -4.608134
v -7.633307 1.300000 -4.608134
v -7.695117 1.490231 -4.608134
v -7.795127 1.417569 -4.608134
v -7.833328 1.300000 -4.608134
v -7.795127 1.182431 -4.608134
v -7.695117 1.109770 -4.608134
v -7.571498 1.109770 -4.608134
v -7.471488 1.182431 -4.608134
v -7.433287 1.300000 -4.608134
v -7.309700 1.535115 -7.608135
v -7.509701 1.680423 -7.608135
v -7.509701 1.680423 -4.798326
v -7.309700 1.535114 -4.798326
v -7.509701 1.680423 -7.608135
v -7.756914 1.680423 -7.608135
v -7.756914 1.680423 -4.798326
v -7.509701 1.680423 -4.798326
v -7.756914 1.680423 -7.608135
v -7.956914 1.535115 -7.608135
v -7.956914 1.535114 -4.798326
v -7.756914 1.680423 -4.798326
v -7.956914 1.535115 -7.608135
v -8.033308 1.300001 -7.608135
v -8.033308 1.300000 -4.798326
v -7.956914 1.535114 -4.798326
v -8.033308 1.300001 -7.608135
v -7.956914 1.064886 -7.608135
v -7.956914 1.064886 -4.798326
v -8.033308 1.300000 -4.798326
v -7.956914 1.064886 -7.608135
v -7.756914 0.919578 -7.608135
v -7.756914 0.919577 -4.798326
v -7.956914 1.064886 -4.798326
v -7.756914 0.919578 -7.608135
v -7.509701 0.919578 -7.608135
v -7.509701 0.919577 -4.798326
v -7.756914 0.919577 -4.798326
v -7.509701 0.919578 -7.608135
v -7.309700 1.064886 -7.608135
v -7.309700 1.064886 -4.798326
v -7.509701 0.919577 -4.798326
v -7.309700 1.064886 -7.608135
v -7.233307 1.300001 -7.608135
v -7.233307 1.300000 -4.798326
v -7.309700 1.064886 -4.798326
v -7.233307 1.300001 -7.608135
v -7.309700 1.535115 -7.608135
v -7.309700 1.535114 -4.798326
v -7.233307 1.300000 -4.798326
v -7.390594 1.476342 -4.633615
v -7.333297 1.300000 -4.633615
v -7.331376 1.519366 -4.703230
v -7.260099 1.300000 -4.703230
v -7.390594 1.476342 -4.633615
v -7.333297 1.300000 -4.633615
v -7.540599 1.585327 -4.633615
v -7.390594 1.476342 -4.633615
v -7.331376 1.519366 -4.703230
v -7.517980 1.654942 -4.703230
v -7.540599 1.585327 -4.633615
v -7.726016 1.585327 -4.633615
v -7.748635 1.654942 -4.703230
v -7.726016 1.585327 -4.633615
v -7.876021 1.476342 -4.633615
v -7.935239 1.519366 -4.703230
v -7.876021 1.476342 -4.633615
v -7.933318 1.300000 -4.633615
v -8.006516 1.300000 -4.703230
v -7.933318 1.300000 -4.633615
v -7.876021 1.123659 -4.633615
v -7.935239 1.080634 -4.703230
v -7.876021 1.123659 -4.633615
v -7.726016 1.014673 -4.633615
v -7.748635 0.945058 -4.703230
v -7.726016 1.014673 -4.633615
v -7.540599 1.014673 -4.633615
v -7.517980 0.945058 -4.703230
v -7.540599 1.014673 -4.633615
v -7.390594 1.123659 -4.633615
v -7.331376 1.080634 -4.703230
v -7.390594 1.123659 -4.633615
vn -0.0000 -0.0000 -1.0000
vn 0.1324 0.0962 0.9865
vn 0.0506 0.1556 0.9865
vn -0.0000 -0.0000 1.0000
vn -0.0506 0.1556 0.9865
vn -0.1324 0.0962 0.9865
vn -0.1636 -0.0000 0.9865
vn -0.1324 -0.0962 0.9865
vn -0.0506 -0.1556 0.9865
vn 0.0506 -0.1556 0.9865
vn 0.1324 -0.0962 0.9865
vn 0.1636 -0.0000 0.9865
vn 0.5878 0.8090 -0.0000
vn 0.5878 0.8090 0.0081
vn -0.0000 1.0000 -0.0000
vn -0.0000 1.0000 0.0081
vn -0.5878 0.8090 -0.0000
vn -0.5878 0.8090 0.0081
vn -0.9511 0.3090 -0.0000
vn -0.9510 0.3090 0.0081
vn -0.9511 -0.3090 -0.0000
vn -0.9510 -0.3090 0.0081
vn -0.5878 -0.8090 -0.0000
vn -0.5878 -0.8090 0.0081
vn -0.0000 -1.0000 -0.0000
vn -0.0000 -1.0000 0.0081
vn 0.5878 -0.8090 -0.0000
vn 0.5878 -0.8090 0.0081
vn 0.9511 -0.3090 -0.0000
vn 0.9510 -0.3090 0.0081
vn 0.9511 0.3090 -0.0000
vn 0.9510 0.3090 0.0081
vn 0.1998 0.1451 0.9690
vn 0.2469 -0.0000 0.9690
vn 0.7105 0.5162 0.4782
vn 0.8783 -0.0000 0.4781
vn 0.5576 0.4050 0.7246
vn 0.6892 -0.0000 0.7246
vn 0.0763 0.2349 0.9690
vn 0.5575 0.4051 0.7246
vn 0.7105 0.5163 0.4782
vn 0.2714 0.8353 0.4782
vn 0.2130 0.6554 0.7246
vn -0.0763 0.2349 0.9690
vn -0.2714 0.8353 0.4782
vn -0.2130 0.6554 0.7246
vn -0.1998 0.1452 0.9690
vn -0.7105 0.5162 0.4782
vn -0.5575 0.4051 0.7246
vn -0.2469 -0.0000 0.9690
vn -0.8783 -0.0000 0.4781
vn -0.6892 -0.0000 0.7246
vn -0.1998 -0.1451 0.9690
vn -0.7105 -0.5162 0.4782
vn -0.5575 -0.4051 0.7246
vn -0.0763 -0.2349 0.9690
vn -0.2714 -0.8353 0.4781
vn -0.2130 -0.6554 0.7246
vn 0.0763 -0.2349 0.9690
vn 0.2714 -0.8353 0.4782
vn 0.2130 -0.6554 0.7246
vn 0.1998 -0.1452 0.9690
vn 0.7105 -0.5162 0.4781
vn 0.5575 -0.4051 0.7246
vt 0.548284 0.992353
vt 0.626409 0.935591
vt 0.500000 0.850000
vt 0.451716 0.992353
vt 0.373591 0.935591
vt 0.343750 0.843750
vt 0.373591 0.751909
vt 0.451716 0.695147
vt 0.548284 0.695147
vt 0.626409 0.751909
vt 0.656250 0.843750
vt 0.563211 0.113449
vt 0.524144 0.085066
vt 0.500000 0.162500
vt 0.475856 0.085066
vt 0.436789 0.113449
vt 0.421867 0.159375
vt 0.436789 0.205300
vt 0.475856 0.233684
vt 0.524144 0.233683
vt 0.563211 0.205300
vt 0.578133 0.159375
vt 0.375000 0.687500
vt 0.400000 0.687500
vt 0.400000 0.335394
vt 0.375000 0.335394
vt 0.425000 0.687500
vt 0.425000 0.335394
vt 0.450000 0.687500
vt 0.450000 0.335394
vt 0.475000 0.687500
vt 0.475000 0.335394
vt 0.500000 0.687500
vt 0.500000 0.335394
vt 0.525000 0.687500
vt 0.525000 0.335394
vt 0.550000 0.687500
vt 0.550000 0.335394
vt 0.575000 0.687500
vt 0.575000 0.335394
vt 0.600000 0.687500
vt 0.600000 0.335394
vt 0.625000 0.687500
vt 0.625000 0.335394
vt 0.626409 0.064409
vt 0.656250 0.156250
vt 0.625000 0.323609
vt 0.600000 0.324252
vt 0.625000 0.311560
vt 0.600000 0.311560
vt 0.548284 0.007647
vt 0.375000 0.311560
vt 0.375000 0.323609
vt 0.400000 0.324253
vt 0.400000 0.311560
vt 0.451716 0.007647
vt 0.425000 0.324297
vt 0.425000 0.311560
vt 0.373591 0.064409
vt 0.450000 0.324301
vt 0.450000 0.311560
vt 0.343750 0.156250
vt 0.475000 0.324301
vt 0.475000 0.311560
vt 0.373591 0.248091
vt 0.500000 0.324301
vt 0.500000 0.311560
vt 0.451716 0.304853
vt 0.525000 0.324301
vt 0.525000 0.311560
vt 0.548284 0.304853
vt 0.550000 0.324301
vt 0.550000 0.311560
vt 0.626409 0.248091
vt 0.575000 0.324297
vt 0.575000 0.311560
s 0
usemtl aiStandardSurface1
f 145/85/37 146/86/37 147/87/37
f 148/88/37 145/85/37 147/87/37
f 149/89/37 148/88/37 147/87/37
f 150/90/37 149/89/37 147/87/37
f 151/91/37 150/90/37 147/87/37
f 152/92/37 151/91/37 147/87/37
f 153/93/37 152/92/37 147/87/37
f 154/94/37 153/93/37 147/87/37
f 155/95/37 154/94/37 147/87/37
f 146/86/37 155/95/37 147/87/37
s 1
f 156/96/38 157/97/39 158/98/40
f 157/97/39 159/99/41 158/98/40
f 159/99/41 160/100/42 158/98/40
f 160/100/42 161/101/43 158/98/40
f 161/101/43 162/102/44 158/98/40
f 162/102/44 163/103/45 158/98/40
f 163/103/45 164/104/46 158/98/40
f 164/104/46 165/105/47 158/98/40
f 165/105/47 166/106/48 158/98/40
f 166/106/48 156/96/38 158/98/40
f 167/107/49 168/108/49 169/109/50
f 167/107/49 169/109/50 170/110/50
f 171/108/51 172/111/51 173/112/52
f 171/108/51 173/112/52 174/109/52
f 175/111/53 176/113/53 177/114/54
f 175/111/53 177/114/54 178/112/54
f 179/113/55 180/115/55 181/116/56
f 179/113/55 181/116/56 182/114/56
f 183/115/57 184/117/57 185/118/58
f 183/115/57 185/118/58 186/116/58
f 187/117/59 188/119/59 189/120/60
f 187/117/59 189/120/60 190/118/60
f 191/119/61 192/121/61 193/122/62
f 191/119/61 193/122/62 194/120/62
f 195/121/63 196/123/63 197/124/64
f 195/121/63 197/124/64 198/122/64
f 199/123/65 200/125/65 201/126/66
f 199/123/65 201/126/66 202/124/66
f 203/125/67 204/127/67 205/128/68
f 203/125/67 205/128/68 206/126/68
f 207/129/69 156/96/38 166/106/48
f 207/129/69 166/106/48 208/130/70
f 205/128/68 209/131/71 210/132/72
f 205/128/68 210/132/72 206/126/68
f 209/131/71 211/133/73 212/134/74
f 209/131/71 212/134/74 210/132/72
f 156/96/38 207/129/69 213/135/75
f 156/96/38 213/135/75 157/97/39
f 214/136/76 215/137/77 216/138/78
f 214/136/76 216/138/78 217/139/79
f 215/137/77 170/110/50 169/109/50
f 215/137/77 169/109/50 216/138/78
f 157/97/39 213/135/75 218/140/80
f 157/97/39 218/140/80 159/99/41
f 217/139/79 216/138/78 219/141/81
f 217/139/79 219/141/81 220/142/82
f 216/138/78 174/109/52 173/112/52
f 216/138/78 173/112/52 219/141/81
f 159/99/41 218/140/80 221/143/83
f 159/99/41 221/143/83 160/100/42
f 220/142/82 219/141/81 222/144/84
f 220/142/82 222/144/84 223/145/85
f 219/141/81 178/112/54 177/114/54
f 219/141/81 177/114/54 222/144/84
f 160/100/42 221/143/83 224/146/86
f 160/100/42 224/146/86 161/101/43
f 223/145/85 222/144/84 225/147/87
f 223/145/85 225/147/87 226/148/88
f 222/144/84 182/114/56 181/116/56
f 222/144/84 181/116/56 225/147/87
f 161/101/43 224/146/86 227/149/89
f 161/101/43 227/149/89 162/102/44
f 226/148/88 225/147/87 228/150/90
f 226/148/88 228/150/90 229/151/91
f 225/147/87 186/116/58 185/118/58
f 225/147/87 185/118/58 228/150/90
f 162/102/44 227/149/89 230/152/92
f 162/102/44 230/152/92 163/103/45
f 229/151/91 228/150/90 231/153/93
f 229/151/91 231/153/93 232/154/94
f 228/150/90 190/118/60 189/120/60
f 228/150/90 189/120/60 231/153/93
f 163/103/45 230/152/92 233/155/95
f 163/103/45 233/155/95 164/104/46
f 232/154/94 231/153/93 234/156/96
f 232/154/94 234/156/96 235/157/97
f 231/153/93 194/120/62 193/122/62
f 231/153/93 193/122/62 234/156/96
f 164/104/46 233/155/95 236/158/98
f 164/104/46 236/158/98 165/105/47
f 235/157/97 234/156/96 237/159/99
f 235/157/97 237/159/99 238/160/100
f 234/156/96 198/122/64 197/124/64
f 234/156/96 197/124/64 237/159/99
f 165/105/47 236/158/98 208/130/70
f 165/105/47 208/130/70 166/106/48
f 238/160/100 237/159/99 210/132/72
f 238/160/100 210/132/72 212/134/74
f 237/159/99 202/124/66 201/126/66
f 237/159/99 201/126/66 210/132/72
o pCylinder1_aiStandardSurface1_0
v -6.015272 2.475572 -6.990851
v -5.731193 1.918035 -6.990851
v -7.633307 1.300000 -6.990851
v -6.457736 2.918036 -6.990851
v -7.015273 3.202115 -6.990851
v -7.633307 3.300002 -6.990851
v -8.251342 3.202115 -6.990851
v -8.808878 2.918036 -6.990851
v -9.251342 2.475572 -6.990851
v -9.535421 1.918035 -6.990851
v -9.633308 1.300000 -6.990851
v -9.535421 0.681966 -6.990851
v -9.251342 0.124429 -6.990851
v -8.808878 -0.318034 -6.990851
v -8.251342 -0.602114 -6.990851
v -7.633307 -0.700000 -6.990851
v -7.015274 -0.602113 -6.990851
v -6.457737 -0.318034 -6.990851
v -6.015274 0.124429 -6.990851
v -5.731194 0.681966 -6.990851
v -5.633307 1.300000 -6.990851
v -5.731193 1.918035 -4.990850
v -6.015272 2.475572 -4.990850
v -7.633307 1.300000 -4.990850
v -6.457736 2.918036 -4.990850
v -7.015273 3.202115 -4.990850
v -7.633307 3.300002 -4.990850
v -8.251342 3.202115 -4.990850
v -8.808878 2.918036 -4.990850
v -9.251342 2.475572 -4.990850
v -9.535421 1.918035 -4.990850
v -9.633308 1.300000 -4.990850
v -9.535421 0.681966 -4.990850
v -9.251342 0.124429 -4.990850
v -8.808878 -0.318035 -4.990851
v -8.251342 -0.602114 -4.990851
v -7.633307 -0.700001 -4.990851
v -7.015274 -0.602114 -4.990851
v -6.457737 -0.318035 -4.990851
v -6.015274 0.124429 -4.990850
v -5.731194 0.681966 -4.990850
v -5.633307 1.300000 -4.990850
v -5.731193 1.918035 -6.990851
v -6.015272 2.475572 -6.990851
v -6.015272 2.475572 -4.990850
v -5.731193 1.918035 -4.990850
v -6.457736 2.918036 -6.990851
v -6.457736 2.918036 -4.990850
v -7.015273 3.202115 -6.990851
v -7.015273 3.202115 -4.990850
v -7.633307 3.300002 -6.990851
v -7.633307 3.300002 -4.990850
v -8.251342 3.202115 -6.990851
v -8.251342 3.202115 -4.990850
v -8.808878 2.918036 -6.990851
v -8.808878 2.918036 -4.990850
v -9.251342 2.475572 -6.990851
v -9.251342 2.475572 -4.990850
v -9.535421 1.918035 -6.990851
v -9.535421 1.918035 -4.990850
v -9.633308 1.300000 -6.990851
v -9.633308 1.300000 -4.990850
v -9.535421 0.681966 -6.990851
v -9.535421 0.681966 -4.990850
v -9.251342 0.124429 -6.990851
v -9.251342 0.124429 -4.990850
v -8.808878 -0.318034 -6.990851
v -8.808878 -0.318035 -4.990851
v -8.251342 -0.602114 -6.990851
v -8.251342 -0.602114 -4.990851
v -7.633307 -0.700000 -6.990851
v -7.633307 -0.700001 -4.990851
v -7.015274 -0.602113 -6.990851
v -7.015274 -0.602114 -4.990851
v -6.457737 -0.318034 -6.990851
v -6.457737 -0.318035 -4.990851
v -6.015274 0.124429 -6.990851
v -6.015274 0.124429 -4.990850
v -5.731194 0.681966 -6.990851
v -5.731194 0.681966 -4.990850
v -5.633307 1.300000 -6.990851
v -5.633307 1.300000 -4.990850
v -5.731193 1.918035 -6.990851
v -5.731193 1.918035 -4.990850
vn -0.0000 -0.0000 -1.0000
vn -0.0000 -0.0000 1.0000
vn 0.9510 0.3090 0.0001
vn 0.8090 0.5878 -0.0000
vn 0.9510 0.3090 -0.0000
vn 0.5878 0.8090 -0.0000
vn 0.3090 0.9511 -0.0000
vn -0.0000 1.0000 -0.0000
vn -0.3090 0.9511 -0.0000
vn -0.5878 0.8090 -0.0000
vn -0.8090 0.5878 -0.0000
vn -0.9511 0.3090 -0.0000
vn -1.0000 -0.0000 -0.0000
vn -0.9511 -0.3090 -0.0000
vn -0.8090 -0.5878 -0.0000
vn -0.5878 -0.8090 -0.0000
vn -0.3090 -0.9511 -0.0000
vn -0.0000 -1.0000 -0.0000
vn 0.3090 -0.9511 -0.0000
vn 0.5878 -0.8090 -0.0000
vn 0.8090 -0.5878 -0.0000
vn 0.9511 -0.3090 -0.0000
vn 1.0000 -0.0000 -0.0000
vn 0.9511 0.3090 -0.0000
vn 0.9511 0.3090 -0.0001
vt 0.626409 0.935592
vt 0.648603 0.892034
vt 0.500000 0.850000
vt 0.591842 0.970159
vt 0.548284 0.992353
vt 0.500000 1.000000
vt 0.451716 0.992353
vt 0.408159 0.970159
vt 0.373591 0.935591
vt 0.351397 0.892034
vt 0.343750 0.843750
vt 0.351397 0.795466
vt 0.373591 0.751909
vt 0.408159 0.717341
vt 0.451716 0.695147
vt 0.500000 0.687500
vt 0.548284 0.695147
vt 0.591841 0.717341
vt 0.626409 0.751909
vt 0.648603 0.795466
vt 0.656250 0.843750
vt 0.648603 0.107966
vt 0.626409 0.064409
vt 0.500000 0.162500
vt 0.591841 0.029841
vt 0.548284 0.007647
vt 0.500000 0.000000
vt 0.451716 0.007647
vt 0.408159 0.029841
vt 0.373591 0.064409
vt 0.351397 0.107966
vt 0.343750 0.156250
vt 0.351397 0.204534
vt 0.373591 0.248091
vt 0.408159 0.282659
vt 0.451716 0.304853
vt 0.500000 0.312500
vt 0.548284 0.304853
vt 0.591842 0.282659
vt 0.626409 0.248092
vt 0.648603 0.204534
vt 0.656250 0.156250
vt 0.375000 0.687500
vt 0.387500 0.687500
vt 0.387500 0.311560
vt 0.375000 0.311560
vt 0.400000 0.687500
vt 0.400000 0.311560
vt 0.412500 0.687500
vt 0.412500 0.311560
vt 0.425000 0.687500
vt 0.425000 0.311560
vt 0.437500 0.687500
vt 0.437500 0.311560
vt 0.450000 0.687500
vt 0.450000 0.311560
vt 0.462500 0.687500
vt 0.462500 0.311560
vt 0.475000 0.687500
vt 0.475000 0.311560
vt 0.487500 0.687500
vt 0.487500 0.311560
vt 0.500000 0.687500
vt 0.500000 0.311560
vt 0.512500 0.687500
vt 0.512500 0.311560
vt 0.525000 0.687500
vt 0.525000 0.311560
vt 0.537500 0.687500
vt 0.537500 0.311560
vt 0.550000 0.687500
vt 0.550000 0.311560
vt 0.562500 0.687500
vt 0.562500 0.311560
vt 0.575000 0.687500
vt 0.575000 0.311560
vt 0.587500 0.687500
vt 0.587500 0.311560
vt 0.600000 0.687500
vt 0.600000 0.311560
vt 0.612500 0.687500
vt 0.612500 0.311560
vt 0.625000 0.687500
vt 0.625000 0.311560
s 0
usemtl aiStandardSurface1
f 239/161/101 240/162/101 241/163/101
f 242/164/101 239/161/101 241/163/101
f 243/165/101 242/164/101 241/163/101
f 244/166/101 243/165/101 241/163/101
f 245/167/101 244/166/101 241/163/101
f 246/168/101 245/167/101 241/163/101
f 247/169/101 246/168/101 241/163/101
f 248/170/101 247/169/101 241/163/101
f 249/171/101 248/170/101 241/163/101
f 250/172/101 249/171/101 241/163/101
f 251/173/101 250/172/101 241/163/101
f 252/174/101 251/173/101 241/163/101
f 253/175/101 252/174/101 241/163/101
f 254/176/101 253/175/101 241/163/101
f 255/177/101 254/176/101 241/163/101
f 256/178/101 255/177/101 241/163/101
f 257/179/101 256/178/101 241/163/101
f 258/180/101 257/179/101 241/163/101
f 259/181/101 258/180/101 241/163/101
f 240/162/101 259/181/101 241/163/101
f 260/182/102 261/183/102 262/184/102
f 261/183/102 263/185/102 262/184/102
f 263/185/102 264/186/102 262/184/102
f 264/186/102 265/187/102 262/184/102
f 265/187/102 266/188/102 262/184/102
f 266/188/102 267/189/102 262/184/102
f 267/189/102 268/190/102 262/184/102
f 268/190/102 269/191/102 262/184/102
f 269/191/102 270/192/102 262/184/102
f 270/192/102 271/193/102 262/184/102
f 271/193/102 272/194/102 262/184/102
f 272/194/102 273/195/102 262/184/102
f 273/195/102 274/196/102 262/184/102
f 274/196/102 275/197/102 262/184/102
f 275/197/102 276/198/102 262/184/102
f 276/198/102 277/199/102 262/184/102
f 277/199/102 278/200/102 262/184/102
f 278/200/102 279/201/102 262/184/102
f 279/201/102 280/202/102 262/184/102
f 280/202/102 260/182/102 262/184/102
s 1
f 281/203/103 282/204/104 283/205/104
f 281/203/103 283/205/104 284/206/105
f 282/204/104 285/207/106 286/208/106
f 282/204/104 286/208/106 283/205/104
f 285/207/106 287/209/107 288/210/107
f 285/207/106 288/210/107 286/208/106
f 287/209/107 289/211/108 290/212/108
f 287/209/107 290/212/108 288/210/107
f 289/211/108 291/213/109 292/214/109
f 289/211/108 292/214/109 290/212/108
f 291/213/109 293/215/110 294/216/110
f 291/213/109 294/216/110 292/214/109
f 293/215/110 295/217/111 296/218/111
f 293/215/110 296/218/111 294/216/110
f 295/217/111 297/219/112 298/220/112
f 295/217/111 298/220/112 296/218/111
f 297/219/112 299/221/113 300/222/113
f 297/219/112 300/222/113 298/220/112
f 299/221/113 301/223/114 302/224/114
f 299/221/113 302/224/114 300/222/113
f 301/223/114 303/225/115 304/226/115
f 301/223/114 304/226/115 302/224/114
f 303/225/115 305/227/116 306/228/116
f 303/225/115 306/228/116 304/226/115
f 305/227/116 307/229/117 308/230/117
f 305/227/116 308/230/117 306/228/116
f 307/229/117 309/231/118 310/232/118
f 307/229/117 310/232/118 308/230/117
f 309/231/118 311/233/119 312/234/119
f 309/231/118 312/234/119 310/232/118
f 311/233/119 313/235/120 314/236/120
f 311/233/119 314/236/120 312/234/119
f 313/235/120 315/237/121 316/238/121
f 313/235/120 316/238/121 314/236/120
f 315/237/121 317/239/122 318/240/122
f 315/237/121 318/240/122 316/238/121
f 317/239/122 319/241/123 320/242/123
f 317/239/122 320/242/123 318/240/122
f 319/241/123 321/243/124 322/244/125
f 319/241/123 322/244/125 320/242/123
o pCylinder8_aiStandardSurface1_0
v -7.509701 1.680423 4.354400
v -7.309700 1.535115 4.354400
v -7.633307 1.300001 4.354400
v -7.756914 1.680423 4.354400
v -7.956914 1.535115 4.354400
v -8.033308 1.300001 4.354400
v -7.956914 1.064886 4.354400
v -7.756914 0.919578 4.354400
v -7.509701 0.919578 4.354400
v -7.309700 1.064886 4.354400
v -7.233307 1.300001 4.354400
v -7.471488 1.417569 7.354401
v -7.571498 1.490231 7.354401
v -7.633307 1.300000 7.354401
v -7.695117 1.490231 7.354401
v -7.795127 1.417569 7.354401
v -7.833328 1.300000 7.354401
v -7.795127 1.182431 7.354401
v -7.695117 1.109770 7.354401
v -7.571498 1.109770 7.354401
v -7.471488 1.182431 7.354401
v -7.433287 1.300000 7.354401
v -7.309700 1.535115 4.354400
v -7.509701 1.680423 4.354400
v -7.509701 1.680423 7.164208
v -7.309700 1.535114 7.164208
v -7.509701 1.680423 4.354400
v -7.756914 1.680423 4.354400
v -7.756914 1.680423 7.164208
v -7.509701 1.680423 7.164208
v -7.756914 1.680423 4.354400
v -7.956914 1.535115 4.354400
v -7.956914 1.535114 7.164208
v -7.756914 1.680423 7.164208
v -7.956914 1.535115 4.354400
v -8.033308 1.300001 4.354400
v -8.033308 1.300000 7.164208
v -7.956914 1.535114 7.164208
v -8.033308 1.300001 4.354400
v -7.956914 1.064886 4.354400
v -7.956914 1.064886 7.164208
v -8.033308 1.300000 7.164208
v -7.956914 1.064886 4.354400
v -7.756914 0.919578 4.354400
v -7.756914 0.919577 7.164208
v -7.956914 1.064886 7.164208
v -7.756914 0.919578 4.354400
v -7.509701 0.919578 4.354400
v -7.509701 0.919577 7.164208
v -7.756914 0.919577 7.164208
v -7.509701 0.919578 4.354400
v -7.309700 1.064886 4.354400
v -7.309700 1.064886 7.164208
v -7.509701 0.919577 7.164208
v -7.309700 1.064886 4.354400
v -7.233307 1.300001 4.354400
v -7.233307 1.300000 7.164208
v -7.309700 1.064886 7.164208
v -7.233307 1.300001 4.354400
v -7.309700 1.535115 4.354400
v -7.309700 1.535114 7.164208
v -7.233307 1.300000 7.164208
v -7.390594 1.476342 7.328920
v -7.333297 1.300000 7.328920
v -7.331376 1.519366 7.259305
v -7.260099 1.300000 7.259305
v -7.390594 1.476342 7.328920
v -7.333297 1.300000 7.328920
v -7.540599 1.585327 7.328920
v -7.390594 1.476342 7.328920
v -7.331376 1.519366 7.259305
v -7.517980 1.654942 7.259305
v -7.540599 1.585327 7.328920
v -7.726016 1.585327 7.328920
v -7.748635 1.654942 7.259305
v -7.726016 1.585327 7.328920
v -7.876021 1.476342 7.328920
v -7.935239 1.519366 7.259305
v -7.876021 1.476342 7.328920
v -7.933318 1.300000 7.328920
v -8.006516 1.300000 7.259305
v -7.933318 1.300000 7.328920
v -7.876021 1.123659 7.328920
v -7.935239 1.080634 7.259305
v -7.876021 1.123659 7.328920
v -7.726016 1.014673 7.328920
v -7.748635 0.945058 7.259305
v -7.726016 1.014673 7.328920
v -7.540599 1.014673 7.328920
v -7.517980 0.945058 7.259305
v -7.540599 1.014673 7.328920
v -7.390594 1.123659 7.328920
v -7.331376 1.080634 7.259305
v -7.390594 1.123659 7.328920
vn -0.0000 -0.0000 -1.0000
vn 0.1324 0.0962 0.9865
vn 0.0506 0.1556 0.9865
vn -0.0000 -0.0000 1.0000
vn -0.0506 0.1556 0.9865
vn -0.1324 0.0962 0.9865
vn -0.1636 -0.0000 0.9865
vn -0.1324 -0.0962 0.9865
vn -0.0506 -0.1556 0.9865
vn 0.0506 -0.1556 0.9865
vn 0.1324 -0.0962 0.9865
vn 0.1636 -0.0000 0.9865
vn 0.5878 0.8090 -0.0000
vn 0.5878 0.8090 0.0081
vn -0.0000 1.0000 -0.0000
vn -0.0000 1.0000 0.0081
vn -0.5878 0.8090 -0.0000
vn -0.5878 0.8090 0.0081
vn -0.9511 0.3090 -0.0000
vn -0.9510 0.3090 0.0081
vn -0.9511 -0.3090 -0.0000
vn -0.9510 -0.3090 0.0081
vn -0.5878 -0.8090 -0.0000
vn -0.5878 -0.8090 0.0081
vn -0.0000 -1.0000 -0.0000
vn -0.0000 -1.0000 0.0081
vn 0.5878 -0.8090 -0.0000
vn 0.5878 -0.8090 0.0081
vn 0.9511 -0.3090 -0.0000
vn 0.9510 -0.3090 0.0081
vn 0.9511 0.3090 -0.0000
vn 0.9510 0.3090 0.0081
vn 0.1998 0.1451 0.9690
vn 0.2469 -0.0000 0.9690
vn 0.7105 0.5162 0.4782
vn 0.8783 -0.0000 0.4781
vn 0.5576 0.4050 0.7246
vn 0.6892 -0.0000 0.7246
vn 0.0763 0.2349 0.9690
vn 0.5575 0.4051 0.7246
vn 0.7105 0.5163 0.4782
vn 0.2714 0.8353 0.4782
vn 0.2130 0.6554 0.7246
vn -0.0763 0.2349 0.9690
vn -0.2714 0.8353 0.4782
vn -0.2130 0.6554 0.7246
vn -0.1998 0.1452 0.9690
vn -0.7105 0.5162 0.4782
vn -0.5575 0.4051 0.7246
vn -0.2469 -0.0000 0.9690
vn -0.8783 -0.0000 0.4781
vn -0.6892 -0.0000 0.7246
vn -0.1998 -0.1451 0.9690
vn -0.7105 -0.5162 0.4782
vn -0.5575 -0.4051 0.7246
vn -0.0763 -0.2349 0.9690
vn -0.2714 -0.8353 0.4781
vn -0.2130 -0.6554 0.7246
vn 0.0763 -0.2349 0.9690
vn 0.2714 -0.8353 0.4782
vn 0.2130 -0.6554 0.7246
vn 0.1998 -0.1452 0.9690
vn 0.7105 -0.5162 0.4781
vn 0.5575 -0.4051 0.7246
vt 0.548284 0.992353
vt 0.626409 0.935591
vt 0.500000 0.850000
vt 0.451716 0.992353
vt 0.373591 0.935591
vt 0.343750 0.843750
vt 0.373591 0.751909
vt 0.451716 0.695147
vt 0.548284 0.695147
vt 0.626409 0.751909
vt 0.656250 0.843750
vt 0.563211 0.113449
vt 0.524144 0.085066
vt 0.500000 0.162500
vt 0.475856 0.085066
vt 0.436789 0.113449
vt 0.421867 0.159375
vt 0.436789 0.205300
vt 0.475856 0.233684
vt 0.524144 0.233683
vt 0.563211 0.205300
vt 0.578133 0.159375
vt 0.375000 0.687500
vt 0.400000 0.687500
vt 0.400000 0.335394
vt 0.375000 0.335394
vt 0.425000 0.687500
vt 0.425000 0.335394
vt 0.450000 0.687500
vt 0.450000 0.335394
vt 0.475000 0.687500
vt 0.475000 0.335394
vt 0.500000 0.687500
vt 0.500000 0.335394
vt 0.525000 0.687500
vt 0.525000 0.335394
vt 0.550000 0.687500
vt 0.550000 0.335394
vt 0.575000 0.687500
vt 0.575000 0.335394
vt 0.600000 0.687500
vt 0.600000 0.335394
vt 0.625000 0.687500
vt 0.625000 0.335394
vt 0.626409 0.064409
vt 0.656250 0.156250
vt 0.625000 0.323609
vt 0.600000 0.324252
vt 0.625000 0.311560
vt 0.600000 0.311560
vt 0.548284 0.007647
vt 0.375000 0.311560
vt 0.375000 0.323609
vt 0.400000 0.324253
vt 0.400000 0.311560
vt 0.451716 0.007647
vt 0.425000 0.324297
vt 0.425000 0.311560
vt 0.373591 0.064409
vt 0.450000 0.324301
vt 0.450000 0.311560
vt 0.343750 0.156250
vt 0.475000 0.324301
vt 0.475000 0.311560
vt 0.373591 0.248091
vt 0.500000 0.324301
vt 0.500000 0.311560
vt 0.451716 0.304853
vt 0.525000 0.324301
vt 0.525000 0.311560
vt 0.548284 0.304853
vt 0.550000 0.324301
vt 0.550000 0.311560
vt 0.626409 0.248091
vt 0.575000 0.324297
vt 0.575000 0.311560
s 0
usemtl aiStandardSurface1
f 323/245/126 324/246/126 325/247/126
f 326/248/126 323/245/126 325/247/126
f 327/249/126 326/248/126 325/247/126
f 328/250/126 327/249/126 325/247/126
f 329/251/126 328/250/126 325/247/126
f 330/252/126 329/251/126 325/247/126
f 331/253/126 330/252/126 325/247/126
f 332/254/126 331/253/126 325/247/126
f 333/255/126 332/254/126 325/247/126
f 324/246/126 333/255/126 325/247/126
s 1
f 334/256/127 335/257/128 336/258/129
f 335/257/128 337/259/130 336/258/129
f 337/259/130 338/260/131 336/258/129
f 338/260/131 339/261/132 336/258/129
f 339/261/132 340/262/133 336/258/129
f 340/262/133 341/263/134 336/258/129
f 341/263/134 342/264/135 336/258/129
f 342/264/135 343/265/136 336/258/129
f 343/265/136 344/266/137 336/258/129
f 344/266/137 334/256/127 336/258/129
f 345/267/138 346/268/138 347/269/139
f 345/267/138 347/269/139 348/270/139
f 349/268/140 350/271/140 351/272/141
f 349/268/140 351/272/141 352/269/141
f 353/271/142 354/273/142 355/274/143
f 353/271/142 355/274/143 356/272/143
f 357/273/144 358/275/144 359/276/145
f 357/273/144 359/276/145 360/274/145
f 361/275/146 362/277/146 363/278/147
f 361/275/146 363/278/147 364/276/147
f 365/277/148 366/279/148 367/280/149
f 365/277/148 367/280/149 368/278/149
f 369/279/150 370/281/150 371/282/151
f 369/279/150 371/282/151 372/280/151
f 373/281/152 374/283/152 375/284/153
f 373/281/152 375/284/153 376/282/153
f 377/283/154 378/285/154 379/286/155
f 377/283/154 379/286/155 380/284/155
f 381/285/156 382/287/156 383/288/157
f 381/285/156 383/288/157 384/286/157
f 385/289/158 334/256/127 344/266/137
f 385/289/158 344/266/137 386/290/159
f 383/288/157 387/291/160 388/292/161
f 383/288/157 388/292/161 384/286/157
f 387/291/160 389/293/162 390/294/163
f 387/291/160 390/294/163 388/292/161
f 334/256/127 385/289/158 391/295/164
f 334/256/127 391/295/164 335/257/128
f 392/296/165 393/297/166 394/298/167
f 392/296/165 394/298/167 395/299/168
f 393/297/166 348/270/139 347/269/139
f 393/297/166 347/269/139 394/298/167
f 335/257/128 391/295/164 396/300/169
f 335/257/128 396/300/169 337/259/130
f 395/299/168 394/298/167 397/301/170
f 395/299/168 397/301/170 398/302/171
f 394/298/167 352/269/141 351/272/141
f 394/298/167 351/272/141 397/301/170
f 337/259/130 396/300/169 399/303/172
f 337/259/130 399/303/172 338/260/131
f 398/302/171 397/301/170 400/304/173
f 398/302/171 400/304/173 401/305/174
f 397/301/170 356/272/143 355/274/143
f 397/301/170 355/274/143 400/304/173
f 338/260/131 399/303/172 402/306/175
f 338/260/131 402/306/175 339/261/132
f 401/305/174 400/304/173 403/307/176
f 401/305/174 403/307/176 404/308/177
f 400/304/173 360/274/145 359/276/145
f 400/304/173 359/276/145 403/307/176
f 339/261/132 402/306/175 405/309/178
f 339/261/132 405/309/178 340/262/133
f 404/308/177 403/307/176 406/310/179
f 404/308/177 406/310/179 407/311/180
f 403/307/176 364/276/147 363/278/147
f 403/307/176 363/278/147 406/310/179
f 340/262/133 405/309/178 408/312/181
f 340/262/133 408/312/181 341/263/134
f 407/311/180 406/310/179 409/313/182
f 407/311/180 409/313/182 410/314/183
f 406/310/179 368/278/149 367/280/149
f 406/310/179 367/280/149 409/313/182
f 341/263/134 408/312/181 411/315/184
f 341/263/134 411/315/184 342/264/135
f 410/314/183 409/313/182 412/316/185
f 410/314/183 412/316/185 413/317/186
f 409/313/182 372/280/151 371/282/151
f 409/313/182 371/282/151 412/316/185
f 342/264/135 411/315/184 414/318/187
f 342/264/135 414/318/187 343/265/136
f 413/317/186 412/316/185 415/319/188
f 413/317/186 415/319/188 416/320/189
f 412/316/185 376/282/153 375/284/153
f 412/316/185 375/284/153 415/319/188
f 343/265/136 414/318/187 386/290/159
f 343/265/136 386/290/159 344/266/137
f 416/320/189 415/319/188 388/292/161
f 416/320/189 388/292/161 390/294/163
f 415/319/188 380/284/155 379/286/155
f 415/319/188 379/286/155 388/292/161
o pCylinder5_aiStandardSurface1_0
v 6.970741 5.153534 -6.446939
v 6.984326 5.164741 -6.458514
v 6.962346 5.149633 -6.479756
v 6.953950 5.140837 -6.447901
v 6.940365 5.131499 -6.461030
v 6.935176 5.129088 -6.481312
v 6.940365 5.134525 -6.501000
v 6.953950 5.145732 -6.512574
v 6.970741 5.158430 -6.511612
v 6.984326 5.167767 -6.498484
v 6.989515 5.170177 -6.478201
v 7.999444 3.829927 -6.559555
v 7.985859 3.818719 -6.547981
v 7.977463 3.814819 -6.580798
v 7.969068 3.806022 -6.548942
v 7.955482 3.796685 -6.562071
v 7.950294 3.794274 -6.582353
v 7.955482 3.799711 -6.602041
v 7.969068 3.810918 -6.613615
v 7.985859 3.823615 -6.612654
v 7.999444 3.832952 -6.599525
v 8.004633 3.835363 -6.579243
v 6.997623 5.169257 -6.448124
v 6.977248 5.152447 -6.430764
v 7.023540 5.157179 -6.438990
v 7.011977 5.166489 -6.440978
v 6.986630 5.145578 -6.419383
v 6.996374 5.134767 -6.415845
v 7.011977 5.166489 -6.440978
v 6.997623 5.169257 -6.448124
v 6.977248 5.152447 -6.430764
v 6.986630 5.145578 -6.419383
v 6.952062 5.133403 -6.432206
v 6.996374 5.134767 -6.415845
v 6.986630 5.145578 -6.419383
v 6.955299 5.121887 -6.421176
v 6.962794 5.109375 -6.417767
v 6.952062 5.133403 -6.432206
v 6.955299 5.121887 -6.421176
v 6.931686 5.119398 -6.451898
v 6.962794 5.109375 -6.417767
v 6.929953 5.104465 -6.445673
v 6.935627 5.090703 -6.444022
v 6.931686 5.119398 -6.451898
v 6.923903 5.115782 -6.482319
v 6.935627 5.090703 -6.444022
v 6.920271 5.099967 -6.483516
v 6.925251 5.085881 -6.484582
v 6.923903 5.115782 -6.482319
v 6.931686 5.123936 -6.511849
v 6.925251 5.085881 -6.484582
v 6.929953 5.110110 -6.520251
v 6.935627 5.096753 -6.523955
v 6.931686 5.123936 -6.511849
v 6.952062 5.140745 -6.529209
v 6.935627 5.096753 -6.523955
v 6.955299 5.131021 -6.541846
v 6.962794 5.119165 -6.547100
v 6.952062 5.140745 -6.529209
v 6.977248 5.159790 -6.527767
v 6.962794 5.119165 -6.547100
v 6.955299 5.131021 -6.541846
v 6.986630 5.154712 -6.540053
v 6.996374 5.144557 -6.545178
v 6.977248 5.159790 -6.527767
v 6.986630 5.154712 -6.540053
v 6.997624 5.173795 -6.508075
v 6.996374 5.144557 -6.545178
v 7.011977 5.172134 -6.515556
v 7.023540 5.163229 -6.518923
v 6.997624 5.173795 -6.508075
v 7.005406 5.177411 -6.477654
v 7.023540 5.163229 -6.518923
v 7.021659 5.176632 -6.477713
v 7.033917 5.168051 -6.478363
v 7.005406 5.177411 -6.477654
v 6.997623 5.169257 -6.448124
v 7.011977 5.166489 -6.440978
v 7.011977 5.166489 -6.440978
v 7.023540 5.157179 -6.438990
v 7.033917 5.168051 -6.478363
v 7.021659 5.176632 -6.477713
v 7.977015 3.845286 -6.513454
v 8.004182 3.867699 -6.536600
v 7.943435 3.819895 -6.515377
v 7.977015 3.845286 -6.513454
v 7.916268 3.801222 -6.541632
v 7.943435 3.819895 -6.515377
v 7.905892 3.796401 -6.582192
v 7.916268 3.801222 -6.541632
v 7.916269 3.807273 -6.621564
v 7.905892 3.796401 -6.582192
v 7.943435 3.829685 -6.644710
v 7.916269 3.807273 -6.621564
v 7.977015 3.855077 -6.642788
v 7.943435 3.829685 -6.644710
v 8.004182 3.873749 -6.616532
v 7.977015 3.855077 -6.642788
v 8.014559 3.878571 -6.575972
v 8.004182 3.873749 -6.616532
v 8.004182 3.867699 -6.536600
v 8.014559 3.878571 -6.575972
v 8.009856 3.854342 -6.540303
v 7.984509 3.833430 -6.518708
v 8.008122 3.840516 -6.548705
v 7.987747 3.823706 -6.531346
v 8.008122 3.840516 -6.548705
v 8.009856 3.854342 -6.540303
v 7.984509 3.833430 -6.518708
v 7.987747 3.823706 -6.531346
v 7.953179 3.809739 -6.520502
v 7.962561 3.804662 -6.532787
v 7.953179 3.809739 -6.520502
v 7.953179 3.809739 -6.520502
v 7.927832 3.792317 -6.544999
v 7.942185 3.790657 -6.552480
v 7.927832 3.792317 -6.544999
v 7.927832 3.792317 -6.544999
v 7.918150 3.787819 -6.582842
v 7.934402 3.787041 -6.582901
v 7.918150 3.787819 -6.582842
v 7.918150 3.787819 -6.582842
v 7.927832 3.797963 -6.619577
v 7.942185 3.795195 -6.612431
v 7.927832 3.797963 -6.619577
v 7.953179 3.818874 -6.641172
v 7.962561 3.812005 -6.629791
v 7.953179 3.818874 -6.641172
v 7.984509 3.842565 -6.639379
v 7.987747 3.831049 -6.628349
v 7.984509 3.842565 -6.639379
v 8.009856 3.859987 -6.614882
v 8.008122 3.845054 -6.608657
v 8.009856 3.859987 -6.614882
v 8.019538 3.864485 -6.577038
v 8.015905 3.848670 -6.578236
v 8.019538 3.864485 -6.577038
v 8.009856 3.854342 -6.540303
vn -0.5623 0.8027 0.1985
vn -0.5048 0.8502 0.1495
vn -0.6042 0.7945 0.0601
vn -0.6335 0.7489 0.1944
vn -0.6910 0.7094 0.1388
vn -0.7130 0.6992 0.0529
vn -0.6910 0.7222 -0.0305
vn -0.6335 0.7697 -0.0795
vn -0.5623 0.8235 -0.0754
vn -0.5048 0.8630 -0.0198
vn -0.4828 0.8732 0.0661
vn 0.6910 -0.7222 0.0305
vn 0.6335 -0.7697 0.0795
vn 0.6042 -0.7945 -0.0601
vn 0.5623 -0.8235 0.0754
vn 0.5048 -0.8630 0.0198
vn 0.4828 -0.8732 -0.0661
vn 0.5048 -0.8502 -0.1495
vn 0.5623 -0.8027 -0.1985
vn 0.6335 -0.7489 -0.1944
vn 0.6910 -0.7094 -0.1388
vn 0.7130 -0.6992 -0.0529
vn -0.1984 0.9096 0.3651
vn -0.3986 0.7444 0.5357
vn 0.4669 0.2950 0.8337
vn 0.2720 0.5118 0.8149
vn -0.0497 0.8937 0.4460
vn -0.1984 0.9096 0.3652
vn -0.3054 0.6827 0.6638
vn -0.6435 0.7188 0.2631
vn -0.0015 -0.0735 0.9973
vn -0.1760 0.1593 0.9714
vn -0.6214 0.4438 0.6457
vn -0.6536 0.2067 0.7281
vn -0.8464 0.4196 0.3280
vn -0.4698 -0.4133 0.7800
vn -0.8661 -0.0342 0.4987
vn -0.9228 0.3841 0.0291
vn -0.7593 -0.5944 0.2649
vn -0.9955 -0.0943 -0.0071
vn -0.9229 0.3840 0.0291
vn -0.8463 0.4642 -0.2611
vn -0.7593 -0.5478 -0.3514
vn -0.8661 0.0413 -0.4981
vn -0.7593 -0.5477 -0.3514
vn -0.8464 0.4642 -0.2611
vn -0.6461 0.6294 -0.4317
vn -0.4698 -0.2911 -0.8334
vn -0.6536 0.3140 -0.6887
vn -0.6461 0.6294 -0.4318
vn -0.5357 0.8317 -0.1457
vn -0.0015 0.0774 -0.9970
vn -0.1760 0.3037 -0.9364
vn -0.3054 0.7749 -0.5534
vn -0.0751 0.7514 -0.6555
vn -0.4485 0.8916 -0.0615
vn 0.4669 0.4172 -0.7798
vn 0.2303 0.8703 -0.4354
vn -0.0497 0.9506 -0.3063
vn -0.1219 0.9897 0.0749
vn 0.7563 0.5983 -0.2646
vn 0.2634 0.9632 -0.0531
vn -0.1983 0.9096 0.3651
vn -0.0497 0.8937 0.4459
vn 0.5489 0.7573 0.3538
vn 0.7563 0.5517 0.3517
vn 0.7563 0.5516 0.3517
vn 0.4698 0.2911 0.8334
vn 0.0015 -0.0774 0.9970
vn -0.4669 -0.4172 0.7798
vn -0.4669 -0.4172 0.7797
vn -0.7563 -0.5983 0.2646
vn -0.7563 -0.5516 -0.3517
vn -0.7563 -0.5517 -0.3517
vn -0.4669 -0.2950 -0.8337
vn 0.0015 0.0735 -0.9973
vn 0.4698 0.4133 -0.7800
vn 0.7593 0.5944 -0.2649
vn 0.7593 0.5478 0.3514
vn 0.7593 0.5477 0.3514
vn 0.8661 -0.0412 0.4982
vn 0.5273 -0.3207 0.7868
vn 0.7306 -0.6783 0.0776
vn 0.6435 -0.7502 0.1519
vn 0.8771 -0.3250 0.3537
vn 0.8661 -0.0413 0.4981
vn 0.5274 -0.3208 0.7868
vn 0.6214 -0.5359 0.5715
vn 0.5273 -0.3208 0.7868
vn 0.2656 -0.6132 0.7440
vn 0.3986 -0.8166 0.4175
vn 0.2656 -0.6132 0.7439
vn -0.2720 -0.6287 0.7286
vn 0.1984 -0.9542 0.2240
vn 0.0497 -0.9506 0.3063
vn -0.5489 -0.8019 0.2358
vn 0.1219 -0.9897 -0.0749
vn -0.2634 -0.9443 -0.1975
vn -0.2634 -0.9442 -0.1976
vn -0.2303 -0.7948 -0.5614
vn 0.1984 -0.9096 -0.3651
vn -0.2302 -0.7949 -0.5614
vn -0.2303 -0.7948 -0.5615
vn 0.1085 -0.5153 -0.8501
vn 0.3986 -0.7444 -0.5357
vn 0.1086 -0.5154 -0.8501
vn 0.5273 -0.1987 -0.8261
vn 0.6461 -0.5572 -0.5216
vn 0.5273 -0.1986 -0.8261
vn 0.8661 0.0342 -0.4987
vn 0.8464 -0.4196 -0.3280
vn 0.8661 0.0341 -0.4987
vn 0.8661 0.0343 -0.4987
vn 0.9955 0.0943 0.0071
vn 0.9228 -0.3841 -0.0291
vn 0.8661 -0.0412 0.4981
vn 0.9955 0.0944 0.0072
vt 0.524144 0.921183
vt 0.563211 0.892800
vt 0.500000 0.850000
vt 0.475856 0.921183
vt 0.436789 0.892800
vt 0.421867 0.846875
vt 0.436789 0.800949
vt 0.475856 0.772566
vt 0.524144 0.772566
vt 0.563211 0.800949
vt 0.578133 0.846875
vt 0.563211 0.113449
vt 0.524144 0.085066
vt 0.500000 0.162500
vt 0.475856 0.085066
vt 0.436789 0.113449
vt 0.421867 0.159375
vt 0.436789 0.205300
vt 0.475855 0.233684
vt 0.524144 0.233684
vt 0.563211 0.205300
vt 0.578133 0.159375
vt 0.626409 0.935591
vt 0.548284 0.992353
vt 0.375000 0.681066
vt 0.375000 0.684247
vt 0.400000 0.684097
vt 0.400000 0.681116
vt 0.375000 0.687500
vt 0.400000 0.687500
vt 0.451716 0.992353
vt 0.425000 0.684063
vt 0.425000 0.681066
vt 0.425000 0.687500
vt 0.373591 0.935591
vt 0.450000 0.684063
vt 0.450000 0.681067
vt 0.450000 0.687500
vt 0.343750 0.843750
vt 0.475000 0.684084
vt 0.475000 0.681116
vt 0.475000 0.687500
vt 0.373591 0.751909
vt 0.500000 0.684062
vt 0.500000 0.681066
vt 0.500000 0.687500
vt 0.451716 0.695147
vt 0.525000 0.684062
vt 0.525000 0.681066
vt 0.525000 0.687500
vt 0.548284 0.695147
vt 0.550000 0.684085
vt 0.550000 0.681116
vt 0.550000 0.687500
vt 0.626409 0.751909
vt 0.575000 0.684087
vt 0.575000 0.681116
vt 0.575000 0.687500
vt 0.656250 0.843750
vt 0.600000 0.684078
vt 0.600000 0.681067
vt 0.600000 0.687500
vt 0.625000 0.687500
vt 0.625000 0.684273
vt 0.625000 0.681116
vt 0.400000 0.317943
vt 0.375000 0.317943
vt 0.425000 0.317943
vt 0.450000 0.317943
vt 0.475000 0.317946
vt 0.500000 0.317943
vt 0.525000 0.317943
vt 0.550000 0.317943
vt 0.575000 0.317944
vt 0.600000 0.317943
vt 0.625000 0.317944
vt 0.375000 0.311560
vt 0.400000 0.311560
vt 0.594299 0.089069
vt 0.536019 0.046726
vt 0.626409 0.064409
vt 0.548284 0.007647
vt 0.425000 0.311560
vt 0.463981 0.046726
vt 0.451716 0.007647
vt 0.450000 0.311560
vt 0.405701 0.089069
vt 0.373591 0.064409
vt 0.475000 0.311560
vt 0.383439 0.157582
vt 0.343750 0.156250
vt 0.500000 0.311560
vt 0.405701 0.226094
vt 0.373591 0.248091
vt 0.525000 0.311560
vt 0.463981 0.268437
vt 0.451716 0.304853
vt 0.550000 0.311560
vt 0.536019 0.268437
vt 0.548284 0.304853
vt 0.575000 0.311560
vt 0.594299 0.226094
vt 0.626409 0.248091
vt 0.600000 0.311560
vt 0.616561 0.157582
vt 0.656250 0.156250
vt 0.625000 0.311560
s 1
usemtl aiStandardSurface1
f 417/321/190 418/322/191 419/323/192
f 420/324/193 417/321/190 419/323/192
f 421/325/194 420/324/193 419/323/192
f 422/326/195 421/325/194 419/323/192
f 423/327/196 422/326/195 419/323/192
f 424/328/197 423/327/196 419/323/192
f 425/329/198 424/328/197 419/323/192
f 426/330/199 425/329/198 419/323/192
f 427/331/200 426/330/199 419/323/192
f 418/322/191 427/331/200 419/323/192
f 428/332/201 429/333/202 430/334/203
f 429/333/202 431/335/204 430/334/203
f 431/335/204 432/336/205 430/334/203
f 432/336/205 433/337/206 430/334/203
f 433/337/206 434/338/207 430/334/203
f 434/338/207 435/339/208 430/334/203
f 435/339/208 436/340/209 430/334/203
f 436/340/209 437/341/210 430/334/203
f 437/341/210 438/342/211 430/334/203
f 438/342/211 428/332/201 430/334/203
f 439/343/212 418/322/191 417/321/190
f 439/343/212 417/321/190 440/344/213
f 441/345/214 442/346/215 443/347/215
f 441/345/214 443/347/215 444/348/214
f 445/346/216 446/349/217 447/350/213
f 445/346/216 447/350/213 448/347/218
f 440/344/213 417/321/190 420/324/193
f 440/344/213 420/324/193 449/351/219
f 450/348/220 451/347/221 452/352/221
f 450/348/220 452/352/221 453/353/220
f 448/347/218 447/350/213 454/354/222
f 448/347/218 454/354/222 455/352/223
f 449/351/219 420/324/193 421/325/194
f 449/351/219 421/325/194 456/355/224
f 457/353/225 455/352/223 458/356/226
f 457/353/225 458/356/226 459/357/225
f 455/352/223 454/354/222 460/358/224
f 455/352/223 460/358/224 458/356/226
f 456/355/224 421/325/194 422/326/195
f 456/355/224 422/326/195 461/359/227
f 462/357/228 458/356/226 463/360/229
f 462/357/228 463/360/229 464/361/228
f 458/356/226 460/358/224 465/362/230
f 458/356/226 465/362/230 463/360/229
f 461/359/227 422/326/195 423/327/196
f 461/359/227 423/327/196 466/363/231
f 467/361/232 463/360/229 468/364/233
f 467/361/232 468/364/233 469/365/234
f 463/360/229 465/362/230 470/366/235
f 463/360/229 470/366/235 468/364/233
f 466/363/231 423/327/196 424/328/197
f 466/363/231 424/328/197 471/367/236
f 472/365/237 468/364/233 473/368/238
f 472/365/237 473/368/238 474/369/237
f 468/364/233 470/366/235 475/370/239
f 468/364/233 475/370/239 473/368/238
f 471/367/236 424/328/197 425/329/198
f 471/367/236 425/329/198 476/371/240
f 477/369/241 478/368/242 479/372/242
f 477/369/241 479/372/242 480/373/241
f 473/368/238 475/370/239 481/374/243
f 473/368/238 481/374/243 482/372/244
f 476/371/240 425/329/198 426/330/199
f 476/371/240 426/330/199 483/375/245
f 484/373/246 482/372/244 485/376/247
f 484/373/246 485/376/247 486/377/246
f 482/372/244 481/374/243 487/378/248
f 482/372/244 487/378/248 485/376/247
f 483/375/245 426/330/199 427/331/200
f 483/375/245 427/331/200 488/379/249
f 489/377/250 485/376/247 490/380/251
f 489/377/250 490/380/251 491/381/250
f 485/376/247 487/378/248 492/382/249
f 485/376/247 492/382/249 490/380/251
f 418/322/191 439/343/212 488/379/249
f 418/322/191 488/379/249 427/331/200
f 493/383/252 494/384/253 490/380/251
f 493/383/252 490/380/251 492/382/249
f 495/384/254 496/385/255 497/381/256
f 495/384/254 497/381/256 498/380/254
f 441/345/214 444/348/214 499/386/257
f 441/345/214 499/386/257 500/387/257
f 450/348/220 453/353/220 501/388/258
f 450/348/220 501/388/258 502/386/258
f 457/353/225 459/357/225 503/389/259
f 457/353/225 503/389/259 504/388/260
f 462/357/228 464/361/228 505/390/261
f 462/357/228 505/390/261 506/389/261
f 467/361/232 469/365/234 507/391/262
f 467/361/232 507/391/262 508/390/263
f 472/365/237 474/369/237 509/392/264
f 472/365/237 509/392/264 510/391/264
f 477/369/241 480/373/241 511/393/265
f 477/369/241 511/393/265 512/392/265
f 484/373/246 486/377/246 513/394/266
f 484/373/246 513/394/266 514/393/266
f 489/377/250 491/381/250 515/395/267
f 489/377/250 515/395/267 516/394/267
f 497/381/256 496/385/255 517/396/268
f 497/381/256 517/396/268 518/395/269
f 519/397/270 500/387/257 499/386/257
f 519/397/270 499/386/257 520/398/271
f 428/332/201 521/399/272 522/400/273
f 428/332/201 522/400/273 429/333/202
f 523/399/274 524/401/275 525/402/276
f 523/399/274 525/402/276 526/400/277
f 520/398/278 502/386/258 501/388/258
f 520/398/278 501/388/258 527/403/279
f 429/333/202 522/400/273 528/404/280
f 429/333/202 528/404/280 431/335/204
f 526/400/277 525/402/276 529/405/281
f 526/400/277 529/405/281 528/404/280
f 530/403/282 504/388/260 503/389/259
f 530/403/282 503/389/259 531/406/282
f 431/335/204 528/404/280 532/407/283
f 431/335/204 532/407/283 432/336/205
f 528/404/280 529/405/281 533/408/284
f 528/404/280 533/408/284 532/407/283
f 534/406/285 506/389/261 505/390/261
f 534/406/285 505/390/261 535/409/285
f 432/336/205 532/407/283 536/410/286
f 432/336/205 536/410/286 433/337/206
f 532/407/283 533/408/284 537/411/287
f 532/407/283 537/411/287 536/410/286
f 538/409/288 508/390/263 507/391/262
f 538/409/288 507/391/262 539/412/289
f 433/337/206 536/410/286 540/413/290
f 433/337/206 540/413/290 434/338/207
f 536/410/286 537/411/287 541/414/291
f 536/410/286 541/414/291 540/413/290
f 539/412/292 510/391/264 509/392/264
f 539/412/292 509/392/264 542/415/293
f 434/338/207 540/413/290 543/416/294
f 434/338/207 543/416/294 435/339/208
f 540/413/290 541/414/291 544/417/295
f 540/413/290 544/417/295 543/416/294
f 542/415/293 512/392/265 511/393/265
f 542/415/293 511/393/265 545/418/296
f 435/339/208 543/416/294 546/419/297
f 435/339/208 546/419/297 436/340/209
f 543/416/294 544/417/295 547/420/296
f 543/416/294 547/420/296 546/419/297
f 545/418/298 514/393/266 513/394/266
f 545/418/298 513/394/266 548/421/299
f 436/340/209 546/419/297 549/422/300
f 436/340/209 549/422/300 437/341/210
f 546/419/297 547/420/296 550/423/301
f 546/419/297 550/423/301 549/422/300
f 548/421/302 516/394/267 515/395/267
f 548/421/302 515/395/267 551/424/303
f 437/341/210 549/422/300 552/425/304
f 437/341/210 552/425/304 438/342/211
f 549/422/300 550/423/301 553/426/303
f 549/422/300 553/426/303 552/425/304
f 517/396/268 554/427/305 551/424/306
f 517/396/268 551/424/306 518/395/269
f 524/401/275 523/399/274 552/425/304
f 524/401/275 552/425/304 553/426/303
f 521/399/272 428/332/201 438/342/211
f 521/399/272 438/342/211 552/425/304
o pCylinder4_aiStandardSurface1_0
v 7.927343 5.190572 -6.444136
v 7.941922 5.182693 -6.457155
v 7.918333 5.198468 -6.476060
v 7.909323 5.201467 -6.443311
v 7.894744 5.211216 -6.454996
v 7.889175 5.216095 -6.474726
v 7.894744 5.214242 -6.494966
v 7.909323 5.206363 -6.507984
v 7.927343 5.195468 -6.508809
v 7.941922 5.185719 -6.497125
v 7.947490 5.180840 -6.477394
v 7.070925 3.750210 -6.565589
v 7.056346 3.758089 -6.552570
v 7.047336 3.765984 -6.584495
v 7.038325 3.768984 -6.551746
v 7.023747 3.778733 -6.563430
v 7.018178 3.783612 -6.583160
v 7.023747 3.781758 -6.603400
v 7.038325 3.773879 -6.616419
v 7.056346 3.762985 -6.617244
v 7.070925 3.753236 -6.605559
v 7.076493 3.748357 -6.585829
v 7.951732 5.171549 -6.447950
v 7.929866 5.183367 -6.428424
v 7.950715 5.142598 -6.440094
v 7.954951 5.156873 -6.441706
v 7.927749 5.171574 -6.417415
v 7.921560 5.158353 -6.414059
v 7.954951 5.156873 -6.441706
v 7.951732 5.171549 -6.447950
v 7.929866 5.183367 -6.428424
v 7.927749 5.171574 -6.417415
v 7.902837 5.199708 -6.427187
v 7.921560 5.158353 -6.414059
v 7.927749 5.171574 -6.417415
v 7.894126 5.191901 -6.415876
v 7.885524 5.180140 -6.412410
v 7.902837 5.199708 -6.427187
v 7.894126 5.191901 -6.415876
v 7.880970 5.214330 -6.444712
v 7.885524 5.180140 -6.412410
v 7.866924 5.210091 -6.437677
v 7.856369 5.199636 -6.435776
v 7.880970 5.214330 -6.444712
v 7.872618 5.221648 -6.474305
v 7.856369 5.199636 -6.435776
v 7.856534 5.219195 -6.474491
v 7.845233 5.209394 -6.475233
v 7.872618 5.221648 -6.474305
v 7.880970 5.218868 -6.504663
v 7.845233 5.209394 -6.475233
v 7.866924 5.215736 -6.512256
v 7.856369 5.205687 -6.515709
v 7.880970 5.218868 -6.504663
v 7.902837 5.207050 -6.524190
v 7.856369 5.205687 -6.515709
v 7.894126 5.201035 -6.536547
v 7.885524 5.189930 -6.541743
v 7.902837 5.207050 -6.524190
v 7.929865 5.190710 -6.525427
v 7.885524 5.189930 -6.541743
v 7.894126 5.201035 -6.536547
v 7.927749 5.180708 -6.538085
v 7.921561 5.168144 -6.543393
v 7.929865 5.190710 -6.525427
v 7.927749 5.180708 -6.538085
v 7.951732 5.176087 -6.507901
v 7.921561 5.168144 -6.543393
v 7.954951 5.162518 -6.516284
v 7.950715 5.148648 -6.520027
v 7.951732 5.176087 -6.507901
v 7.960084 5.168769 -6.478308
v 7.950715 5.148648 -6.520027
v 7.965341 5.153414 -6.479470
v 7.961851 5.138890 -6.480570
v 7.960084 5.168769 -6.478308
v 7.951732 5.171549 -6.447950
v 7.954951 5.156873 -6.441706
v 7.954951 5.156873 -6.441706
v 7.950715 5.142598 -6.440094
v 7.961851 5.138890 -6.480570
v 7.965341 5.153414 -6.479470
v 7.080145 3.774521 -6.518811
v 7.109299 3.758765 -6.544846
v 7.044108 3.796308 -6.517162
v 7.080145 3.774521 -6.518811
v 7.014954 3.815804 -6.540528
v 7.044108 3.796308 -6.517162
v 7.003818 3.825562 -6.579985
v 7.014954 3.815804 -6.540528
v 7.014954 3.821854 -6.620461
v 7.003818 3.825562 -6.579985
v 7.044108 3.806098 -6.646495
v 7.014954 3.821854 -6.620461
v 7.080145 3.784312 -6.648144
v 7.044108 3.806098 -6.646495
v 7.109299 3.764816 -6.624778
v 7.080145 3.784312 -6.648144
v 7.120435 3.755058 -6.585321
v 7.109299 3.764816 -6.624778
v 7.109299 3.758765 -6.544846
v 7.120435 3.755058 -6.585321
v 7.098744 3.748715 -6.548299
v 7.071543 3.763416 -6.524008
v 7.084698 3.745584 -6.555892
v 7.062831 3.757401 -6.536365
v 7.084698 3.745584 -6.555892
v 7.098744 3.748715 -6.548299
v 7.071543 3.763416 -6.524008
v 7.062831 3.757401 -6.536365
v 7.037920 3.783743 -6.522470
v 7.035803 3.773742 -6.535128
v 7.037920 3.783743 -6.522470
v 7.037920 3.783743 -6.522470
v 7.010718 3.801934 -6.544271
v 7.013937 3.788364 -6.552653
v 7.010718 3.801934 -6.544271
v 7.010718 3.801934 -6.544271
v 7.000328 3.811038 -6.581084
v 7.005584 3.795683 -6.582246
v 7.000328 3.811038 -6.581084
v 7.000328 3.811038 -6.581084
v 7.010718 3.807579 -6.618849
v 7.013937 3.792902 -6.612605
v 7.010718 3.807579 -6.618849
v 7.037920 3.792878 -6.643140
v 7.035803 3.781085 -6.632131
v 7.037920 3.792878 -6.643140
v 7.071543 3.772551 -6.644679
v 7.062831 3.764744 -6.633368
v 7.071543 3.772551 -6.644679
v 7.098744 3.754361 -6.622878
v 7.084698 3.750122 -6.615843
v 7.098744 3.754361 -6.622878
v 7.109135 3.745256 -6.586063
v 7.093050 3.742804 -6.586249
v 7.109135 3.745256 -6.586063
v 7.098744 3.748715 -6.548299
vn 0.5512 0.8103 0.1991
vn 0.6129 0.7769 0.1439
vn 0.5185 0.8527 0.0645
vn 0.4749 0.8564 0.2026
vn 0.4131 0.8977 0.1531
vn 0.3895 0.9184 0.0695
vn 0.4131 0.9105 -0.0162
vn 0.4749 0.8772 -0.0713
vn 0.5512 0.8310 -0.0748
vn 0.6129 0.7897 -0.0254
vn 0.6365 0.7691 0.0582
vn -0.4131 -0.9105 0.0162
vn -0.4749 -0.8772 0.0713
vn -0.5185 -0.8527 -0.0645
vn -0.5512 -0.8310 0.0748
vn -0.6129 -0.7897 0.0253
vn -0.6365 -0.7691 -0.0582
vn -0.6129 -0.7769 -0.1439
vn -0.5512 -0.8103 -0.1991
vn -0.4749 -0.8564 -0.2026
vn -0.4131 -0.8977 -0.1531
vn -0.3895 -0.9184 -0.0695
vn 0.7959 0.5047 0.3345
vn 0.5810 0.6208 0.5264
vn 0.5039 -0.3628 0.7839
vn 0.6318 -0.1007 0.7685
vn 0.6319 -0.1007 0.7685
vn 0.8415 0.3570 0.4054
vn 0.7959 0.5046 0.3345
vn 0.5672 0.5053 0.6504
vn 0.4481 0.8513 0.2731
vn 0.0013 -0.0734 0.9973
vn 0.1510 0.1762 0.9727
vn 0.2280 0.7104 0.6659
vn 0.0022 0.6482 0.7615
vn 0.1005 0.9251 0.3663
vn -0.5013 0.2449 0.8299
vn -0.3155 0.7666 0.5593
vn 0.0185 0.9970 0.0754
vn -0.8120 0.4704 0.3455
vn -0.4544 0.8883 0.0672
vn 0.0184 0.9970 0.0755
vn 0.1005 0.9696 -0.2229
vn -0.8120 0.5171 -0.2708
vn -0.3155 0.8420 -0.4375
vn 0.1005 0.9697 -0.2229
vn 0.3154 0.8535 -0.4147
vn -0.5013 0.3670 -0.7835
vn 0.0022 0.7554 -0.6552
vn 0.3154 0.8535 -0.4148
vn 0.5637 0.8128 -0.1472
vn 0.0013 0.0776 -0.9970
vn 0.1510 0.3206 -0.9351
vn 0.5672 0.5975 -0.5669
vn 0.6230 0.3801 -0.6837
vn 0.6573 0.7502 -0.0722
vn 0.5039 -0.2407 -0.8296
vn 0.8611 0.1307 -0.4914
vn 0.8416 0.4140 -0.3470
vn 0.8780 0.4774 0.0362
vn 0.8145 -0.4663 -0.3452
vn 0.9863 0.1164 -0.1173
vn 0.8145 -0.4662 -0.3452
vn 0.8780 0.4773 0.0361
vn 0.8416 0.3570 0.4053
vn 0.9290 -0.2443 0.2780
vn 0.8145 -0.5129 0.2711
vn 0.5013 -0.3670 0.7835
vn -0.0013 -0.0776 0.9970
vn -0.5039 0.2407 0.8295
vn -0.8145 0.4663 0.3452
vn -0.8145 0.4662 0.3452
vn -0.8145 0.5129 -0.2711
vn -0.5039 0.3628 -0.7839
vn -0.0013 0.0734 -0.9973
vn 0.5014 -0.2449 -0.8299
vn 0.5013 -0.2449 -0.8299
vn 0.8120 -0.4704 -0.3455
vn 0.8120 -0.5171 0.2708
vn 0.3155 -0.8420 0.4376
vn -0.0480 -0.6456 0.7622
vn -0.3545 -0.9332 0.0583
vn -0.4481 -0.8827 0.1419
vn 0.0464 -0.9508 0.3063
vn 0.3155 -0.8421 0.4375
vn -0.0481 -0.6456 0.7622
vn -0.2280 -0.8025 0.5514
vn -0.0481 -0.6455 0.7623
vn -0.4185 -0.5095 0.7518
vn -0.5810 -0.6929 0.4269
vn -0.4186 -0.5096 0.7517
vn -0.6319 -0.0161 0.7749
vn -0.7959 -0.5492 0.2547
vn -0.8416 -0.4140 0.3470
vn -0.9290 0.1996 0.3116
vn -0.8780 -0.4773 -0.0361
vn -0.9863 -0.0974 -0.1334
vn -0.9863 -0.0973 -0.1335
vn -0.8611 -0.0552 -0.5054
vn -0.7959 -0.5046 -0.3345
vn -0.8611 -0.0553 -0.5054
vn -0.8611 -0.0552 -0.5055
vn -0.4975 -0.2517 -0.8301
vn -0.5810 -0.6208 -0.5264
vn -0.4975 -0.2518 -0.8301
vn -0.4975 -0.2517 -0.8302
vn -0.0481 -0.5234 -0.8507
vn -0.3154 -0.7814 -0.5385
vn -0.0481 -0.5235 -0.8507
vn -0.0480 -0.5234 -0.8507
vn 0.3155 -0.7666 -0.5593
vn -0.1005 -0.9251 -0.3663
vn 0.3154 -0.7666 -0.5593
vn 0.3156 -0.7666 -0.5593
vn 0.4544 -0.8882 -0.0673
vn -0.0185 -0.9970 -0.0755
vn 0.4543 -0.8883 -0.0673
vn 0.3155 -0.8420 0.4375
vn 0.4544 -0.8882 -0.0672
vt 0.524144 0.921183
vt 0.563211 0.892800
vt 0.500000 0.850000
vt 0.475856 0.921183
vt 0.436789 0.892800
vt 0.421867 0.846875
vt 0.436789 0.800949
vt 0.475856 0.772566
vt 0.524144 0.772566
vt 0.563211 0.800949
vt 0.578133 0.846875
vt 0.563211 0.113449
vt 0.524144 0.085066
vt 0.500000 0.162500
vt 0.475856 0.085066
vt 0.436789 0.113449
vt 0.421867 0.159375
vt 0.436789 0.205300
vt 0.475855 0.233684
vt 0.524144 0.233684
vt 0.563211 0.205300
vt 0.578133 0.159375
vt 0.626409 0.935591
vt 0.548284 0.992353
vt 0.375000 0.681066
vt 0.375000 0.684247
vt 0.400000 0.684097
vt 0.400000 0.681116
vt 0.375000 0.687500
vt 0.400000 0.687500
vt 0.451716 0.992353
vt 0.425000 0.684063
vt 0.425000 0.681066
vt 0.425000 0.687500
vt 0.373591 0.935591
vt 0.450000 0.684063
vt 0.450000 0.681067
vt 0.450000 0.687500
vt 0.343750 0.843750
vt 0.475000 0.684084
vt 0.475000 0.681116
vt 0.475000 0.687500
vt 0.373591 0.751909
vt 0.500000 0.684062
vt 0.500000 0.681066
vt 0.500000 0.687500
vt 0.451716 0.695147
vt 0.525000 0.684062
vt 0.525000 0.681066
vt 0.525000 0.687500
vt 0.548284 0.695147
vt 0.550000 0.684085
vt 0.550000 0.681116
vt 0.550000 0.687500
vt 0.626409 0.751909
vt 0.575000 0.684087
vt 0.575000 0.681116
vt 0.575000 0.687500
vt 0.656250 0.843750
vt 0.600000 0.684078
vt 0.600000 0.681067
vt 0.600000 0.687500
vt 0.625000 0.687500
vt 0.625000 0.684273
vt 0.625000 0.681116
vt 0.400000 0.317943
vt 0.375000 0.317943
vt 0.425000 0.317943
vt 0.450000 0.317943
vt 0.475000 0.317946
vt 0.500000 0.317943
vt 0.525000 0.317943
vt 0.550000 0.317943
vt 0.575000 0.317944
vt 0.600000 0.317943
vt 0.625000 0.317944
vt 0.375000 0.311560
vt 0.400000 0.311560
vt 0.594299 0.089069
vt 0.536019 0.046726
vt 0.626409 0.064409
vt 0.548284 0.007647
vt 0.425000 0.311560
vt 0.463981 0.046726
vt 0.451716 0.007647
vt 0.450000 0.311560
vt 0.405701 0.089069
vt 0.373591 0.064409
vt 0.475000 0.311560
vt 0.383439 0.157582
vt 0.343750 0.156250
vt 0.500000 0.311560
vt 0.405701 0.226094
vt 0.373591 0.248091
vt 0.525000 0.311560
vt 0.463981 0.268437
vt 0.451716 0.304853
vt 0.550000 0.311560
vt 0.536019 0.268437
vt 0.548284 0.304853
vt 0.575000 0.311560
vt 0.594299 0.226094
vt 0.626409 0.248091
vt 0.600000 0.311560
vt 0.616561 0.157582
vt 0.656250 0.156250
vt 0.625000 0.311560
s 1
usemtl aiStandardSurface1
f 555/428/307 556/429/308 557/430/309
f 558/431/310 555/428/307 557/430/309
f 559/432/311 558/431/310 557/430/309
f 560/433/312 559/432/311 557/430/309
f 561/434/313 560/433/312 557/430/309
f 562/435/314 561/434/313 557/430/309
f 563/436/315 562/435/314 557/430/309
f 564/437/316 563/436/315 557/430/309
f 565/438/317 564/437/316 557/430/309
f 556/429/308 565/438/317 557/430/309
f 566/439/318 567/440/319 568/441/320
f 567/440/319 569/442/321 568/441/320
f 569/442/321 570/443/322 568/441/320
f 570/443/322 571/444/323 568/441/320
f 571/444/323 572/445/324 568/441/320
f 572/445/324 573/446/325 568/441/320
f 573/446/325 574/447/326 568/441/320
f 574/447/326 575/448/327 568/441/320
f 575/448/327 576/449/328 568/441/320
f 576/449/328 566/439/318 568/441/320
f 577/450/329 556/429/308 555/428/307
f 577/450/329 555/428/307 578/451/330
f 579/452/331 580/453/332 581/454/333
f 579/452/331 581/454/333 582/455/331
f 583/453/334 584/456/335 585/457/330
f 583/453/334 585/457/330 586/454/336
f 578/451/330 555/428/307 558/431/310
f 578/451/330 558/431/310 587/458/337
f 588/455/338 589/454/339 590/459/339
f 588/455/338 590/459/339 591/460/338
f 586/454/336 585/457/330 592/461/340
f 586/454/336 592/461/340 593/459/341
f 587/458/337 558/431/310 559/432/311
f 587/458/337 559/432/311 594/462/342
f 595/460/343 593/459/341 596/463/344
f 595/460/343 596/463/344 597/464/343
f 593/459/341 592/461/340 598/465/342
f 593/459/341 598/465/342 596/463/344
f 594/462/342 559/432/311 560/433/312
f 594/462/342 560/433/312 599/466/345
f 600/464/346 596/463/344 601/467/347
f 600/464/346 601/467/347 602/468/346
f 596/463/344 598/465/342 603/469/348
f 596/463/344 603/469/348 601/467/347
f 599/466/345 560/433/312 561/434/313
f 599/466/345 561/434/313 604/470/349
f 605/468/350 601/467/347 606/471/351
f 605/468/350 606/471/351 607/472/350
f 601/467/347 603/469/348 608/473/352
f 601/467/347 608/473/352 606/471/351
f 604/470/349 561/434/313 562/435/314
f 604/470/349 562/435/314 609/474/353
f 610/472/354 606/471/351 611/475/355
f 610/472/354 611/475/355 612/476/354
f 606/471/351 608/473/352 613/477/356
f 606/471/351 613/477/356 611/475/355
f 609/474/353 562/435/314 563/436/315
f 609/474/353 563/436/315 614/478/357
f 615/476/358 616/475/359 617/479/359
f 615/476/358 617/479/359 618/480/358
f 611/475/355 613/477/356 619/481/360
f 611/475/355 619/481/360 620/479/361
f 614/478/357 563/436/315 564/437/316
f 614/478/357 564/437/316 621/482/362
f 622/480/363 620/479/361 623/483/364
f 622/480/363 623/483/364 624/484/363
f 620/479/361 619/481/360 625/485/365
f 620/479/361 625/485/365 623/483/364
f 621/482/362 564/437/316 565/438/317
f 621/482/362 565/438/317 626/486/366
f 627/484/367 623/483/364 628/487/368
f 627/484/367 628/487/368 629/488/369
f 623/483/364 625/485/365 630/489/370
f 623/483/364 630/489/370 628/487/368
f 556/429/308 577/450/329 626/486/366
f 556/429/308 626/486/366 565/438/317
f 631/490/335 632/491/371 628/487/368
f 631/490/335 628/487/368 630/489/370
f 633/491/372 634/492/373 635/488/373
f 633/491/372 635/488/373 636/487/372
f 579/452/331 582/455/331 637/493/374
f 579/452/331 637/493/374 638/494/374
f 588/455/338 591/460/338 639/495/375
f 588/455/338 639/495/375 640/493/375
f 595/460/343 597/464/343 641/496/376
f 595/460/343 641/496/376 642/495/376
f 600/464/346 602/468/346 643/497/377
f 600/464/346 643/497/377 644/496/378
f 605/468/350 607/472/350 645/498/379
f 605/468/350 645/498/379 646/497/379
f 610/472/354 612/476/354 647/499/380
f 610/472/354 647/499/380 648/498/380
f 615/476/358 618/480/358 649/500/381
f 615/476/358 649/500/381 650/499/381
f 622/480/363 624/484/363 651/501/382
f 622/480/363 651/501/382 652/500/383
f 627/484/367 629/488/369 653/502/384
f 627/484/367 653/502/384 654/501/384
f 635/488/373 634/492/373 655/503/385
f 635/488/373 655/503/385 656/502/385
f 657/504/386 638/494/374 637/493/374
f 657/504/386 637/493/374 658/505/387
f 566/439/318 659/506/388 660/507/389
f 566/439/318 660/507/389 567/440/319
f 661/506/390 662/508/391 663/509/392
f 661/506/390 663/509/392 664/507/393
f 658/505/394 640/493/375 639/495/375
f 658/505/394 639/495/375 665/510/395
f 567/440/319 660/507/389 666/511/396
f 567/440/319 666/511/396 569/442/321
f 664/507/393 663/509/392 667/512/397
f 664/507/393 667/512/397 666/511/396
f 668/510/398 642/495/376 641/496/376
f 668/510/398 641/496/376 669/513/398
f 569/442/321 666/511/396 670/514/399
f 569/442/321 670/514/399 570/443/322
f 666/511/396 667/512/397 671/515/400
f 666/511/396 671/515/400 670/514/399
f 672/513/401 644/496/378 643/497/377
f 672/513/401 643/497/377 673/516/401
f 570/443/322 670/514/399 674/517/402
f 570/443/322 674/517/402 571/444/323
f 670/514/399 671/515/400 675/518/403
f 670/514/399 675/518/403 674/517/402
f 676/516/404 646/497/379 645/498/379
f 676/516/404 645/498/379 677/519/405
f 571/444/323 674/517/402 678/520/406
f 571/444/323 678/520/406 572/445/324
f 674/517/402 675/518/403 679/521/407
f 674/517/402 679/521/407 678/520/406
f 677/519/408 648/498/380 647/499/380
f 677/519/408 647/499/380 680/522/409
f 572/445/324 678/520/406 681/523/410
f 572/445/324 681/523/410 573/446/325
f 678/520/406 679/521/407 682/524/411
f 678/520/406 682/524/411 681/523/410
f 680/522/412 650/499/381 649/500/381
f 680/522/412 649/500/381 683/525/413
f 573/446/325 681/523/410 684/526/414
f 573/446/325 684/526/414 574/447/326
f 681/523/410 682/524/411 685/527/415
f 681/523/410 685/527/415 684/526/414
f 683/525/416 652/500/383 651/501/382
f 683/525/416 651/501/382 686/528/417
f 574/447/326 684/526/414 687/529/418
f 574/447/326 687/529/418 575/448/327
f 684/526/414 685/527/415 688/530/419
f 684/526/414 688/530/419 687/529/418
f 686/528/420 654/501/384 653/502/384
f 686/528/420 653/502/384 689/531/421
f 575/448/327 687/529/418 690/532/422
f 575/448/327 690/532/422 576/449/328
f 687/529/418 688/530/419 691/533/423
f 687/529/418 691/533/423 690/532/422
f 655/503/385 692/534/424 689/531/425
f 655/503/385 689/531/425 656/502/385
f 662/508/391 661/506/390 690/532/422
f 662/508/391 690/532/422 691/533/423
f 659/506/388 566/439/318 576/449/328
f 659/506/388 576/449/328 690/532/422
o pCylinder9_aiStandardSurface1_0
v 6.963699 5.206071 6.808255
v 6.977284 5.217382 6.796679
v 6.955303 5.202075 6.775434
v 6.946908 5.193234 6.807294
v 6.933323 5.183774 6.794163
v 6.928134 5.181304 6.773879
v 6.933323 5.186767 6.754189
v 6.946908 5.198078 6.742613
v 6.963699 5.210915 6.743574
v 6.977284 5.220375 6.756705
v 6.982473 5.222846 6.776989
v 8.006486 3.878629 6.696445
v 7.992901 3.867319 6.708020
v 7.984506 3.863322 6.675199
v 7.976110 3.854482 6.707059
v 7.962525 3.845021 6.693928
v 7.957336 3.842551 6.673644
v 7.962525 3.848014 6.653953
v 7.976110 3.859324 6.642378
v 7.992901 3.872162 6.643339
v 8.006486 3.881622 6.656469
v 8.011675 3.884093 6.676754
v 6.990613 5.221989 6.807072
v 6.970238 5.205024 6.824434
v 7.016737 5.209953 6.816219
v 7.005054 5.219269 6.814224
v 6.979707 5.198165 6.835822
v 6.989571 5.187334 6.839368
v 7.005054 5.219269 6.814224
v 6.990613 5.221989 6.807072
v 6.970238 5.205024 6.824434
v 6.979707 5.198165 6.835822
v 6.945052 5.185770 6.822993
v 6.989571 5.187334 6.839368
v 6.979707 5.198165 6.835822
v 6.948377 5.174213 6.834029
v 6.955991 5.161663 6.837446
v 6.945052 5.185770 6.822993
v 6.948377 5.174213 6.834029
v 6.924676 5.171580 6.803298
v 6.955991 5.161663 6.837446
v 6.923030 5.156562 6.809529
v 6.928824 5.142744 6.811187
v 6.924676 5.171580 6.803298
v 6.916893 5.167875 6.772873
v 6.928824 5.142744 6.811187
v 6.913348 5.151952 6.771681
v 6.918447 5.137803 6.770622
v 6.916893 5.167875 6.772873
v 6.924676 5.176069 6.743340
v 6.918447 5.137803 6.770622
v 6.923030 5.162146 6.734942
v 6.928824 5.148729 6.731245
v 6.924676 5.176069 6.743340
v 6.945052 5.193033 6.725978
v 6.928824 5.148729 6.731245
v 6.948377 5.183249 6.713344
v 6.955991 5.171347 6.708096
v 6.945052 5.193033 6.725978
v 6.970238 5.212288 6.727419
v 6.955991 5.171347 6.708096
v 6.948377 5.183249 6.713344
v 6.979707 5.207201 6.715137
v 6.989571 5.197019 6.710019
v 6.970238 5.212288 6.727419
v 6.979707 5.207201 6.715137
v 6.990613 5.226478 6.747114
v 6.989571 5.197019 6.710019
v 7.005054 5.224854 6.739637
v 7.016737 5.215938 6.736277
v 6.990613 5.226478 6.747114
v 6.998396 5.230183 6.777539
v 7.016737 5.215938 6.736277
v 7.014736 5.229463 6.777485
v 7.027114 5.220878 6.776842
v 6.998396 5.230183 6.777539
v 6.990613 5.221989 6.807072
v 7.005054 5.219269 6.814224
v 7.005054 5.219269 6.814224
v 7.016737 5.209953 6.816219
v 7.027114 5.220878 6.776842
v 7.014736 5.229463 6.777485
v 7.983818 3.894049 6.742537
v 8.010984 3.916667 6.719388
v 7.950238 3.868377 6.740614
v 7.983818 3.894049 6.742537
v 7.923072 3.849458 6.714356
v 7.950238 3.868377 6.740614
v 7.912695 3.844518 6.673791
v 7.923072 3.849458 6.714356
v 7.923072 3.855444 6.634414
v 7.912695 3.844518 6.673791
v 7.950238 3.878062 6.611265
v 7.923072 3.855444 6.634414
v 7.983818 3.903734 6.613187
v 7.950238 3.878062 6.611265
v 8.010984 3.922653 6.639446
v 7.983818 3.903734 6.613187
v 8.021361 3.927593 6.680011
v 8.010984 3.922653 6.639446
v 8.010984 3.916667 6.719388
v 8.021361 3.927593 6.680011
v 8.016779 3.903250 6.715691
v 7.991432 3.882147 6.737289
v 8.015133 3.889327 6.707294
v 7.994757 3.872363 6.724655
v 8.015133 3.889327 6.707294
v 8.016779 3.903250 6.715691
v 7.991432 3.882147 6.737289
v 7.994757 3.872363 6.724655
v 7.960102 3.858194 6.735496
v 7.969571 3.853108 6.723214
v 7.960102 3.858194 6.735496
v 7.960102 3.858194 6.735496
v 7.934754 3.840543 6.710996
v 7.949195 3.838919 6.703519
v 7.934754 3.840543 6.710996
v 7.934754 3.840543 6.710996
v 7.925073 3.835933 6.673148
v 7.941412 3.835213 6.673094
v 7.925073 3.835933 6.673148
v 7.925073 3.835933 6.673148
v 7.934754 3.846127 6.636408
v 7.949195 3.843408 6.643560
v 7.934754 3.846127 6.636408
v 7.960102 3.867231 6.614810
v 7.969571 3.860372 6.626198
v 7.960102 3.867231 6.614810
v 7.991432 3.891183 6.616604
v 7.994757 3.879626 6.627640
v 7.991432 3.891183 6.616604
v 8.016779 3.908834 6.641104
v 8.015133 3.893816 6.647335
v 8.016779 3.908834 6.641104
v 8.026461 3.913444 6.678952
v 8.022915 3.897521 6.677760
v 8.026461 3.913444 6.678952
v 8.016779 3.903250 6.715691
vn -0.5664 0.7998 0.1985
vn -0.5090 0.8477 0.1492
vn -0.6084 0.7914 0.0593
vn -0.6375 0.7455 0.1945
vn -0.6950 0.7056 0.1385
vn -0.7169 0.6952 0.0520
vn -0.6950 0.7183 -0.0319
vn -0.6375 0.7662 -0.0813
vn -0.5664 0.8205 -0.0772
vn -0.5090 0.8605 -0.0213
vn -0.4871 0.8709 0.0652
vn 0.6950 -0.7183 0.0319
vn 0.6375 -0.7662 0.0813
vn 0.6084 -0.7914 -0.0593
vn 0.5664 -0.8205 0.0772
vn 0.5090 -0.8605 0.0213
vn 0.4871 -0.8709 -0.0652
vn 0.5090 -0.8477 -0.1492
vn 0.5664 -0.7998 -0.1985
vn 0.6375 -0.7455 -0.1945
vn 0.6950 -0.7056 -0.1385
vn 0.7169 -0.6952 -0.0520
vn -0.2022 0.9084 0.3660
vn -0.4017 0.7415 0.5374
vn 0.4638 0.2971 0.8346
vn 0.2689 0.5119 0.8158
vn 0.4638 0.2972 0.8346
vn -0.0533 0.8929 0.4471
vn -0.2021 0.9084 0.3660
vn -0.3079 0.6799 0.6655
vn -0.6473 0.7152 0.2636
vn -0.0015 -0.0727 0.9974
vn -0.1761 0.1577 0.9717
vn -0.6228 0.4392 0.6475
vn -0.6533 0.2021 0.7297
vn -0.8487 0.4142 0.3289
vn -0.4667 -0.4143 0.7814
vn -0.8650 -0.0397 0.5002
vn -0.4668 -0.4142 0.7814
vn -0.8487 0.4141 0.3290
vn -0.9253 0.3781 0.0283
vn -0.7560 -0.5980 0.2662
vn -0.9949 -0.1008 -0.0076
vn -0.8487 0.4585 -0.2636
vn -0.7560 -0.5517 -0.3523
vn -0.8650 0.0353 -0.5005
vn -0.6485 0.6246 -0.4350
vn -0.4668 -0.2933 -0.8343
vn -0.6533 0.3085 -0.6914
vn -0.6485 0.6246 -0.4351
vn -0.5397 0.8288 -0.1480
vn -0.0015 0.0766 -0.9971
vn -0.1761 0.3006 -0.9374
vn -0.3079 0.7714 -0.5569
vn -0.0776 0.7486 -0.6585
vn -0.4527 0.8894 -0.0632
vn 0.4638 0.4181 -0.7811
vn 0.2267 0.8699 -0.4380
vn -0.0533 0.9495 -0.3091
vn -0.1259 0.9893 0.0741
vn 0.7530 0.6019 -0.2659
vn 0.2597 0.9642 -0.0545
vn -0.1258 0.9893 0.0741
vn -0.0532 0.8929 0.4471
vn 0.5453 0.7596 0.3545
vn 0.7530 0.5556 0.3526
vn 0.4667 0.2933 0.8343
vn 0.4668 0.2933 0.8343
vn 0.0015 -0.0766 0.9971
vn -0.4638 -0.4181 0.7811
vn -0.7530 -0.6019 0.2659
vn -0.7530 -0.5556 -0.3526
vn -0.4638 -0.2971 -0.8346
vn 0.0015 0.0727 -0.9973
vn 0.0015 0.0727 -0.9974
vn 0.4667 0.4143 -0.7814
vn 0.4668 0.4142 -0.7814
vn 0.7560 0.5980 -0.2662
vn 0.7560 0.5517 0.3523
vn 0.8650 -0.0352 0.5005
vn 0.5268 -0.3158 0.7891
vn 0.7344 -0.6741 0.0794
vn 0.6473 -0.7465 0.1541
vn 0.8783 -0.3188 0.3563
vn 0.8650 -0.0353 0.5004
vn 0.5268 -0.3159 0.7891
vn 0.6228 -0.5307 0.5749
vn 0.5268 -0.3158 0.7892
vn 0.2671 -0.6092 0.7467
vn 0.4017 -0.8133 0.4209
vn -0.2689 -0.6277 0.7305
vn 0.2021 -0.9528 0.2266
vn 0.0533 -0.9495 0.3091
vn -0.5453 -0.8040 0.2374
vn 0.1259 -0.9893 -0.0741
vn -0.2596 -0.9453 -0.1974
vn -0.2597 -0.9453 -0.1975
vn -0.2268 -0.7950 -0.5626
vn 0.2021 -0.9084 -0.3660
vn -0.2267 -0.7950 -0.5626
vn -0.2268 -0.7950 -0.5627
vn 0.1104 -0.5131 -0.8512
vn 0.4017 -0.7415 -0.5374
vn 0.1105 -0.5131 -0.8512
vn 0.1104 -0.5130 -0.8512
vn 0.5268 -0.1948 -0.8274
vn 0.6485 -0.5528 -0.5232
vn 0.5268 -0.1949 -0.8273
vn 0.5268 -0.1947 -0.8274
vn 0.8650 0.0396 -0.5002
vn 0.8487 -0.4141 -0.3290
vn 0.8650 0.0397 -0.5001
vn 0.9949 0.1008 0.0075
vn 0.9253 -0.3781 -0.0283
vn 0.9949 0.1009 0.0076
vt 0.524144 0.921183
vt 0.563211 0.892800
vt 0.500000 0.850000
vt 0.475856 0.921183
vt 0.436789 0.892800
vt 0.421867 0.846875
vt 0.436789 0.800949
vt 0.475856 0.772566
vt 0.524144 0.772566
vt 0.563211 0.800949
vt 0.578133 0.846875
vt 0.563211 0.113449
vt 0.524144 0.085066
vt 0.500000 0.162500
vt 0.475856 0.085066
vt 0.436789 0.113449
vt 0.421867 0.159375
vt 0.436789 0.205300
vt 0.475855 0.233684
vt 0.524144 0.233684
vt 0.563211 0.205300
vt 0.578133 0.159375
vt 0.626409 0.935591
vt 0.548284 0.992353
vt 0.375000 0.681066
vt 0.375000 0.684247
vt 0.400000 0.684097
vt 0.400000 0.681116
vt 0.375000 0.687500
vt 0.400000 0.687500
vt 0.451716 0.992353
vt 0.425000 0.684063
vt 0.425000 0.681066
vt 0.425000 0.687500
vt 0.373591 0.935591
vt 0.450000 0.684063
vt 0.450000 0.681067
vt 0.450000 0.687500
vt 0.343750 0.843750
vt 0.475000 0.684084
vt 0.475000 0.681116
vt 0.475000 0.687500
vt 0.373591 0.751909
vt 0.500000 0.684062
vt 0.500000 0.681066
vt 0.500000 0.687500
vt 0.451716 0.695147
vt 0.525000 0.684062
vt 0.525000 0.681066
vt 0.525000 0.687500
vt 0.548284 0.695147
vt 0.550000 0.684085
vt 0.550000 0.681116
vt 0.550000 0.687500
vt 0.626409 0.751909
vt 0.575000 0.684087
vt 0.575000 0.681116
vt 0.575000 0.687500
vt 0.656250 0.843750
vt 0.600000 0.684078
vt 0.600000 0.681067
vt 0.600000 0.687500
vt 0.625000 0.687500
vt 0.625000 0.684273
vt 0.625000 0.681116
vt 0.400000 0.317943
vt 0.375000 0.317943
vt 0.425000 0.317943
vt 0.450000 0.317943
vt 0.475000 0.317946
vt 0.500000 0.317943
vt 0.525000 0.317943
vt 0.550000 0.317943
vt 0.575000 0.317944
vt 0.600000 0.317943
vt 0.625000 0.317944
vt 0.375000 0.311560
vt 0.400000 0.311560
vt 0.594299 0.089069
vt 0.536019 0.046726
vt 0.626409 0.064409
vt 0.548284 0.007647
vt 0.425000 0.311560
vt 0.463981 0.046726
vt 0.451716 0.007647
vt 0.450000 0.311560
vt 0.405701 0.089069
vt 0.373591 0.064409
vt 0.475000 0.311560
vt 0.383439 0.157582
vt 0.343750 0.156250
vt 0.500000 0.311560
vt 0.405701 0.226094
vt 0.373591 0.248091
vt 0.525000 0.311560
vt 0.463981 0.268437
vt 0.451716 0.304853
vt 0.550000 0.311560
vt 0.536019 0.268437
vt 0.548284 0.304853
vt 0.575000 0.311560
vt 0.594299 0.226094
vt 0.626409 0.248091
vt 0.600000 0.311560
vt 0.616561 0.157582
vt 0.656250 0.156250
vt 0.625000 0.311560
s 1
usemtl aiStandardSurface1
f 693/535/426 694/536/427 695/537/428
f 696/538/429 693/535/426 695/537/428
f 697/539/430 696/538/429 695/537/428
f 698/540/431 697/539/430 695/537/428
f 699/541/432 698/540/431 695/537/428
f 700/542/433 699/541/432 695/537/428
f 701/543/434 700/542/433 695/537/428
f 702/544/435 701/543/434 695/537/428
f 703/545/436 702/544/435 695/537/428
f 694/536/427 703/545/436 695/537/428
f 704/546/437 705/547/438 706/548/439
f 705/547/438 707/549/440 706/548/439
f 707/549/440 708/550/441 706/548/439
f 708/550/441 709/551/442 706/548/439
f 709/551/442 710/552/443 706/548/439
f 710/552/443 711/553/444 706/548/439
f 711/553/444 712/554/445 706/548/439
f 712/554/445 713/555/446 706/548/439
f 713/555/446 714/556/447 706/548/439
f 714/556/447 704/546/437 706/548/439
f 715/557/448 694/536/427 693/535/426
f 715/557/448 693/535/426 716/558/449
f 717/559/450 718/560/451 719/561/451
f 717/559/450 719/561/451 720/562/452
f 721/560/453 722/563/454 723/564/449
f 721/560/453 723/564/449 724/561/455
f 716/558/449 693/535/426 696/538/429
f 716/558/449 696/538/429 725/565/456
f 726/562/457 727/561/458 728/566/458
f 726/562/457 728/566/458 729/567/457
f 724/561/455 723/564/449 730/568/459
f 724/561/455 730/568/459 731/566/460
f 725/565/456 696/538/429 697/539/430
f 725/565/456 697/539/430 732/569/461
f 733/567/462 731/566/460 734/570/463
f 733/567/462 734/570/463 735/571/464
f 731/566/460 730/568/459 736/572/465
f 731/566/460 736/572/465 734/570/463
f 732/569/461 697/539/430 698/540/431
f 732/569/461 698/540/431 737/573/466
f 738/571/467 734/570/463 739/574/468
f 738/571/467 739/574/468 740/575/467
f 734/570/463 736/572/465 741/576/466
f 734/570/463 741/576/466 739/574/468
f 737/573/466 698/540/431 699/541/432
f 737/573/466 699/541/432 742/577/469
f 743/575/470 739/574/468 744/578/471
f 743/575/470 744/578/471 745/579/470
f 739/574/468 741/576/466 746/580/469
f 739/574/468 746/580/469 744/578/471
f 742/577/469 699/541/432 700/542/433
f 742/577/469 700/542/433 747/581/472
f 748/579/473 744/578/471 749/582/474
f 748/579/473 749/582/474 750/583/473
f 744/578/471 746/580/469 751/584/475
f 744/578/471 751/584/475 749/582/474
f 747/581/472 700/542/433 701/543/434
f 747/581/472 701/543/434 752/585/476
f 753/583/477 754/582/478 755/586/478
f 753/583/477 755/586/478 756/587/477
f 749/582/474 751/584/475 757/588/479
f 749/582/474 757/588/479 758/586/480
f 752/585/476 701/543/434 702/544/435
f 752/585/476 702/544/435 759/589/481
f 760/587/482 758/586/480 761/590/483
f 760/587/482 761/590/483 762/591/482
f 758/586/480 757/588/479 763/592/484
f 758/586/480 763/592/484 761/590/483
f 759/589/481 702/544/435 703/545/436
f 759/589/481 703/545/436 764/593/485
f 765/591/486 761/590/483 766/594/487
f 765/591/486 766/594/487 767/595/486
f 761/590/483 763/592/484 768/596/488
f 761/590/483 768/596/488 766/594/487
f 694/536/427 715/557/448 764/593/485
f 694/536/427 764/593/485 703/545/436
f 769/597/454 770/598/489 766/594/487
f 769/597/454 766/594/487 768/596/488
f 771/598/490 772/599/491 773/595/491
f 771/598/490 773/595/491 774/594/490
f 717/559/450 720/562/452 775/600/492
f 717/559/450 775/600/492 776/601/493
f 726/562/457 729/567/457 777/602/494
f 726/562/457 777/602/494 778/600/494
f 733/567/462 735/571/464 779/603/495
f 733/567/462 779/603/495 780/602/495
f 738/571/467 740/575/467 781/604/496
f 738/571/467 781/604/496 782/603/496
f 743/575/470 745/579/470 783/605/497
f 743/575/470 783/605/497 784/604/497
f 748/579/473 750/583/473 785/606/498
f 748/579/473 785/606/498 786/605/498
f 753/583/477 756/587/477 787/607/499
f 753/583/477 787/607/499 788/606/500
f 760/587/482 762/591/482 789/608/501
f 760/587/482 789/608/501 790/607/502
f 765/591/486 767/595/486 791/609/503
f 765/591/486 791/609/503 792/608/503
f 773/595/491 772/599/491 793/610/504
f 773/595/491 793/610/504 794/609/504
f 795/611/505 776/601/493 775/600/492
f 795/611/505 775/600/492 796/612/506
f 704/546/437 797/613/507 798/614/508
f 704/546/437 798/614/508 705/547/438
f 799/613/509 800/615/510 801/616/511
f 799/613/509 801/616/511 802/614/512
f 796/612/513 778/600/494 777/602/494
f 796/612/513 777/602/494 803/617/514
f 705/547/438 798/614/508 804/618/515
f 705/547/438 804/618/515 707/549/440
f 802/614/512 801/616/511 805/619/514
f 802/614/512 805/619/514 804/618/515
f 806/617/516 780/602/495 779/603/495
f 806/617/516 779/603/495 807/620/516
f 707/549/440 804/618/515 808/621/517
f 707/549/440 808/621/517 708/550/441
f 804/618/515 805/619/514 809/622/518
f 804/618/515 809/622/518 808/621/517
f 810/620/519 782/603/496 781/604/496
f 810/620/519 781/604/496 811/623/519
f 708/550/441 808/621/517 812/624/520
f 708/550/441 812/624/520 709/551/442
f 808/621/517 809/622/518 813/625/521
f 808/621/517 813/625/521 812/624/520
f 814/623/522 784/604/497 783/605/497
f 814/623/522 783/605/497 815/626/523
f 709/551/442 812/624/520 816/627/524
f 709/551/442 816/627/524 710/552/443
f 812/624/520 813/625/521 817/628/525
f 812/624/520 817/628/525 816/627/524
f 815/626/526 786/605/498 785/606/498
f 815/626/526 785/606/498 818/629/527
f 710/552/443 816/627/524 819/630/528
f 710/552/443 819/630/528 711/553/444
f 816/627/524 817/628/525 820/631/529
f 816/627/524 820/631/529 819/630/528
f 818/629/530 788/606/500 787/607/499
f 818/629/530 787/607/499 821/632/531
f 711/553/444 819/630/528 822/633/532
f 711/553/444 822/633/532 712/554/445
f 819/630/528 820/631/529 823/634/533
f 819/630/528 823/634/533 822/633/532
f 821/632/534 790/607/502 789/608/501
f 821/632/534 789/608/501 824/635/535
f 712/554/445 822/633/532 825/636/536
f 712/554/445 825/636/536 713/555/446
f 822/633/532 823/634/533 826/637/535
f 822/633/532 826/637/535 825/636/536
f 824/635/537 792/608/503 791/609/503
f 824/635/537 791/609/503 827/638/538
f 713/555/446 825/636/536 828/639/539
f 713/555/446 828/639/539 714/556/447
f 825/636/536 826/637/535 829/640/538
f 825/636/536 829/640/538 828/639/539
f 793/610/504 830/641/505 827/638/540
f 793/610/504 827/638/540 794/609/504
f 800/615/510 799/613/509 828/639/539
f 800/615/510 828/639/539 829/640/538
f 797/613/507 704/546/437 714/556/447
f 797/613/507 714/556/447 828/639/539
o pCylinder10_aiStandardSurface1_0
v 8.418036 2.475572 -6.951736
v 8.702114 1.918035 -6.951736
v 6.800000 1.300000 -6.951737
v 7.975572 2.918036 -6.951736
v 7.418035 3.202115 -6.951736
v 6.800000 3.300002 -6.951736
v 6.181966 3.202115 -6.951736
v 5.624429 2.918036 -6.951736
v 5.181966 2.475572 -6.951736
v 4.897887 1.918035 -6.951736
v 4.800000 1.300000 -6.951737
v 4.897887 0.681966 -6.951737
v 5.181966 0.124429 -6.951737
v 5.624430 -0.318034 -6.951737
v 6.181966 -0.602114 -6.951737
v 6.800000 -0.700000 -6.951737
v 7.418034 -0.602113 -6.951737
v 7.975571 -0.318034 -6.951737
v 8.418035 0.124429 -6.951737
v 8.702113 0.681966 -6.951737
v 8.800000 1.300000 -6.951737
v 8.702114 1.918035 -4.951736
v 8.418036 2.475572 -4.951736
v 6.800000 1.300000 -4.951736
v 7.975572 2.918036 -4.951736
v 7.418035 3.202115 -4.951736
v 6.800000 3.300002 -4.951736
v 6.181966 3.202115 -4.951736
v 5.624429 2.918036 -4.951736
v 5.181966 2.475572 -4.951736
v 4.897887 1.918035 -4.951736
v 4.800000 1.300000 -4.951736
v 4.897887 0.681966 -4.951736
v 5.181966 0.124429 -4.951736
v 5.624430 -0.318035 -4.951736
v 6.181966 -0.602114 -4.951736
v 6.800000 -0.700001 -4.951736
v 7.418034 -0.602114 -4.951736
v 7.975571 -0.318035 -4.951736
v 8.418035 0.124429 -4.951736
v 8.702113 0.681966 -4.951736
v 8.800000 1.300000 -4.951736
v 8.702114 1.918035 -6.951736
v 8.418036 2.475572 -6.951736
v 8.418036 2.475572 -4.951736
v 8.702114 1.918035 -4.951736
v 7.975572 2.918036 -6.951736
v 7.975572 2.918036 -4.951736
v 7.418035 3.202115 -6.951736
v 7.418035 3.202115 -4.951736
v 6.800000 3.300002 -6.951736
v 6.800000 3.300002 -4.951736
v 6.181966 3.202115 -6.951736
v 6.181966 3.202115 -4.951736
v 5.624429 2.918036 -6.951736
v 5.624429 2.918036 -4.951736
v 5.181966 2.475572 -6.951736
v 5.181966 2.475572 -4.951736
v 4.897887 1.918035 -6.951736
v 4.897887 1.918035 -4.951736
v 4.800000 1.300000 -6.951737
v 4.800000 1.300000 -4.951736
v 4.897887 0.681966 -6.951737
v 4.897887 0.681966 -4.951736
v 5.181966 0.124429 -6.951737
v 5.181966 0.124429 -4.951736
v 5.624430 -0.318034 -6.951737
v 5.624430 -0.318035 -4.951736
v 6.181966 -0.602114 -6.951737
v 6.181966 -0.602114 -4.951736
v 6.800000 -0.700000 -6.951737
v 6.800000 -0.700001 -4.951736
v 7.418034 -0.602113 -6.951737
v 7.418034 -0.602114 -4.951736
v 7.975571 -0.318034 -6.951737
v 7.975571 -0.318035 -4.951736
v 8.418035 0.124429 -6.951737
v 8.418035 0.124429 -4.951736
v 8.702113 0.681966 -6.951737
v 8.702113 0.681966 -4.951736
v 8.800000 1.300000 -6.951737
v 8.800000 1.300000 -4.951736
v 8.702114 1.918035 -6.951736
v 8.702114 1.918035 -4.951736
vn -0.0000 -0.0000 -1.0000
vn -0.0000 -0.0000 1.0000
vn 0.9510 0.3090 0.0001
vn 0.8090 0.5878 -0.0000
vn 0.9510 0.3090 -0.0000
vn 0.5878 0.8090 -0.0000
vn 0.3090 0.9511 -0.0000
vn -0.0000 1.0000 -0.0000
vn -0.3090 0.9511 -0.0000
vn -0.5878 0.8090 -0.0000
vn -0.8090 0.5878 -0.0000
vn -0.9511 0.3090 -0.0000
vn -1.0000 -0.0000 -0.0000
vn -0.9511 -0.3090 -0.0000
vn -0.8090 -0.5878 -0.0000
vn -0.5878 -0.8090 -0.0000
vn -0.3090 -0.9511 -0.0000
vn -0.0000 -1.0000 -0.0000
vn 0.3090 -0.9511 -0.0000
vn 0.5878 -0.8090 -0.0000
vn 0.8090 -0.5878 -0.0000
vn 0.9511 -0.3090 -0.0000
vn 1.0000 -0.0000 -0.0000
vn 0.9511 0.3090 -0.0000
vn 0.9511 0.3090 -0.0001
vt 0.626409 0.935592
vt 0.648603 0.892034
vt 0.500000 0.850000
vt 0.591842 0.970159
vt 0.548284 0.992353
vt 0.500000 1.000000
vt 0.451716 0.992353
vt 0.408159 0.970159
vt 0.373591 0.935591
vt 0.351397 0.892034
vt 0.343750 0.843750
vt 0.351397 0.795466
vt 0.373591 0.751909
vt 0.408159 0.717341
vt 0.451716 0.695147
vt 0.500000 0.687500
vt 0.548284 0.695147
vt 0.591841 0.717341
vt 0.626409 0.751909
vt 0.648603 0.795466
vt 0.656250 0.843750
vt 0.648603 0.107966
vt 0.626409 0.064409
vt 0.500000 0.162500
vt 0.591841 0.029841
vt 0.548284 0.007647
vt 0.500000 0.000000
vt 0.451716 0.007647
vt 0.408159 0.029841
vt 0.373591 0.064409
vt 0.351397 0.107966
vt 0.343750 0.156250
vt 0.351397 0.204534
vt 0.373591 0.248091
vt 0.408159 0.282659
vt 0.451716 0.304853
vt 0.500000 0.312500
vt 0.548284 0.304853
vt 0.591842 0.282659
vt 0.626409 0.248092
vt 0.648603 0.204534
vt 0.656250 0.156250
vt 0.375000 0.687500
vt 0.387500 0.687500
vt 0.387500 0.311560
vt 0.375000 0.311560
vt 0.400000 0.687500
vt 0.400000 0.311560
vt 0.412500 0.687500
vt 0.412500 0.311560
vt 0.425000 0.687500
vt 0.425000 0.311560
vt 0.437500 0.687500
vt 0.437500 0.311560
vt 0.450000 0.687500
vt 0.450000 0.311560
vt 0.462500 0.687500
vt 0.462500 0.311560
vt 0.475000 0.687500
vt 0.475000 0.311560
vt 0.487500 0.687500
vt 0.487500 0.311560
vt 0.500000 0.687500
vt 0.500000 0.311560
vt 0.512500 0.687500
vt 0.512500 0.311560
vt 0.525000 0.687500
vt 0.525000 0.311560
vt 0.537500 0.687500
vt 0.537500 0.311560
vt 0.550000 0.687500
vt 0.550000 0.311560
vt 0.562500 0.687500
vt 0.562500 0.311560
vt 0.575000 0.687500
vt 0.575000 0.311560
vt 0.587500 0.687500
vt 0.587500 0.311560
vt 0.600000 0.687500
vt 0.600000 0.311560
vt 0.612500 0.687500
vt 0.612500 0.311560
vt 0.625000 0.687500
vt 0.625000 0.311560
s 0
usemtl aiStandardSurface1
f 831/642/541 832/643/541 833/644/541
f 834/645/541 831/642/541 833/644/541
f 835/646/541 834/645/541 833/644/541
f 836/647/541 835/646/541 833/644/541
f 837/648/541 836/647/541 833/644/541
f 838/649/541 837/648/541 833/644/541
f 839/650/541 838/649/541 833/644/541
f 840/651/541 839/650/541 833/644/541
f 841/652/541 840/651/541 833/644/541
f 842/653/541 841/652/541 833/644/541
f 843/654/541 842/653/541 833/644/541
f 844/655/541 843/654/541 833/644/541
f 845/656/541 844/655/541 833/644/541
f 846/657/541 845/656/541 833/644/541
f 847/658/541 846/657/541 833/644/541
f 848/659/541 847/658/541 833/644/541
f 849/660/541 848/659/541 833/644/541
f 850/661/541 849/660/541 833/644/541
f 851/662/541 850/661/541 833/644/541
f 832/643/541 851/662/541 833/644/541
f 852/663/542 853/664/542 854/665/542
f 853/664/542 855/666/542 854/665/542
f 855/666/542 856/667/542 854/665/542
f 856/667/542 857/668/542 854/665/542
f 857/668/542 858/669/542 854/665/542
f 858/669/542 859/670/542 854/665/542
f 859/670/542 860/671/542 854/665/542
f 860/671/542 861/672/542 854/665/542
f 861/672/542 862/673/542 854/665/542
f 862/673/542 863/674/542 854/665/542
f 863/674/542 864/675/542 854/665/542
f 864/675/542 865/676/542 854/665/542
f 865/676/542 866/677/542 854/665/542
f 866/677/542 867/678/542 854/665/542
f 867/678/542 868/679/542 854/665/542
f 868/679/542 869/680/542 854/665/542
f 869/680/542 870/681/542 854/665/542
f 870/681/542 871/682/542 854/665/542
f 871/682/542 872/683/542 854/665/542
f 872/683/542 852/663/542 854/665/542
s 1
f 873/684/543 874/685/544 875/686/544
f 873/684/543 875/686/544 876/687/545
f 874/685/544 877/688/546 878/689/546
f 874/685/544 878/689/546 875/686/544
f 877/688/546 879/690/547 880/691/547
f 877/688/546 880/691/547 878/689/546
f 879/690/547 881/692/548 882/693/548
f 879/690/547 882/693/548 880/691/547
f 881/692/548 883/694/549 884/695/549
f 881/692/548 884/695/549 882/693/548
f 883/694/549 885/696/550 886/697/550
f 883/694/549 886/697/550 884/695/549
f 885/696/550 887/698/551 888/699/551
f 885/696/550 888/699/551 886/697/550
f 887/698/551 889/700/552 890/701/552
f 887/698/551 890/701/552 888/699/551
f 889/700/552 891/702/553 892/703/553
f 889/700/552 892/703/553 890/701/552
f 891/702/553 893/704/554 894/705/554
f 891/702/553 894/705/554 892/703/553
f 893/704/554 895/706/555 896/707/555
f 893/704/554 896/707/555 894/705/554
f 895/706/555 897/708/556 898/709/556
f 895/706/555 898/709/556 896/707/555
f 897/708/556 899/710/557 900/711/557
f 897/708/556 900/711/557 898/709/556
f 899/710/557 901/712/558 902/713/558
f 899/710/557 902/713/558 900/711/557
f 901/712/558 903/714/559 904/715/559
f 901/712/558 904/715/559 902/713/558
f 903/714/559 905/716/560 906/717/560
f 903/714/559 906/717/560 904/715/559
f 905/716/560 907/718/561 908/719/561
f 905/716/560 908/719/561 906/717/560
f 907/718/561 909/720/562 910/721/562
f 907/718/561 910/721/562 908/719/561
f 909/720/562 911/722/563 912/723/563
f 909/720/562 912/723/563 910/721/562
f 911/722/563 913/724/564 914/725/565
f 911/722/563 914/725/565 912/723/563
o pCylinder11_aiStandardSurface1_0
v 6.923607 1.680423 4.354400
v 7.123607 1.535115 4.354400
v 6.800000 1.300001 4.354400
v 6.676394 1.680423 4.354400
v 6.476393 1.535115 4.354400
v 6.400000 1.300001 4.354400
v 6.476393 1.064886 4.354400
v 6.676394 0.919578 4.354400
v 6.923607 0.919578 4.354400
v 7.123607 1.064886 4.354400
v 7.200000 1.300001 4.354400
v 6.961820 1.417569 7.354401
v 6.861810 1.490231 7.354401
v 6.800000 1.300000 7.354401
v 6.738191 1.490231 7.354401
v 6.638180 1.417569 7.354401
v 6.599980 1.300000 7.354401
v 6.638180 1.182431 7.354401
v 6.738191 1.109770 7.354401
v 6.861810 1.109770 7.354401
v 6.961820 1.182431 7.354401
v 7.000021 1.300000 7.354401
v 7.123607 1.535115 4.354400
v 6.923607 1.680423 4.354400
v 6.923607 1.680423 7.164208
v 7.123607 1.535114 7.164208
v 6.923607 1.680423 4.354400
v 6.676394 1.680423 4.354400
v 6.676394 1.680423 7.164208
v 6.923607 1.680423 7.164208
v 6.676394 1.680423 4.354400
v 6.476393 1.535115 4.354400
v 6.476393 1.535114 7.164208
v 6.676394 1.680423 7.164208
v 6.476393 1.535115 4.354400
v 6.400000 1.300001 4.354400
v 6.400000 1.300000 7.164208
v 6.476393 1.535114 7.164208
v 6.400000 1.300001 4.354400
v 6.476393 1.064886 4.354400
v 6.476393 1.064886 7.164208
v 6.400000 1.300000 7.164208
v 6.476393 1.064886 4.354400
v 6.676394 0.919578 4.354400
v 6.676394 0.919577 7.164208
v 6.476393 1.064886 7.164208
v 6.676394 0.919578 4.354400
v 6.923607 0.919578 4.354400
v 6.923607 0.919577 7.164208
v 6.676394 0.919577 7.164208
v 6.923607 0.919578 4.354400
v 7.123607 1.064886 4.354400
v 7.123607 1.064886 7.164208
v 6.923607 0.919577 7.164208
v 7.123607 1.064886 4.354400
v 7.200000 1.300001 4.354400
v 7.200000 1.300000 7.164208
v 7.123607 1.064886 7.164208
v 7.200000 1.300001 4.354400
v 7.123607 1.535115 4.354400
v 7.123607 1.535114 7.164208
v 7.200000 1.300000 7.164208
v 7.042714 1.476342 7.328920
v 7.100010 1.300000 7.328920
v 7.101932 1.519366 7.259305
v 7.173208 1.300000 7.259305
v 7.042714 1.476342 7.328920
v 7.100010 1.300000 7.328920
v 6.892708 1.585327 7.328920
v 7.042714 1.476342 7.328920
v 7.101932 1.519366 7.259305
v 6.915328 1.654942 7.259305
v 6.892708 1.585327 7.328920
v 6.707292 1.585327 7.328920
v 6.684673 1.654942 7.259305
v 6.707292 1.585327 7.328920
v 6.557287 1.476342 7.328920
v 6.498069 1.519366 7.259305
v 6.557287 1.476342 7.328920
v 6.499990 1.300000 7.328920
v 6.426792 1.300000 7.259305
v 6.499990 1.300000 7.328920
v 6.557287 1.123659 7.328920
v 6.498069 1.080634 7.259305
v 6.557287 1.123659 7.328920
v 6.707292 1.014673 7.328920
v 6.684673 0.945058 7.259305
v 6.707292 1.014673 7.328920
v 6.892708 1.014673 7.328920
v 6.915328 0.945058 7.259305
v 6.892708 1.014673 7.328920
v 7.042714 1.123659 7.328920
v 7.101932 1.080634 7.259305
v 7.042714 1.123659 7.328920
vn -0.0000 -0.0000 -1.0000
vn 0.1324 0.0962 0.9865
vn 0.0506 0.1556 0.9865
vn -0.0000 -0.0000 1.0000
vn -0.0506 0.1556 0.9865
vn -0.1324 0.0962 0.9865
vn -0.1636 -0.0000 0.9865
vn -0.1324 -0.0962 0.9865
vn -0.0506 -0.1556 0.9865
vn 0.0506 -0.1556 0.9865
vn 0.1324 -0.0962 0.9865
vn 0.1636 -0.0000 0.9865
vn 0.5878 0.8090 -0.0000
vn 0.5878 0.8090 0.0081
vn -0.0000 1.0000 -0.0000
vn -0.0000 1.0000 0.0081
vn -0.5878 0.8090 -0.0000
vn -0.5878 0.8090 0.0081
vn -0.9511 0.3090 -0.0000
vn -0.9510 0.3090 0.0081
vn -0.9511 -0.3090 -0.0000
vn -0.9510 -0.3090 0.0081
vn -0.5878 -0.8090 -0.0000
vn -0.5878 -0.8090 0.0081
vn -0.0000 -1.0000 -0.0000
vn -0.0000 -1.0000 0.0081
vn 0.5878 -0.8090 -0.0000
vn 0.5878 -0.8090 0.0081
vn 0.9511 -0.3090 -0.0000
vn 0.9510 -0.3090 0.0081
vn 0.9511 0.3090 -0.0000
vn 0.9510 0.3090 0.0081
vn 0.1998 0.1451 0.9690
vn 0.2469 -0.0000 0.9690
vn 0.7105 0.5162 0.4782
vn 0.8783 -0.0000 0.4781
vn 0.5576 0.4050 0.7246
vn 0.6892 -0.0000 0.7246
vn 0.0763 0.2349 0.9690
vn 0.5575 0.4051 0.7246
vn 0.7105 0.5163 0.4782
vn 0.2714 0.8353 0.4782
vn 0.2130 0.6554 0.7246
vn -0.0763 0.2349 0.9690
vn -0.2714 0.8353 0.4782
vn -0.2130 0.6554 0.7246
vn -0.1998 0.1452 0.9690
vn -0.7105 0.5162 0.4782
vn -0.5575 0.4051 0.7246
vn -0.2469 -0.0000 0.9690
vn -0.8783 -0.0000 0.4781
vn -0.6892 -0.0000 0.7246
vn -0.1998 -0.1451 0.9690
vn -0.7105 -0.5162 0.4782
vn -0.5575 -0.4051 0.7246
vn -0.0763 -0.2349 0.9690
vn -0.2714 -0.8353 0.4781
vn -0.2130 -0.6554 0.7246
vn 0.0763 -0.2349 0.9690
vn 0.2714 -0.8353 0.4782
vn 0.2130 -0.6554 0.7246
vn 0.1998 -0.1452 0.9690
vn 0.7105 -0.5162 0.4781
vn 0.5575 -0.4051 0.7246
vt 0.548284 0.992353
vt 0.626409 0.935591
vt 0.500000 0.850000
vt 0.451716 0.992353
vt 0.373591 0.935591
vt 0.343750 0.843750
vt 0.373591 0.751909
vt 0.451716 0.695147
vt 0.548284 0.695147
vt 0.626409 0.751909
vt 0.656250 0.843750
vt 0.563211 0.113449
vt 0.524144 0.085066
vt 0.500000 0.162500
vt 0.475856 0.085066
vt 0.436789 0.113449
vt 0.421867 0.159375
vt 0.436789 0.205300
vt 0.475856 0.233684
vt 0.524144 0.233683
vt 0.563211 0.205300
vt 0.578133 0.159375
vt 0.375000 0.687500
vt 0.400000 0.687500
vt 0.400000 0.335394
vt 0.375000 0.335394
vt 0.425000 0.687500
vt 0.425000 0.335394
vt 0.450000 0.687500
vt 0.450000 0.335394
vt 0.475000 0.687500
vt 0.475000 0.335394
vt 0.500000 0.687500
vt 0.500000 0.335394
vt 0.525000 0.687500
vt 0.525000 0.335394
vt 0.550000 0.687500
vt 0.550000 0.335394
vt 0.575000 0.687500
vt 0.575000 0.335394
vt 0.600000 0.687500
vt 0.600000 0.335394
vt 0.625000 0.687500
vt 0.625000 0.335394
vt 0.626409 0.064409
vt 0.656250 0.156250
vt 0.625000 0.323609
vt 0.600000 0.324252
vt 0.625000 0.311560
vt 0.600000 0.311560
vt 0.548284 0.007647
vt 0.375000 0.311560
vt 0.375000 0.323609
vt 0.400000 0.324253
vt 0.400000 0.311560
vt 0.451716 0.007647
vt 0.425000 0.324297
vt 0.425000 0.311560
vt 0.373591 0.064409
vt 0.450000 0.324301
vt 0.450000 0.311560
vt 0.343750 0.156250
vt 0.475000 0.324301
vt 0.475000 0.311560
vt 0.373591 0.248091
vt 0.500000 0.324301
vt 0.500000 0.311560
vt 0.451716 0.304853
vt 0.525000 0.324301
vt 0.525000 0.311560
vt 0.548284 0.304853
vt 0.550000 0.324301
vt 0.550000 0.311560
vt 0.626409 0.248091
vt 0.575000 0.324297
vt 0.575000 0.311560
s 0
usemtl aiStandardSurface1
f 915/726/566 916/727/566 917/728/566
f 918/729/566 915/726/566 917/728/566
f 919/730/566 918/729/566 917/728/566
f 920/731/566 919/730/566 917/728/566
f 921/732/566 920/731/566 917/728/566
f 922/733/566 921/732/566 917/728/566
f 923/734/566 922/733/566 917/728/566
f 924/735/566 923/734/566 917/728/566
f 925/736/566 924/735/566 917/728/566
f 916/727/566 925/736/566 917/728/566
s 1
f 926/737/567 927/738/568 928/739/569
f 927/738/568 929/740/570 928/739/569
f 929/740/570 930/741/571 928/739/569
f 930/741/571 931/742/572 928/739/569
f 931/742/572 932/743/573 928/739/569
f 932/743/573 933/744/574 928/739/569
f 933/744/574 934/745/575 928/739/569
f 934/745/575 935/746/576 928/739/569
f 935/746/576 936/747/577 928/739/569
f 936/747/577 926/737/567 928/739/569
f 937/748/578 938/749/578 939/750/579
f 937/748/578 939/750/579 940/751/579
f 941/749/580 942/752/580 943/753/581
f 941/749/580 943/753/581 944/750/581
f 945/752/582 946/754/582 947/755/583
f 945/752/582 947/755/583 948/753/583
f 949/754/584 950/756/584 951/757/585
f 949/754/584 951/757/585 952/755/585
f 953/756/586 954/758/586 955/759/587
f 953/756/586 955/759/587 956/757/587
f 957/758/588 958/760/588 959/761/589
f 957/758/588 959/761/589 960/759/589
f 961/760/590 962/762/590 963/763/591
f 961/760/590 963/763/591 964/761/591
f 965/762/592 966/764/592 967/765/593
f 965/762/592 967/765/593 968/763/593
f 969/764/594 970/766/594 971/767/595
f 969/764/594 971/767/595 972/765/595
f 973/766/596 974/768/596 975/769/597
f 973/766/596 975/769/597 976/767/597
f 977/770/598 926/737/567 936/747/577
f 977/770/598 936/747/577 978/771/599
f 975/769/597 979/772/600 980/773/601
f 975/769/597 980/773/601 976/767/597
f 979/772/600 981/774/602 982/775/603
f 979/772/600 982/775/603 980/773/601
f 926/737/567 977/770/598 983/776/604
f 926/737/567 983/776/604 927/738/568
f 984/777/605 985/778/606 986/779/607
f 984/777/605 986/779/607 987/780/608
f 985/778/606 940/751/579 939/750/579
f 985/778/606 939/750/579 986/779/607
f 927/738/568 983/776/604 988/781/609
f 927/738/568 988/781/609 929/740/570
f 987/780/608 986/779/607 989/782/610
f 987/780/608 989/782/610 990/783/611
f 986/779/607 944/750/581 943/753/581
f 986/779/607 943/753/581 989/782/610
f 929/740/570 988/781/609 991/784/612
f 929/740/570 991/784/612 930/741/571
f 990/783/611 989/782/610 992/785/613
f 990/783/611 992/785/613 993/786/614
f 989/782/610 948/753/583 947/755/583
f 989/782/610 947/755/583 992/785/613
f 930/741/571 991/784/612 994/787/615
f 930/741/571 994/787/615 931/742/572
f 993/786/614 992/785/613 995/788/616
f 993/786/614 995/788/616 996/789/617
f 992/785/613 952/755/585 951/757/585
f 992/785/613 951/757/585 995/788/616
f 931/742/572 994/787/615 997/790/618
f 931/742/572 997/790/618 932/743/573
f 996/789/617 995/788/616 998/791/619
f 996/789/617 998/791/619 999/792/620
f 995/788/616 956/757/587 955/759/587
f 995/788/616 955/759/587 998/791/619
f 932/743/573 997/790/618 1000/793/621
f 932/743/573 1000/793/621 933/744/574
f 999/792/620 998/791/619 1001/794/622
f 999/792/620 1001/794/622 1002/795/623
f 998/791/619 960/759/589 959/761/589
f 998/791/619 959/761/589 1001/794/622
f 933/744/574 1000/793/621 1003/796/624
f 933/744/574 1003/796/624 934/745/575
f 1002/795/623 1001/794/622 1004/797/625
f 1002/795/623 1004/797/625 1005/798/626
f 1001/794/622 964/761/591 963/763/591
f 1001/794/622 963/763/591 1004/797/625
f 934/745/575 1003/796/624 1006/799/627
f 934/745/575 1006/799/627 935/746/576
f 1005/798/626 1004/797/625 1007/800/628
f 1005/798/626 1007/800/628 1008/801/629
f 1004/797/625 968/763/593 967/765/593
f 1004/797/625 967/765/593 1007/800/628
f 935/746/576 1006/799/627 978/771/599
f 935/746/576 978/771/599 936/747/577
f 1008/801/629 1007/800/628 980/773/601
f 1008/801/629 980/773/601 982/775/603
f 1007/800/628 972/765/595 971/767/595
f 1007/800/628 971/767/595 980/773/601
o pCylinder12_aiStandardSurface1_0
v 8.418036 2.475572 4.971684
v 8.702114 1.918035 4.971684
v 6.800000 1.300000 4.971683
v 7.975572 2.918036 4.971684
v 7.418035 3.202115 4.971684
v 6.800000 3.300002 4.971684
v 6.181966 3.202115 4.971684
v 5.624429 2.918036 4.971684
v 5.181966 2.475572 4.971684
v 4.897887 1.918035 4.971684
v 4.800000 1.300000 4.971683
v 4.897887 0.681966 4.971683
v 5.181966 0.124429 4.971683
v 5.624430 -0.318034 4.971683
v 6.181966 -0.602114 4.971683
v 6.800000 -0.700000 4.971683
v 7.418034 -0.602113 4.971683
v 7.975571 -0.318034 4.971683
v 8.418035 0.124429 4.971683
v 8.702113 0.681966 4.971683
v 8.800000 1.300000 4.971683
v 8.702114 1.918035 6.971684
v 8.418036 2.475572 6.971684
v 6.800000 1.300000 6.971684
v 7.975572 2.918036 6.971684
v 7.418035 3.202115 6.971684
v 6.800000 3.300002 6.971684
v 6.181966 3.202115 6.971684
v 5.624429 2.918036 6.971684
v 5.181966 2.475572 6.971684
v 4.897887 1.918035 6.971684
v 4.800000 1.300000 6.971684
v 4.897887 0.681966 6.971684
v 5.181966 0.124429 6.971684
v 5.624430 -0.318035 6.971684
v 6.181966 -0.602114 6.971684
v 6.800000 -0.700001 6.971684
v 7.418034 -0.602114 6.971684
v 7.975571 -0.318035 6.971684
v 8.418035 0.124429 6.971684
v 8.702113 0.681966 6.971684
v 8.800000 1.300000 6.971684
v 8.702114 1.918035 4.971684
v 8.418036 2.475572 4.971684
v 8.418036 2.475572 6.971684
v 8.702114 1.918035 6.971684
v 7.975572 2.918036 4.971684
v 7.975572 2.918036 6.971684
v 7.418035 3.202115 4.971684
v 7.418035 3.202115 6.971684
v 6.800000 3.300002 4.971684
v 6.800000 3.300002 6.971684
v 6.181966 3.202115 4.971684
v 6.181966 3.202115 6.971684
v 5.624429 2.918036 4.971684
v 5.624429 2.918036 6.971684
v 5.181966 2.475572 4.971684
v 5.181966 2.475572 6.971684
v 4.897887 1.918035 4.971684
v 4.897887 1.918035 6.971684
v 4.800000 1.300000 4.971683
v 4.800000 1.300000 6.971684
v 4.897887 0.681966 4.971683
v 4.897887 0.681966 6.971684
v 5.181966 0.124429 4.971683
v 5.181966 0.124429 6.971684
v 5.624430 -0.318034 4.971683
v 5.624430 -0.318035 6.971684
v 6.181966 -0.602114 4.971683
v 6.181966 -0.602114 6.971684
v 6.800000 -0.700000 4.971683
v 6.800000 -0.700001 6.971684
v 7.418034 -0.602113 4.971683
v 7.418034 -0.602114 6.971684
v 7.975571 -0.318034 4.971683
v 7.975571 -0.318035 6.971684
v 8.418035 0.124429 4.971683
v 8.418035 0.124429 6.971684
v 8.702113 0.681966 4.971683
v 8.702113 0.681966 6.971684
v 8.800000 1.300000 4.971683
v 8.800000 1.300000 6.971684
v 8.702114 1.918035 4.971684
v 8.702114 1.918035 6.971684
vn -0.0000 -0.0000 -1.0000
vn -0.0000 -0.0000 1.0000
vn 0.9510 0.3090 0.0001
vn 0.8090 0.5878 -0.0000
vn 0.9510 0.3090 -0.0000
vn 0.5878 0.8090 -0.0000
vn 0.3090 0.9511 -0.0000
vn -0.0000 1.0000 -0.0000
vn -0.3090 0.9511 -0.0000
vn -0.5878 0.8090 -0.0000
vn -0.8090 0.5878 -0.0000
vn -0.9511 0.3090 -0.0000
vn -1.0000 -0.0000 -0.0000
vn -0.9511 -0.3090 -0.0000
vn -0.8090 -0.5878 -0.0000
vn -0.5878 -0.8090 -0.0000
vn -0.3090 -0.9511 -0.0000
vn -0.0000 -1.0000 -0.0000
vn 0.3090 -0.9511 -0.0000
vn 0.5878 -0.8090 -0.0000
vn 0.8090 -0.5878 -0.0000
vn 0.9511 -0.3090 -0.0000
vn 1.0000 -0.0000 -0.0000
vn 0.9511 0.3090 -0.0000
vn 0.9511 0.3090 -0.0001
vt 0.626409 0.935592
vt 0.648603 0.892034
vt 0.500000 0.850000
vt 0.591842 0.970159
vt 0.548284 0.992353
vt 0.500000 1.000000
vt 0.451716 0.992353
vt 0.408159 0.970159
vt 0.373591 0.935591
vt 0.351397 0.892034
vt 0.343750 0.843750
vt 0.351397 0.795466
vt 0.373591 0.751909
vt 0.408159 0.717341
vt 0.451716 0.695147
vt 0.500000 0.687500
vt 0.548284 0.695147
vt 0.591841 0.717341
vt 0.626409 0.751909
vt 0.648603 0.795466
vt 0.656250 0.843750
vt 0.648603 0.107966
vt 0.626409 0.064409
vt 0.500000 0.162500
vt 0.591841 0.029841
vt 0.548284 0.007647
vt 0.500000 0.000000
vt 0.451716 0.007647
vt 0.408159 0.029841
vt 0.373591 0.064409
vt 0.351397 0.107966
vt 0.343750 0.156250
vt 0.351397 0.204534
vt 0.373591 0.248091
vt 0.408159 0.282659
vt 0.451716 0.304853
vt 0.500000 0.312500
vt 0.548284 0.304853
vt 0.591842 0.282659
vt 0.626409 0.248092
vt 0.648603 0.204534
vt 0.656250 0.156250
vt 0.375000 0.687500
vt 0.387500 0.687500
vt 0.387500 0.311560
vt 0.375000 0.311560
vt 0.400000 0.687500
vt 0.400000 0.311560
vt 0.412500 0.687500
vt 0.412500 0.311560
vt 0.425000 0.687500
vt 0.425000 0.311560
vt 0.437500 0.687500
vt 0.437500 0.311560
vt 0.450000 0.687500
vt 0.450000 0.311560
vt 0.462500 0.687500
vt 0.462500 0.311560
vt 0.475000 0.687500
vt 0.475000 0.311560
vt 0.487500 0.687500
vt 0.487500 0.311560
vt 0.500000 0.687500
vt 0.500000 0.311560
vt 0.512500 0.687500
vt 0.512500 0.311560
vt 0.525000 0.687500
vt 0.525000 0.311560
vt 0.537500 0.687500
vt 0.537500 0.311560
vt 0.550000 0.687500
vt 0.550000 0.311560
vt 0.562500 0.687500
vt 0.562500 0.311560
vt 0.575000 0.687500
vt 0.575000 0.311560
vt 0.587500 0.687500
vt 0.587500 0.311560
vt 0.600000 0.687500
vt 0.600000 0.311560
vt 0.612500 0.687500
vt 0.612500 0.311560
vt 0.625000 0.687500
vt 0.625000 0.311560
s 0
usemtl aiStandardSurface1
f 1009/802/630 1010/803/630 1011/804/630
f 1012/805/630 1009/802/630 1011/804/630
f 1013/806/630 1012/805/630 1011/804/630
f 1014/807/630 1013/806/630 1011/804/630
f 1015/808/630 1014/807/630 1011/804/630
f 1016/809/630 1015/808/630 1011/804/630
f 1017/810/630 1016/809/630 1011/804/630
f 1018/811/630 1017/810/630 1011/804/630
f 1019/812/630 1018/811/630 1011/804/630
f 1020/813/630 1019/812/630 1011/804/630
f 1021/814/630 1020/813/630 1011/804/630
f 1022/815/630 1021/814/630 1011/804/630
f 1023/816/630 1022/815/630 1011/804/630
f 1024/817/630 1023/816/630 1011/804/630
f 1025/818/630 1024/817/630 1011/804/630
f 1026/819/630 1025/818/630 1011/804/630
f 1027/820/630 1026/819/630 1011/804/630
f 1028/821/630 1027/820/630 1011/804/630
f 1029/822/630 1028/821/630 1011/804/630
f 1010/803/630 1029/822/630 1011/804/630
f 1030/823/631 1031/824/631 1032/825/631
f 1031/824/631 1033/826/631 1032/825/631
f 1033/826/631 1034/827/631 1032/825/631
f 1034/827/631 1035/828/631 1032/825/631
f 1035/828/631 1036/829/631 1032/825/631
f 1036/829/631 1037/830/631 1032/825/631
f 1037/830/631 1038/831/631 1032/825/631
f 1038/831/631 1039/832/631 1032/825/631
f 1039/832/631 1040/833/631 1032/825/631
f 1040/833/631 1041/834/631 1032/825/631
f 1041/834/631 1042/835/631 1032/825/631
f 1042/835/631 1043/836/631 1032/825/631
f 1043/836/631 1044/837/631 1032/825/631
f 1044/837/631 1045/838/631 1032/825/631
f 1045/838/631 1046/839/631 1032/825/631
f 1046/839/631 1047/840/631 1032/825/631
f 1047/840/631 1048/841/631 1032/825/631
f 1048/841/631 1049/842/631 1032/825/631
f 1049/842/631 1050/843/631 1032/825/631
f 1050/843/631 1030/823/631 1032/825/631
s 1
f 1051/844/632 1052/845/633 1053/846/633
f 1051/844/632 1053/846/633 1054/847/634
f 1052/845/633 1055/848/635 1056/849/635
f 1052/845/633 1056/849/635 1053/846/633
f 1055/848/635 1057/850/636 1058/851/636
f 1055/848/635 1058/851/636 1056/849/635
f 1057/850/636 1059/852/637 1060/853/637
f 1057/850/636 1060/853/637 1058/851/636
f 1059/852/637 1061/854/638 1062/855/638
f 1059/852/637 1062/855/638 1060/853/637
f 1061/854/638 1063/856/639 1064/857/639
f 1061/854/638 1064/857/639 1062/855/638
f 1063/856/639 1065/858/640 1066/859/640
f 1063/856/639 1066/859/640 1064/857/639
f 1065/858/640 1067/860/641 1068/861/641
f 1065/858/640 1068/861/641 1066/859/640
f 1067/860/641 1069/862/642 1070/863/642
f 1067/860/641 1070/863/642 1068/861/641
f 1069/862/642 1071/864/643 1072/865/643
f 1069/862/642 1072/865/643 1070/863/642
f 1071/864/643 1073/866/644 1074/867/644
f 1071/864/643 1074/867/644 1072/865/643
f 1073/866/644 1075/868/645 1076/869/645
f 1073/866/644 1076/869/645 1074/867/644
f 1075/868/645 1077/870/646 1078/871/646
f 1075/868/645 1078/871/646 1076/869/645
f 1077/870/646 1079/872/647 1080/873/647
f 1077/870/646 1080/873/647 1078/871/646
f 1079/872/647 1081/874/648 1082/875/648
f 1079/872/647 1082/875/648 1080/873/647
f 1081/874/648 1083/876/649 1084/877/649
f 1081/874/648 1084/877/649 1082/875/648
f 1083/876/649 1085/878/650 1086/879/650
f 1083/876/649 1086/879/650 1084/877/649
f 1085/878/650 1087/880/651 1088/881/651
f 1085/878/650 1088/881/651 1086/879/650
f 1087/880/651 1089/882/652 1090/883/652
f 1087/880/651 1090/883/652 1088/881/651
f 1089/882/652 1091/884/653 1092/885/654
f 1089/882/652 1092/885/654 1090/883/652
o pCube9_aiStandardSurface1_0
v -3.828226 10.193413 -4.328707
v -3.828577 10.739194 -4.577951
v -3.936170 12.556143 -0.599156
v -3.935819 12.010361 -0.349911
v -3.935819 12.010361 -0.349911
v -3.936170 12.556143 -0.599156
v -4.893191 12.545855 -0.620337
v -4.892840 12.000073 -0.371093
v -4.892840 12.000073 -0.371093
v -4.893191 12.545855 -0.620337
v -4.785599 10.728907 -4.599133
v -4.785248 10.183125 -4.349888
v -4.785248 10.183125 -4.349888
v -4.785599 10.728907 -4.599133
v -3.828577 10.739194 -4.577951
v -3.828226 10.193413 -4.328707
v -3.828577 10.739194 -4.577951
v -4.785599 10.728907 -4.599133
v -4.893191 12.545855 -0.620337
v -3.936170 12.556143 -0.599156
v -4.785248 10.183125 -4.349888
v -3.828226 10.193413 -4.328707
v -3.935819 12.010361 -0.349911
v -4.892840 12.000073 -0.371093
vn 0.9997 0.0107 0.0221
vn -0.0246 0.4153 0.9094
vn -0.9997 -0.0107 -0.0221
vn 0.0246 -0.4153 -0.9094
vn -0.0006 0.9096 -0.4154
vn 0.0006 -0.9096 0.4154
vt 0.375000 1.000000
vt 0.625000 1.000000
vt 0.625000 0.750000
vt 0.375000 0.750000
vt 0.625000 0.500000
vt 0.375000 0.500000
vt 0.625000 0.250000
vt 0.375000 0.250000
vt 0.625000 0.000000
vt 0.375000 0.000000
vt 0.875000 1.000000
vt 0.875000 0.750000
vt 0.125000 1.000000
vt 0.125000 0.750000
s 0
usemtl aiStandardSurface1
f 1093/886/655 1094/887/655 1095/888/655
f 1093/886/655 1095/888/655 1096/889/655
f 1097/889/656 1098/888/656 1099/890/656
f 1097/889/656 1099/890/656 1100/891/656
f 1101/891/657 1102/890/657 1103/892/657
f 1101/891/657 1103/892/657 1104/893/657
f 1105/893/658 1106/892/658 1107/894/658
f 1105/893/658 1107/894/658 1108/895/658
f 1109/887/659 1110/896/659 1111/897/659
f 1109/887/659 1111/897/659 1112/888/659
f 1113/898/660 1114/886/660 1115/889/660
f 1113/898/660 1115/889/660 1116/899/660
o pCylinder6_aiStandardSurface1_0
v -4.271678 4.042598 -6.889677
v -4.146665 3.951769 -6.889678
v -4.348940 3.804810 -6.889678
v -4.426202 4.042598 -6.889677
v -4.551215 3.951769 -6.889678
v -4.598965 3.804810 -6.889678
v -4.551215 3.657849 -6.889678
v -4.426202 3.567022 -6.889678
v -4.271678 3.567021 -6.889678
v -4.146665 3.657849 -6.889678
v -4.098915 3.804810 -6.889678
v -4.146665 3.951769 7.110330
v -4.271677 4.042596 7.110331
v -4.348940 3.804808 7.110330
v -4.426202 4.042596 7.110331
v -4.551215 3.951769 7.110330
v -4.598966 3.804808 7.110330
v -4.551215 3.657845 7.110330
v -4.426202 3.567019 7.110330
v -4.271677 3.567019 7.110330
v -4.146665 3.657845 7.110330
v -4.098914 3.804808 7.110330
v -4.045548 4.025235 -6.857827
v -4.233055 4.161466 -6.857827
v -3.944431 4.098702 -6.651940
v -3.971526 4.079018 -6.770807
v -4.204781 4.248485 -6.770807
v -4.194431 4.280338 -6.651937
v -3.971526 4.079018 -6.770807
v -4.045548 4.025235 -6.857827
v -4.233055 4.161466 -6.857827
v -4.204781 4.248485 -6.770807
v -4.464825 4.161466 -6.857827
v -4.194431 4.280338 -6.651937
v -4.204781 4.248485 -6.770807
v -4.493099 4.248485 -6.770807
v -4.503448 4.280338 -6.651937
v -4.464825 4.161466 -6.857827
v -4.493099 4.248485 -6.770807
v -4.652331 4.025235 -6.857827
v -4.503448 4.280338 -6.651937
v -4.726354 4.079018 -6.770807
v -4.753448 4.098702 -6.651940
v -4.652331 4.025235 -6.857827
v -4.723953 3.804810 -6.857827
v -4.753448 4.098702 -6.651940
v -4.815450 3.804809 -6.770807
v -4.848940 3.804809 -6.651938
v -4.723953 3.804810 -6.857827
v -4.652332 3.584383 -6.857825
v -4.848940 3.804809 -6.651938
v -4.726354 3.530603 -6.770806
v -4.753448 3.510915 -6.651938
v -4.652332 3.584383 -6.857825
v -4.464825 3.448151 -6.857826
v -4.753448 3.510915 -6.651938
v -4.493099 3.361132 -6.770809
v -4.503448 3.329280 -6.651938
v -4.464825 3.448151 -6.857826
v -4.233055 3.448151 -6.857826
v -4.503448 3.329280 -6.651938
v -4.493099 3.361132 -6.770809
v -4.204781 3.361132 -6.770809
v -4.194431 3.329281 -6.651938
v -4.233055 3.448151 -6.857826
v -4.204781 3.361132 -6.770809
v -4.045548 3.584383 -6.857825
v -4.194431 3.329281 -6.651938
v -3.971526 3.530603 -6.770806
v -3.944431 3.510915 -6.651938
v -4.045548 3.584383 -6.857825
v -3.973927 3.804810 -6.857827
v -3.944431 3.510915 -6.651938
v -3.882430 3.804809 -6.770807
v -3.848940 3.804809 -6.651938
v -3.973927 3.804810 -6.857827
v -4.045548 4.025235 -6.857827
v -3.971526 4.079018 -6.770807
v -3.971526 4.079018 -6.770807
v -3.944431 4.098702 -6.651940
v -3.848940 3.804809 -6.651938
v -3.882430 3.804809 -6.770807
v -4.194431 4.280336 6.872592
v -3.944431 4.098701 6.872590
v -4.503448 4.280336 6.872592
v -4.194431 4.280336 6.872592
v -4.753448 4.098700 6.872591
v -4.503448 4.280336 6.872592
v -4.848940 3.804808 6.872591
v -4.753448 4.098700 6.872591
v -4.753448 3.510914 6.872591
v -4.848940 3.804808 6.872591
v -4.503448 3.329279 6.872591
v -4.753448 3.510914 6.872591
v -4.194431 3.329279 6.872591
v -4.503448 3.329279 6.872591
v -3.944431 3.510914 6.872591
v -4.194431 3.329279 6.872591
v -3.848940 3.804808 6.872591
v -3.944431 3.510914 6.872591
v -3.944431 4.098701 6.872590
v -3.848940 3.804808 6.872591
v -3.971526 4.079015 6.991460
v -4.204780 4.248484 6.991461
v -4.045548 4.025235 7.078479
v -4.233055 4.161466 7.078480
v -4.045548 4.025235 7.078479
v -3.971526 4.079015 6.991460
v -4.204780 4.248484 6.991461
v -4.233055 4.161466 7.078480
v -4.493100 4.248484 6.991461
v -4.464825 4.161466 7.078480
v -4.493100 4.248484 6.991461
v -4.493100 4.248484 6.991461
v -4.726355 4.079014 6.991460
v -4.652332 4.025235 7.078479
v -4.726355 4.079014 6.991460
v -4.726355 4.079014 6.991460
v -4.815450 3.804808 6.991460
v -4.723953 3.804807 7.078479
v -4.815450 3.804808 6.991460
v -4.815450 3.804808 6.991460
v -4.726354 3.530599 6.991461
v -4.652332 3.584380 7.078480
v -4.726354 3.530599 6.991461
v -4.493100 3.361130 6.991460
v -4.464825 3.448149 7.078480
v -4.493100 3.361130 6.991460
v -4.204780 3.361130 6.991460
v -4.233055 3.448149 7.078480
v -4.204780 3.361130 6.991460
v -3.971526 3.530599 6.991461
v -4.045548 3.584380 7.078480
v -3.971526 3.530599 6.991461
v -3.882430 3.804808 6.991460
v -3.973927 3.804807 7.078479
v -3.882430 3.804808 6.991460
v -3.971526 4.079015 6.991460
vn 0.0506 0.1556 -0.9865
vn 0.1324 0.0962 -0.9865
vn -0.0000 -0.0000 -1.0000
vn -0.0506 0.1556 -0.9865
vn -0.1324 0.0962 -0.9865
vn -0.1636 -0.0000 -0.9865
vn -0.1324 -0.0962 -0.9865
vn -0.0506 -0.1556 -0.9865
vn 0.0506 -0.1556 -0.9865
vn 0.1324 -0.0962 -0.9865
vn 0.1636 -0.0000 -0.9865
vn 0.1324 0.0962 0.9865
vn 0.0506 0.1556 0.9865
vn -0.0000 -0.0000 1.0000
vn -0.0506 0.1556 0.9865
vn -0.1324 0.0962 0.9865
vn -0.1636 -0.0000 0.9865
vn -0.1324 -0.0962 0.9865
vn -0.0506 -0.1556 0.9865
vn 0.0506 -0.1556 0.9865
vn 0.1324 -0.0962 0.9865
vn 0.1636 -0.0000 0.9865
vn 0.4459 0.3240 -0.8344
vn 0.1703 0.5243 -0.8343
vn 0.5878 0.8090 -0.0022
vn 0.5677 0.7815 -0.2588
vn 0.5678 0.7815 -0.2588
vn 0.5575 0.4051 -0.7246
vn 0.4460 0.3241 -0.8343
vn 0.2130 0.6554 -0.7246
vn -0.0763 0.2348 -0.9690
vn -0.0000 1.0000 -0.0022
vn -0.0000 0.9659 -0.2588
vn -0.2130 0.6554 -0.7246
vn -0.3789 0.7415 -0.5538
vn -0.4460 0.3240 -0.8344
vn -0.5878 0.8090 -0.0022
vn -0.7105 0.5162 -0.4782
vn -0.4460 0.3240 -0.8343
vn -0.5512 -0.0000 -0.8344
vn -0.9511 0.3090 -0.0022
vn -0.8783 -0.0000 -0.4781
vn -0.5513 -0.0000 -0.8343
vn -0.4459 -0.3240 -0.8344
vn -0.9511 -0.3090 -0.0022
vn -0.7105 -0.5162 -0.4782
vn -0.4460 -0.3240 -0.8343
vn -0.1703 -0.5243 -0.8344
vn -0.5878 -0.8090 -0.0022
vn -0.3789 -0.7415 -0.5538
vn -0.1704 -0.5243 -0.8343
vn 0.0763 -0.2349 -0.9690
vn -0.0000 -1.0000 -0.0021
vn -0.0000 -0.9659 -0.2588
vn -0.0000 -1.0000 -0.0022
vn 0.2130 -0.6554 -0.7246
vn 0.3789 -0.7415 -0.5538
vn 0.1998 -0.1452 -0.9690
vn 0.5878 -0.8090 -0.0022
vn 0.7105 -0.5162 -0.4782
vn 0.5575 -0.4051 -0.7246
vn 0.5512 -0.0000 -0.8344
vn 0.9511 -0.3090 -0.0022
vn 0.8223 -0.1312 -0.5538
vn 0.5513 -0.0000 -0.8343
vn 0.4460 0.3240 -0.8343
vn 0.9186 0.2985 -0.2588
vn 0.9511 0.3090 -0.0022
vn 0.9511 0.3090 -0.0021
vn 0.5878 0.8090 0.0022
vn -0.0000 1.0000 0.0022
vn -0.5878 0.8090 0.0022
vn -0.9511 0.3090 0.0021
vn -0.9511 0.3090 0.0022
vn -0.9511 -0.3090 0.0021
vn -0.9511 -0.3090 0.0022
vn -0.5878 -0.8090 0.0021
vn -0.5878 -0.8090 0.0022
vn -0.0000 -1.0000 0.0021
vn -0.0000 -1.0000 0.0022
vn 0.5878 -0.8090 0.0021
vn 0.5878 -0.8090 0.0022
vn 0.9511 -0.3090 0.0021
vn 0.9511 -0.3090 0.0022
vn 0.9511 0.3090 0.0021
vn 0.9511 0.3090 0.0022
vn 0.7105 0.5163 0.4781
vn 0.2715 0.8353 0.4781
vn 0.1998 0.1451 0.9690
vn 0.0763 0.2349 0.9690
vn 0.5575 0.4051 0.7246
vn 0.7105 0.5162 0.4782
vn 0.2714 0.8353 0.4782
vn 0.2130 0.6554 0.7246
vn 0.2714 0.8353 0.4781
vn -0.1293 0.8226 0.5537
vn -0.1703 0.5243 0.8343
vn -0.1293 0.8225 0.5538
vn -0.5678 0.7814 0.2588
vn -0.4460 0.3240 0.8343
vn -0.5575 0.4051 0.7246
vn -0.9186 0.2985 0.2588
vn -0.5513 -0.0000 0.8343
vn -0.8223 -0.1312 0.5538
vn -0.8223 -0.1312 0.5537
vn -0.7106 -0.5162 0.4781
vn -0.4460 -0.3240 0.8343
vn -0.7105 -0.5162 0.4782
vn -0.7105 -0.5163 0.4781
vn -0.2715 -0.8353 0.4781
vn -0.1703 -0.5243 0.8343
vn -0.2714 -0.8353 0.4782
vn -0.2714 -0.8353 0.4781
vn 0.2714 -0.8353 0.4781
vn 0.1703 -0.5243 0.8343
vn 0.2714 -0.8353 0.4782
vn 0.7105 -0.5163 0.4782
vn 0.4460 -0.3240 0.8343
vn 0.7105 -0.5162 0.4782
vn 0.7106 -0.5162 0.4781
vn 0.8783 -0.0001 0.4781
vn 0.5512 -0.0000 0.8343
vn 0.8782 -0.0000 0.4782
vn 0.7106 0.5162 0.4781
vn 0.8783 -0.0000 0.4781
vt 0.524144 0.921183
vt 0.563211 0.892800
vt 0.500000 0.850000
vt 0.475856 0.921183
vt 0.436789 0.892800
vt 0.421867 0.846875
vt 0.436789 0.800949
vt 0.475856 0.772566
vt 0.524144 0.772566
vt 0.563211 0.800949
vt 0.578133 0.846875
vt 0.563211 0.113449
vt 0.524144 0.085066
vt 0.500000 0.162500
vt 0.475856 0.085066
vt 0.436789 0.113449
vt 0.421867 0.159375
vt 0.436789 0.205300
vt 0.475855 0.233684
vt 0.524144 0.233684
vt 0.563211 0.205300
vt 0.578133 0.159375
vt 0.626409 0.935591
vt 0.548284 0.992353
vt 0.375000 0.681066
vt 0.375000 0.684247
vt 0.400000 0.684097
vt 0.400000 0.681116
vt 0.375000 0.687500
vt 0.400000 0.687500
vt 0.451716 0.992353
vt 0.425000 0.684063
vt 0.425000 0.681066
vt 0.425000 0.687500
vt 0.373591 0.935591
vt 0.450000 0.684063
vt 0.450000 0.681067
vt 0.450000 0.687500
vt 0.343750 0.843750
vt 0.475000 0.684084
vt 0.475000 0.681116
vt 0.475000 0.687500
vt 0.373591 0.751909
vt 0.500000 0.684062
vt 0.500000 0.681066
vt 0.500000 0.687500
vt 0.451716 0.695147
vt 0.525000 0.684062
vt 0.525000 0.681066
vt 0.525000 0.687500
vt 0.548284 0.695147
vt 0.550000 0.684085
vt 0.550000 0.681116
vt 0.550000 0.687500
vt 0.626409 0.751909
vt 0.575000 0.684087
vt 0.575000 0.681116
vt 0.575000 0.687500
vt 0.656250 0.843750
vt 0.600000 0.684078
vt 0.600000 0.681067
vt 0.600000 0.687500
vt 0.625000 0.687500
vt 0.625000 0.684273
vt 0.625000 0.681116
vt 0.400000 0.317943
vt 0.375000 0.317943
vt 0.425000 0.317943
vt 0.450000 0.317943
vt 0.475000 0.317946
vt 0.500000 0.317943
vt 0.525000 0.317943
vt 0.550000 0.317943
vt 0.575000 0.317944
vt 0.600000 0.317943
vt 0.625000 0.317944
vt 0.375000 0.311560
vt 0.400000 0.311560
vt 0.594299 0.089069
vt 0.536019 0.046726
vt 0.626409 0.064409
vt 0.548284 0.007647
vt 0.425000 0.311560
vt 0.463981 0.046726
vt 0.451716 0.007647
vt 0.450000 0.311560
vt 0.405701 0.089069
vt 0.373591 0.064409
vt 0.475000 0.311560
vt 0.383439 0.157582
vt 0.343750 0.156250
vt 0.500000 0.311560
vt 0.405701 0.226094
vt 0.373591 0.248091
vt 0.525000 0.311560
vt 0.463981 0.268437
vt 0.451716 0.304853
vt 0.550000 0.311560
vt 0.536019 0.268437
vt 0.548284 0.304853
vt 0.575000 0.311560
vt 0.594299 0.226094
vt 0.626409 0.248091
vt 0.600000 0.311560
vt 0.616561 0.157582
vt 0.656250 0.156250
vt 0.625000 0.311560
s 1
usemtl aiStandardSurface1
f 1117/900/661 1118/901/662 1119/902/663
f 1120/903/664 1117/900/661 1119/902/663
f 1121/904/665 1120/903/664 1119/902/663
f 1122/905/666 1121/904/665 1119/902/663
f 1123/906/667 1122/905/666 1119/902/663
f 1124/907/668 1123/906/667 1119/902/663
f 1125/908/669 1124/907/668 1119/902/663
f 1126/909/670 1125/908/669 1119/902/663
f 1127/910/671 1126/909/670 1119/902/663
f 1118/901/662 1127/910/671 1119/902/663
f 1128/911/672 1129/912/673 1130/913/674
f 1129/912/673 1131/914/675 1130/913/674
f 1131/914/675 1132/915/676 1130/913/674
f 1132/915/676 1133/916/677 1130/913/674
f 1133/916/677 1134/917/678 1130/913/674
f 1134/917/678 1135/918/679 1130/913/674
f 1135/918/679 1136/919/680 1130/913/674
f 1136/919/680 1137/920/681 1130/913/674
f 1137/920/681 1138/921/682 1130/913/674
f 1138/921/682 1128/911/672 1130/913/674
f 1139/922/683 1118/901/662 1117/900/661
f 1139/922/683 1117/900/661 1140/923/684
f 1141/924/685 1142/925/686 1143/926/687
f 1141/924/685 1143/926/687 1144/927/685
f 1145/925/688 1146/928/689 1147/929/684
f 1145/925/688 1147/929/684 1148/926/690
f 1140/923/684 1117/900/661 1120/903/664
f 1140/923/684 1120/903/664 1149/930/691
f 1150/927/692 1151/926/693 1152/931/693
f 1150/927/692 1152/931/693 1153/932/692
f 1148/926/690 1147/929/684 1154/933/694
f 1148/926/690 1154/933/694 1155/931/695
f 1149/930/691 1120/903/664 1121/904/665
f 1149/930/691 1121/904/665 1156/934/696
f 1157/932/697 1155/931/695 1158/935/698
f 1157/932/697 1158/935/698 1159/936/697
f 1155/931/695 1154/933/694 1160/937/699
f 1155/931/695 1160/937/699 1158/935/698
f 1156/934/696 1121/904/665 1122/905/666
f 1156/934/696 1122/905/666 1161/938/700
f 1162/936/701 1158/935/698 1163/939/702
f 1162/936/701 1163/939/702 1164/940/701
f 1158/935/698 1160/937/699 1165/941/703
f 1158/935/698 1165/941/703 1163/939/702
f 1161/938/700 1122/905/666 1123/906/667
f 1161/938/700 1123/906/667 1166/942/704
f 1167/940/705 1163/939/702 1168/943/706
f 1167/940/705 1168/943/706 1169/944/705
f 1163/939/702 1165/941/703 1170/945/707
f 1163/939/702 1170/945/707 1168/943/706
f 1166/942/704 1123/906/667 1124/907/668
f 1166/942/704 1124/907/668 1171/946/708
f 1172/944/709 1168/943/706 1173/947/710
f 1172/944/709 1173/947/710 1174/948/709
f 1168/943/706 1170/945/707 1175/949/711
f 1168/943/706 1175/949/711 1173/947/710
f 1171/946/708 1124/907/668 1125/908/669
f 1171/946/708 1125/908/669 1176/950/712
f 1177/948/713 1178/947/714 1179/951/714
f 1177/948/713 1179/951/714 1180/952/715
f 1173/947/710 1175/949/711 1181/953/716
f 1173/947/710 1181/953/716 1182/951/717
f 1176/950/712 1125/908/669 1126/909/670
f 1176/950/712 1126/909/670 1183/954/718
f 1184/952/719 1182/951/717 1185/955/720
f 1184/952/719 1185/955/720 1186/956/719
f 1182/951/717 1181/953/716 1187/957/721
f 1182/951/717 1187/957/721 1185/955/720
f 1183/954/718 1126/909/670 1127/910/671
f 1183/954/718 1127/910/671 1188/958/722
f 1189/956/723 1185/955/720 1190/959/724
f 1189/956/723 1190/959/724 1191/960/723
f 1185/955/720 1187/957/721 1192/961/725
f 1185/955/720 1192/961/725 1190/959/724
f 1118/901/662 1139/922/683 1188/958/722
f 1118/901/662 1188/958/722 1127/910/671
f 1193/962/726 1194/963/688 1190/959/724
f 1193/962/726 1190/959/724 1192/961/725
f 1195/963/727 1196/964/728 1197/960/729
f 1195/963/727 1197/960/729 1198/959/727
f 1141/924/685 1144/927/685 1199/965/730
f 1141/924/685 1199/965/730 1200/966/730
f 1150/927/692 1153/932/692 1201/967/731
f 1150/927/692 1201/967/731 1202/965/731
f 1157/932/697 1159/936/697 1203/968/732
f 1157/932/697 1203/968/732 1204/967/732
f 1162/936/701 1164/940/701 1205/969/733
f 1162/936/701 1205/969/733 1206/968/734
f 1167/940/705 1169/944/705 1207/970/735
f 1167/940/705 1207/970/735 1208/969/736
f 1172/944/709 1174/948/709 1209/971/737
f 1172/944/709 1209/971/737 1210/970/738
f 1177/948/713 1180/952/715 1211/972/739
f 1177/948/713 1211/972/739 1212/971/740
f 1184/952/719 1186/956/719 1213/973/741
f 1184/952/719 1213/973/741 1214/972/742
f 1189/956/723 1191/960/723 1215/974/743
f 1189/956/723 1215/974/743 1216/973/744
f 1197/960/729 1196/964/728 1217/975/745
f 1197/960/729 1217/975/745 1218/974/746
f 1219/976/747 1200/966/730 1199/965/730
f 1219/976/747 1199/965/730 1220/977/748
f 1128/911/672 1221/978/749 1222/979/750
f 1128/911/672 1222/979/750 1129/912/673
f 1223/978/751 1224/980/752 1225/981/753
f 1223/978/751 1225/981/753 1226/979/754
f 1220/977/755 1202/965/731 1201/967/731
f 1220/977/755 1201/967/731 1227/982/756
f 1129/912/673 1222/979/750 1228/983/757
f 1129/912/673 1228/983/757 1131/914/675
f 1226/979/754 1225/981/753 1229/984/758
f 1226/979/754 1229/984/758 1228/983/757
f 1230/982/759 1204/967/732 1203/968/732
f 1230/982/759 1203/968/732 1231/985/759
f 1131/914/675 1228/983/757 1232/986/760
f 1131/914/675 1232/986/760 1132/915/676
f 1228/983/757 1229/984/758 1233/987/761
f 1228/983/757 1233/987/761 1232/986/760
f 1234/985/762 1206/968/734 1205/969/733
f 1234/985/762 1205/969/733 1235/988/762
f 1132/915/676 1232/986/760 1236/989/763
f 1132/915/676 1236/989/763 1133/916/677
f 1232/986/760 1233/987/761 1237/990/764
f 1232/986/760 1237/990/764 1236/989/763
f 1238/988/765 1208/969/736 1207/970/735
f 1238/988/765 1207/970/735 1239/991/766
f 1133/916/677 1236/989/763 1240/992/767
f 1133/916/677 1240/992/767 1134/917/678
f 1236/989/763 1237/990/764 1241/993/768
f 1236/989/763 1241/993/768 1240/992/767
f 1239/991/769 1210/970/738 1209/971/737
f 1239/991/769 1209/971/737 1242/994/770
f 1134/917/678 1240/992/767 1243/995/771
f 1134/917/678 1243/995/771 1135/918/679
f 1240/992/767 1241/993/768 1244/996/772
f 1240/992/767 1244/996/772 1243/995/771
f 1242/994/773 1212/971/740 1211/972/739
f 1242/994/773 1211/972/739 1245/997/774
f 1135/918/679 1243/995/771 1246/998/775
f 1135/918/679 1246/998/775 1136/919/680
f 1243/995/771 1244/996/772 1247/999/776
f 1243/995/771 1247/999/776 1246/998/775
f 1245/997/774 1214/972/742 1213/973/741
f 1245/997/774 1213/973/741 1248/1000/777
f 1136/919/680 1246/998/775 1249/1001/778
f 1136/919/680 1249/1001/778 1137/920/681
f 1246/998/775 1247/999/776 1250/1002/779
f 1246/998/775 1250/1002/779 1249/1001/778
f 1248/1000/780 1216/973/744 1215/974/743
f 1248/1000/780 1215/974/743 1251/1003/781
f 1137/920/681 1249/1001/778 1252/1004/782
f 1137/920/681 1252/1004/782 1138/921/682
f 1249/1001/778 1250/1002/779 1253/1005/783
f 1249/1001/778 1253/1005/783 1252/1004/782
f 1217/975/745 1254/1006/784 1251/1003/785
f 1217/975/745 1251/1003/785 1218/974/746
f 1224/980/752 1223/978/751 1252/1004/782
f 1224/980/752 1252/1004/782 1253/1005/783
f 1221/978/749 1128/911/672 1138/921/682
f 1221/978/749 1138/921/682 1252/1004/782
o pCylinder13_aiStandardSurface1_0
v -6.015272 2.475572 4.971684
v -5.731193 1.918035 4.971684
v -7.633307 1.300000 4.971683
v -6.457736 2.918036 4.971684
v -7.015273 3.202115 4.971684
v -7.633307 3.300002 4.971684
v -8.251342 3.202115 4.971684
v -8.808878 2.918036 4.971684
v -9.251342 2.475572 4.971684
v -9.535421 1.918035 4.971684
v -9.633308 1.300000 4.971683
v -9.535421 0.681966 4.971683
v -9.251342 0.124429 4.971683
v -8.808878 -0.318034 4.971683
v -8.251342 -0.602114 4.971683
v -7.633307 -0.700000 4.971683
v -7.015274 -0.602113 4.971683
v -6.457737 -0.318034 4.971683
v -6.015274 0.124429 4.971683
v -5.731194 0.681966 4.971683
v -5.633307 1.300000 4.971683
v -5.731193 1.918035 6.971684
v -6.015272 2.475572 6.971684
v -7.633307 1.300000 6.971684
v -6.457736 2.918036 6.971684
v -7.015273 3.202115 6.971684
v -7.633307 3.300002 6.971684
v -8.251342 3.202115 6.971684
v -8.808878 2.918036 6.971684
v -9.251342 2.475572 6.971684
v -9.535421 1.918035 6.971684
v -9.633308 1.300000 6.971684
v -9.535421 0.681966 6.971684
v -9.251342 0.124429 6.971684
v -8.808878 -0.318035 6.971684
v -8.251342 -0.602114 6.971684
v -7.633307 -0.700001 6.971684
v -7.015274 -0.602114 6.971684
v -6.457737 -0.318035 6.971684
v -6.015274 0.124429 6.971684
v -5.731194 0.681966 6.971684
v -5.633307 1.300000 6.971684
v -5.731193 1.918035 4.971684
v -6.015272 2.475572 4.971684
v -6.015272 2.475572 6.971684
v -5.731193 1.918035 6.971684
v -6.457736 2.918036 4.971684
v -6.457736 2.918036 6.971684
v -7.015273 3.202115 4.971684
v -7.015273 3.202115 6.971684
v -7.633307 3.300002 4.971684
v -7.633307 3.300002 6.971684
v -8.251342 3.202115 4.971684
v -8.251342 3.202115 6.971684
v -8.808878 2.918036 4.971684
v -8.808878 2.918036 6.971684
v -9.251342 2.475572 4.971684
v -9.251342 2.475572 6.971684
v -9.535421 1.918035 4.971684
v -9.535421 1.918035 6.971684
v -9.633308 1.300000 4.971683
v -9.633308 1.300000 6.971684
v -9.535421 0.681966 4.971683
v -9.535421 0.681966 6.971684
v -9.251342 0.124429 4.971683
v -9.251342 0.124429 6.971684
v -8.808878 -0.318034 4.971683
v -8.808878 -0.318035 6.971684
v -8.251342 -0.602114 4.971683
v -8.251342 -0.602114 6.971684
v -7.633307 -0.700000 4.971683
v -7.633307 -0.700001 6.971684
v -7.015274 -0.602113 4.971683
v -7.015274 -0.602114 6.971684
v -6.457737 -0.318034 4.971683
v -6.457737 -0.318035 6.971684
v -6.015274 0.124429 4.971683
v -6.015274 0.124429 6.971684
v -5.731194 0.681966 4.971683
v -5.731194 0.681966 6.971684
v -5.633307 1.300000 4.971683
v -5.633307 1.300000 6.971684
v -5.731193 1.918035 4.971684
v -5.731193 1.918035 6.971684
vn -0.0000 -0.0000 -1.0000
vn -0.0000 -0.0000 1.0000
vn 0.9510 0.3090 0.0001
vn 0.8090 0.5878 -0.0000
vn 0.9510 0.3090 -0.0000
vn 0.5878 0.8090 -0.0000
vn 0.3090 0.9511 -0.0000
vn -0.0000 1.0000 -0.0000
vn -0.3090 0.9511 -0.0000
vn -0.5878 0.8090 -0.0000
vn -0.8090 0.5878 -0.0000
vn -0.9511 0.3090 -0.0000
vn -1.0000 -0.0000 -0.0000
vn -0.9511 -0.3090 -0.0000
vn -0.8090 -0.5878 -0.0000
vn -0.5878 -0.8090 -0.0000
vn -0.3090 -0.9511 -0.0000
vn -0.0000 -1.0000 -0.0000
vn 0.3090 -0.9511 -0.0000
vn 0.5878 -0.8090 -0.0000
vn 0.8090 -0.5878 -0.0000
vn 0.9511 -0.3090 -0.0000
vn 1.0000 -0.0000 -0.0000
vn 0.9511 0.3090 -0.0000
vn 0.9511 0.3090 -0.0001
vt 0.626409 0.935592
vt 0.648603 0.892034
vt 0.500000 0.850000
vt 0.591842 0.970159
vt 0.548284 0.992353
vt 0.500000 1.000000
vt 0.451716 0.992353
vt 0.408159 0.970159
vt 0.373591 0.935591
vt 0.351397 0.892034
vt 0.343750 0.843750
vt 0.351397 0.795466
vt 0.373591 0.751909
vt 0.408159 0.717341
vt 0.451716 0.695147
vt 0.500000 0.687500
vt 0.548284 0.695147
vt 0.591841 0.717341
vt 0.626409 0.751909
vt 0.648603 0.795466
vt 0.656250 0.843750
vt 0.648603 0.107966
vt 0.626409 0.064409
vt 0.500000 0.162500
vt 0.591841 0.029841
vt 0.548284 0.007647
vt 0.500000 0.000000
vt 0.451716 0.007647
vt 0.408159 0.029841
vt 0.373591 0.064409
vt 0.351397 0.107966
vt 0.343750 0.156250
vt 0.351397 0.204534
vt 0.373591 0.248091
vt 0.408159 0.282659
vt 0.451716 0.304853
vt 0.500000 0.312500
vt 0.548284 0.304853
vt 0.591842 0.282659
vt 0.626409 0.248092
vt 0.648603 0.204534
vt 0.656250 0.156250
vt 0.375000 0.687500
vt 0.387500 0.687500
vt 0.387500 0.311560
vt 0.375000 0.311560
vt 0.400000 0.687500
vt 0.400000 0.311560
vt 0.412500 0.687500
vt 0.412500 0.311560
vt 0.425000 0.687500
vt 0.425000 0.311560
vt 0.437500 0.687500
vt 0.437500 0.311560
vt 0.450000 0.687500
vt 0.450000 0.311560
vt 0.462500 0.687500
vt 0.462500 0.311560
vt 0.475000 0.687500
vt 0.475000 0.311560
vt 0.487500 0.687500
vt 0.487500 0.311560
vt 0.500000 0.687500
vt 0.500000 0.311560
vt 0.512500 0.687500
vt 0.512500 0.311560
vt 0.525000 0.687500
vt 0.525000 0.311560
vt 0.537500 0.687500
vt 0.537500 0.311560
vt 0.550000 0.687500
vt 0.550000 0.311560
vt 0.562500 0.687500
vt 0.562500 0.311560
vt 0.575000 0.687500
vt 0.575000 0.311560
vt 0.587500 0.687500
vt 0.587500 0.311560
vt 0.600000 0.687500
vt 0.600000 0.311560
vt 0.612500 0.687500
vt 0.612500 0.311560
vt 0.625000 0.687500
vt 0.625000 0.311560
s 0
usemtl aiStandardSurface1
f 1255/1007/786 1256/1008/786 1257/1009/786
f 1258/1010/786 1255/1007/786 1257/1009/786
f 1259/1011/786 1258/1010/786 1257/1009/786
f 1260/1012/786 1259/1011/786 1257/1009/786
f 1261/1013/786 1260/1012/786 1257/1009/786
f 1262/1014/786 1261/1013/786 1257/1009/786
f 1263/1015/786 1262/1014/786 1257/1009/786
f 1264/1016/786 1263/1015/786 1257/1009/786
f 1265/1017/786 1264/1016/786 1257/1009/786
f 1266/1018/786 1265/1017/786 1257/1009/786
f 1267/1019/786 1266/1018/786 1257/1009/786
f 1268/1020/786 1267/1019/786 1257/1009/786
f 1269/1021/786 1268/1020/786 1257/1009/786
f 1270/1022/786 1269/1021/786 1257/1009/786
f 1271/1023/786 1270/1022/786 1257/1009/786
f 1272/1024/786 1271/1023/786 1257/1009/786
f 1273/1025/786 1272/1024/786 1257/1009/786
f 1274/1026/786 1273/1025/786 1257/1009/786
f 1275/1027/786 1274/1026/786 1257/1009/786
f 1256/1008/786 1275/1027/786 1257/1009/786
f 1276/1028/787 1277/1029/787 1278/1030/787
f 1277/1029/787 1279/1031/787 1278/1030/787
f 1279/1031/787 1280/1032/787 1278/1030/787
f 1280/1032/787 1281/1033/787 1278/1030/787
f 1281/1033/787 1282/1034/787 1278/1030/787
f 1282/1034/787 1283/1035/787 1278/1030/787
f 1283/1035/787 1284/1036/787 1278/1030/787
f 1284/1036/787 1285/1037/787 1278/1030/787
f 1285/1037/787 1286/1038/787 1278/1030/787
f 1286/1038/787 1287/1039/787 1278/1030/787
f 1287/1039/787 1288/1040/787 1278/1030/787
f 1288/1040/787 1289/1041/787 1278/1030/787
f 1289/1041/787 1290/1042/787 1278/1030/787
f 1290/1042/787 1291/1043/787 1278/1030/787
f 1291/1043/787 1292/1044/787 1278/1030/787
f 1292/1044/787 1293/1045/787 1278/1030/787
f 1293/1045/787 1294/1046/787 1278/1030/787
f 1294/1046/787 1295/1047/787 1278/1030/787
f 1295/1047/787 1296/1048/787 1278/1030/787
f 1296/1048/787 1276/1028/787 1278/1030/787
s 1
f 1297/1049/788 1298/1050/789 1299/1051/789
f 1297/1049/788 1299/1051/789 1300/1052/790
f 1298/1050/789 1301/1053/791 1302/1054/791
f 1298/1050/789 1302/1054/791 1299/1051/789
f 1301/1053/791 1303/1055/792 1304/1056/792
f 1301/1053/791 1304/1056/792 1302/1054/791
f 1303/1055/792 1305/1057/793 1306/1058/793
f 1303/1055/792 1306/1058/793 1304/1056/792
f 1305/1057/793 1307/1059/794 1308/1060/794
f 1305/1057/793 1308/1060/794 1306/1058/793
f 1307/1059/794 1309/1061/795 1310/1062/795
f 1307/1059/794 1310/1062/795 1308/1060/794
f 1309/1061/795 1311/1063/796 1312/1064/796
f 1309/1061/795 1312/1064/796 1310/1062/795
f 1311/1063/796 1313/1065/797 1314/1066/797
f 1311/1063/796 1314/1066/797 1312/1064/796
f 1313/1065/797 1315/1067/798 1316/1068/798
f 1313/1065/797 1316/1068/798 1314/1066/797
f 1315/1067/798 1317/1069/799 1318/1070/799
f 1315/1067/798 1318/1070/799 1316/1068/798
f 1317/1069/799 1319/1071/800 1320/1072/800
f 1317/1069/799 1320/1072/800 1318/1070/799
f 1319/1071/800 1321/1073/801 1322/1074/801
f 1319/1071/800 1322/1074/801 1320/1072/800
f 1321/1073/801 1323/1075/802 1324/1076/802
f 1321/1073/801 1324/1076/802 1322/1074/801
f 1323/1075/802 1325/1077/803 1326/1078/803
f 1323/1075/802 1326/1078/803 1324/1076/802
f 1325/1077/803 1327/1079/804 1328/1080/804
f 1325/1077/803 1328/1080/804 1326/1078/803
f 1327/1079/804 1329/1081/805 1330/1082/805
f 1327/1079/804 1330/1082/805 1328/1080/804
f 1329/1081/805 1331/1083/806 1332/1084/806
f 1329/1081/805 1332/1084/806 1330/1082/805
f 1331/1083/806 1333/1085/807 1334/1086/807
f 1331/1083/806 1334/1086/807 1332/1084/806
f 1333/1085/807 1335/1087/808 1336/1088/808
f 1333/1085/807 1336/1088/808 1334/1086/807
f 1335/1087/808 1337/1089/809 1338/1090/810
f 1335/1087/808 1338/1090/810 1336/1088/808
o pCylinder14_aiStandardSurface1_0
v 6.923607 1.680423 -7.569021
v 7.123607 1.535115 -7.569021
v 6.800000 1.300001 -7.569021
v 6.676394 1.680423 -7.569021
v 6.476393 1.535115 -7.569021
v 6.400000 1.300001 -7.569021
v 6.476393 1.064886 -7.569021
v 6.676394 0.919578 -7.569021
v 6.923607 0.919578 -7.569021
v 7.123607 1.064886 -7.569021
v 7.200000 1.300001 -7.569021
v 6.961820 1.417569 -4.569020
v 6.861810 1.490231 -4.569020
v 6.800000 1.300000 -4.569020
v 6.738191 1.490231 -4.569020
v 6.638180 1.417569 -4.569020
v 6.599980 1.300000 -4.569020
v 6.638180 1.182431 -4.569020
v 6.738191 1.109770 -4.569020
v 6.861810 1.109770 -4.569020
v 6.961820 1.182431 -4.569020
v 7.000021 1.300000 -4.569020
v 7.123607 1.535115 -7.569021
v 6.923607 1.680423 -7.569021
v 6.923607 1.680423 -4.759212
v 7.123607 1.535114 -4.759212
v 6.923607 1.680423 -7.569021
v 6.676394 1.680423 -7.569021
v 6.676394 1.680423 -4.759212
v 6.923607 1.680423 -4.759212
v 6.676394 1.680423 -7.569021
v 6.476393 1.535115 -7.569021
v 6.476393 1.535114 -4.759212
v 6.676394 1.680423 -4.759212
v 6.476393 1.535115 -7.569021
v 6.400000 1.300001 -7.569021
v 6.400000 1.300000 -4.759212
v 6.476393 1.535114 -4.759212
v 6.400000 1.300001 -7.569021
v 6.476393 1.064886 -7.569021
v 6.476393 1.064886 -4.759212
v 6.400000 1.300000 -4.759212
v 6.476393 1.064886 -7.569021
v 6.676394 0.919578 -7.569021
v 6.676394 0.919577 -4.759212
v 6.476393 1.064886 -4.759212
v 6.676394 0.919578 -7.569021
v 6.923607 0.919578 -7.569021
v 6.923607 0.919577 -4.759212
v 6.676394 0.919577 -4.759212
v 6.923607 0.919578 -7.569021
v 7.123607 1.064886 -7.569021
v 7.123607 1.064886 -4.759212
v 6.923607 0.919577 -4.759212
v 7.123607 1.064886 -7.569021
v 7.200000 1.300001 -7.569021
v 7.200000 1.300000 -4.759212
v 7.123607 1.064886 -4.759212
v 7.200000 1.300001 -7.569021
v 7.123607 1.535115 -7.569021
v 7.123607 1.535114 -4.759212
v 7.200000 1.300000 -4.759212
v 7.042714 1.476342 -4.594501
v 7.100010 1.300000 -4.594501
v 7.101932 1.519366 -4.664116
v 7.173208 1.300000 -4.664116
v 7.042714 1.476342 -4.594501
v 7.100010 1.300000 -4.594501
v 6.892708 1.585327 -4.594501
v 7.042714 1.476342 -4.594501
v 7.101932 1.519366 -4.664116
v 6.915328 1.654942 -4.664116
v 6.892708 1.585327 -4.594501
v 6.707292 1.585327 -4.594501
v 6.684673 1.654942 -4.664116
v 6.707292 1.585327 -4.594501
v 6.557287 1.476342 -4.594501
v 6.498069 1.519366 -4.664116
v 6.557287 1.476342 -4.594501
v 6.499990 1.300000 -4.594501
v 6.426792 1.300000 -4.664116
v 6.499990 1.300000 -4.594501
v 6.557287 1.123659 -4.594501
v 6.498069 1.080634 -4.664116
v 6.557287 1.123659 -4.594501
v 6.707292 1.014673 -4.594501
v 6.684673 0.945058 -4.664116
v 6.707292 1.014673 -4.594501
v 6.892708 1.014673 -4.594501
v 6.915328 0.945058 -4.664116
v 6.892708 1.014673 -4.594501
v 7.042714 1.123659 -4.594501
v 7.101932 1.080634 -4.664116
v 7.042714 1.123659 -4.594501
vn -0.0000 -0.0000 -1.0000
vn 0.1324 0.0962 0.9865
vn 0.0506 0.1556 0.9865
vn -0.0000 -0.0000 1.0000
vn -0.0506 0.1556 0.9865
vn -0.1324 0.0962 0.9865
vn -0.1636 -0.0000 0.9865
vn -0.1324 -0.0962 0.9865
vn -0.0506 -0.1556 0.9865
vn 0.0506 -0.1556 0.9865
vn 0.1324 -0.0962 0.9865
vn 0.1636 -0.0000 0.9865
vn 0.5878 0.8090 -0.0000
vn 0.5878 0.8090 0.0081
vn -0.0000 1.0000 -0.0000
vn -0.0000 1.0000 0.0081
vn -0.5878 0.8090 -0.0000
vn -0.5878 0.8090 0.0081
vn -0.9511 0.3090 -0.0000
vn -0.9510 0.3090 0.0081
vn -0.9511 -0.3090 -0.0000
vn -0.9510 -0.3090 0.0081
vn -0.5878 -0.8090 -0.0000
vn -0.5878 -0.8090 0.0081
vn -0.0000 -1.0000 -0.0000
vn -0.0000 -1.0000 0.0081
vn 0.5878 -0.8090 -0.0000
vn 0.5878 -0.8090 0.0081
vn 0.9511 -0.3090 -0.0000
vn 0.9510 -0.3090 0.0081
vn 0.9511 0.3090 -0.0000
vn 0.9510 0.3090 0.0081
vn 0.1998 0.1451 0.9690
vn 0.2469 -0.0000 0.9690
vn 0.7105 0.5162 0.4782
vn 0.8783 -0.0000 0.4781
vn 0.5576 0.4050 0.7246
vn 0.6892 -0.0000 0.7246
vn 0.0763 0.2349 0.9690
vn 0.5575 0.4051 0.7246
vn 0.7105 0.5163 0.4782
vn 0.2714 0.8353 0.4782
vn 0.2130 0.6554 0.7246
vn -0.0763 0.2349 0.9690
vn -0.2714 0.8353 0.4782
vn -0.2130 0.6554 0.7246
vn -0.1998 0.1452 0.9690
vn -0.7105 0.5162 0.4782
vn -0.5575 0.4051 0.7246
vn -0.2469 -0.0000 0.9690
vn -0.8783 -0.0000 0.4781
vn -0.6892 -0.0000 0.7246
vn -0.1998 -0.1451 0.9690
vn -0.7105 -0.5162 0.4782
vn -0.5575 -0.4051 0.7246
vn -0.0763 -0.2349 0.9690
vn -0.2714 -0.8353 0.4781
vn -0.2130 -0.6554 0.7246
vn 0.0763 -0.2349 0.9690
vn 0.2714 -0.8353 0.4782
vn 0.2130 -0.6554 0.7246
vn 0.1998 -0.1452 0.9690
vn 0.7105 -0.5162 0.4781
vn 0.5575 -0.4051 0.7246
vt 0.548284 0.992353
vt 0.626409 0.935591
vt 0.500000 0.850000
vt 0.451716 0.992353
vt 0.373591 0.935591
vt 0.343750 0.843750
vt 0.373591 0.751909
vt 0.451716 0.695147
vt 0.548284 0.695147
vt 0.626409 0.751909
vt 0.656250 0.843750
vt 0.563211 0.113449
vt 0.524144 0.085066
vt 0.500000 0.162500
vt 0.475856 0.085066
vt 0.436789 0.113449
vt 0.421867 0.159375
vt 0.436789 0.205300
vt 0.475856 0.233684
vt 0.524144 0.233683
vt 0.563211 0.205300
vt 0.578133 0.159375
vt 0.375000 0.687500
vt 0.400000 0.687500
vt 0.400000 0.335394
vt 0.375000 0.335394
vt 0.425000 0.687500
vt 0.425000 0.335394
vt 0.450000 0.687500
vt 0.450000 0.335394
vt 0.475000 0.687500
vt 0.475000 0.335394
vt 0.500000 0.687500
vt 0.500000 0.335394
vt 0.525000 0.687500
vt 0.525000 0.335394
vt 0.550000 0.687500
vt 0.550000 0.335394
vt 0.575000 0.687500
vt 0.575000 0.335394
vt 0.600000 0.687500
vt 0.600000 0.335394
vt 0.625000 0.687500
vt 0.625000 0.335394
vt 0.626409 0.064409
vt 0.656250 0.156250
vt 0.625000 0.323609
vt 0.600000 0.324252
vt 0.625000 0.311560
vt 0.600000 0.311560
vt 0.548284 0.007647
vt 0.375000 0.311560
vt 0.375000 0.323609
vt 0.400000 0.324253
vt 0.400000 0.311560
vt 0.451716 0.007647
vt 0.425000 0.324297
vt 0.425000 0.311560
vt 0.373591 0.064409
vt 0.450000 0.324301
vt 0.450000 0.311560
vt 0.343750 0.156250
vt 0.475000 0.324301
vt 0.475000 0.311560
vt 0.373591 0.248091
vt 0.500000 0.324301
vt 0.500000 0.311560
vt 0.451716 0.304853
vt 0.525000 0.324301
vt 0.525000 0.311560
vt 0.548284 0.304853
vt 0.550000 0.324301
vt 0.550000 0.311560
vt 0.626409 0.248091
vt 0.575000 0.324297
vt 0.575000 0.311560
s 0
usemtl aiStandardSurface1
f 1339/1091/811 1340/1092/811 1341/1093/811
f 1342/1094/811 1339/1091/811 1341/1093/811
f 1343/1095/811 1342/1094/811 1341/1093/811
f 1344/1096/811 1343/1095/811 1341/1093/811
f 1345/1097/811 1344/1096/811 1341/1093/811
f 1346/1098/811 1345/1097/811 1341/1093/811
f 1347/1099/811 1346/1098/811 1341/1093/811
f 1348/1100/811 1347/1099/811 1341/1093/811
f 1349/1101/811 1348/1100/811 1341/1093/811
f 1340/1092/811 1349/1101/811 1341/1093/811
s 1
f 1350/1102/812 1351/1103/813 1352/1104/814
f 1351/1103/813 1353/1105/815 1352/1104/814
f 1353/1105/815 1354/1106/816 1352/1104/814
f 1354/1106/816 1355/1107/817 1352/1104/814
f 1355/1107/817 1356/1108/818 1352/1104/814
f 1356/1108/818 1357/1109/819 1352/1104/814
f 1357/1109/819 1358/1110/820 1352/1104/814
f 1358/1110/820 1359/1111/821 1352/1104/814
f 1359/1111/821 1360/1112/822 1352/1104/814
f 1360/1112/822 1350/1102/812 1352/1104/814
f 1361/1113/823 1362/1114/823 1363/1115/824
f 1361/1113/823 1363/1115/824 1364/1116/824
f 1365/1114/825 1366/1117/825 1367/1118/826
f 1365/1114/825 1367/1118/826 1368/1115/826
f 1369/1117/827 1370/1119/827 1371/1120/828
f 1369/1117/827 1371/1120/828 1372/1118/828
f 1373/1119/829 1374/1121/829 1375/1122/830
f 1373/1119/829 1375/1122/830 1376/1120/830
f 1377/1121/831 1378/1123/831 1379/1124/832
f 1377/1121/831 1379/1124/832 1380/1122/832
f 1381/1123/833 1382/1125/833 1383/1126/834
f 1381/1123/833 1383/1126/834 1384/1124/834
f 1385/1125/835 1386/1127/835 1387/1128/836
f 1385/1125/835 1387/1128/836 1388/1126/836
f 1389/1127/837 1390/1129/837 1391/1130/838
f 1389/1127/837 1391/1130/838 1392/1128/838
f 1393/1129/839 1394/1131/839 1395/1132/840
f 1393/1129/839 1395/1132/840 1396/1130/840
f 1397/1131/841 1398/1133/841 1399/1134/842
f 1397/1131/841 1399/1134/842 1400/1132/842
f 1401/1135/843 1350/1102/812 1360/1112/822
f 1401/1135/843 1360/1112/822 1402/1136/844
f 1399/1134/842 1403/1137/845 1404/1138/846
f 1399/1134/842 1404/1138/846 1400/1132/842
f 1403/1137/845 1405/1139/847 1406/1140/848
f 1403/1137/845 1406/1140/848 1404/1138/846
f 1350/1102/812 1401/1135/843 1407/1141/849
f 1350/1102/812 1407/1141/849 1351/1103/813
f 1408/1142/850 1409/1143/851 1410/1144/852
f 1408/1142/850 1410/1144/852 1411/1145/853
f 1409/1143/851 1364/1116/824 1363/1115/824
f 1409/1143/851 1363/1115/824 1410/1144/852
f 1351/1103/813 1407/1141/849 1412/1146/854
f 1351/1103/813 1412/1146/854 1353/1105/815
f 1411/1145/853 1410/1144/852 1413/1147/855
f 1411/1145/853 1413/1147/855 1414/1148/856
f 1410/1144/852 1368/1115/826 1367/1118/826
f 1410/1144/852 1367/1118/826 1413/1147/855
f 1353/1105/815 1412/1146/854 1415/1149/857
f 1353/1105/815 1415/1149/857 1354/1106/816
f 1414/1148/856 1413/1147/855 1416/1150/858
f 1414/1148/856 1416/1150/858 1417/1151/859
f 1413/1147/855 1372/1118/828 1371/1120/828
f 1413/1147/855 1371/1120/828 1416/1150/858
f 1354/1106/816 1415/1149/857 1418/1152/860
f 1354/1106/816 1418/1152/860 1355/1107/817
f 1417/1151/859 1416/1150/858 1419/1153/861
f 1417/1151/859 1419/1153/861 1420/1154/862
f 1416/1150/858 1376/1120/830 1375/1122/830
f 1416/1150/858 1375/1122/830 1419/1153/861
f 1355/1107/817 1418/1152/860 1421/1155/863
f 1355/1107/817 1421/1155/863 1356/1108/818
f 1420/1154/862 1419/1153/861 1422/1156/864
f 1420/1154/862 1422/1156/864 1423/1157/865
f 1419/1153/861 1380/1122/832 1379/1124/832
f 1419/1153/861 1379/1124/832 1422/1156/864
f 1356/1108/818 1421/1155/863 1424/1158/866
f 1356/1108/818 1424/1158/866 1357/1109/819
f 1423/1157/865 1422/1156/864 1425/1159/867
f 1423/1157/865 1425/1159/867 1426/1160/868
f 1422/1156/864 1384/1124/834 1383/1126/834
f 1422/1156/864 1383/1126/834 1425/1159/867
f 1357/1109/819 1424/1158/866 1427/1161/869
f 1357/1109/819 1427/1161/869 1358/1110/820
f 1426/1160/868 1425/1159/867 1428/1162/870
f 1426/1160/868 1428/1162/870 1429/1163/871
f 1425/1159/867 1388/1126/836 1387/1128/836
f 1425/1159/867 1387/1128/836 1428/1162/870
f 1358/1110/820 1427/1161/869 1430/1164/872
f 1358/1110/820 1430/1164/872 1359/1111/821
f 1429/1163/871 1428/1162/870 1431/1165/873
f 1429/1163/871 1431/1165/873 1432/1166/874
f 1428/1162/870 1392/1128/838 1391/1130/838
f 1428/1162/870 1391/1130/838 1431/1165/873
f 1359/1111/821 1430/1164/872 1402/1136/844
f 1359/1111/821 1402/1136/844 1360/1112/822
f 1432/1166/874 1431/1165/873 1404/1138/846
f 1432/1166/874 1404/1138/846 1406/1140/848
f 1431/1165/873 1396/1130/840 1395/1132/840
f 1431/1165/873 1395/1132/840 1404/1138/846
o pCylinder15_aiStandardSurface1_0
v 7.934317 5.244639 6.811143
v 7.948895 5.236653 6.798122
v 7.925307 5.252568 6.779215
v 7.916296 5.255654 6.811967
v 7.901718 5.265490 6.800282
v 7.896149 5.270390 6.780549
v 7.901718 5.268483 6.760307
v 7.916296 5.260497 6.747286
v 7.934317 5.249482 6.746462
v 7.948895 5.239646 6.758148
v 7.954464 5.234746 6.777880
v 7.063951 3.796914 6.690327
v 7.049372 3.804899 6.703347
v 7.040362 3.812828 6.671418
v 7.031352 3.815914 6.704171
v 7.016773 3.825750 6.692485
v 7.011205 3.830650 6.672753
v 7.016773 3.828743 6.652510
v 7.031352 3.820757 6.639490
v 7.049372 3.809742 6.638665
v 7.063951 3.799906 6.650351
v 7.069520 3.795006 6.670084
v 7.958674 5.225422 6.807329
v 7.936808 5.237401 6.826859
v 7.957452 5.196293 6.815197
v 7.961806 5.210649 6.813579
v 7.934604 5.225550 6.837873
v 7.928298 5.212263 6.841234
v 7.961806 5.210649 6.813579
v 7.958674 5.225422 6.807329
v 7.936808 5.237401 6.826859
v 7.934604 5.225550 6.837873
v 7.909779 5.253921 6.828095
v 7.928298 5.212263 6.841234
v 7.934604 5.225550 6.837873
v 7.900981 5.246101 6.839411
v 7.892261 5.234290 6.842884
v 7.909779 5.253921 6.828095
v 7.900981 5.246101 6.839411
v 7.887913 5.268674 6.810568
v 7.892261 5.234290 6.842884
v 7.873779 5.264453 6.817607
v 7.863106 5.253960 6.819514
v 7.887913 5.268674 6.810568
v 7.879560 5.276023 6.780971
v 7.863106 5.253960 6.819514
v 7.863389 5.273596 6.780789
v 7.851970 5.263760 6.780053
v 7.879560 5.276023 6.780971
v 7.887912 5.273163 6.750609
v 7.851970 5.263760 6.780053
v 7.873779 5.270038 6.743020
v 7.863106 5.259945 6.739572
v 7.887912 5.273163 6.750609
v 7.909779 5.261185 6.731081
v 7.863106 5.259945 6.739572
v 7.900981 5.255137 6.718726
v 7.892261 5.243975 6.713534
v 7.909779 5.261185 6.731081
v 7.936808 5.244664 6.729843
v 7.892261 5.243975 6.713534
v 7.900981 5.255137 6.718726
v 7.934605 5.234586 6.717187
v 7.928298 5.221948 6.711885
v 7.936808 5.244664 6.729843
v 7.934605 5.234586 6.717187
v 7.958674 5.229911 6.747371
v 7.928298 5.221948 6.711885
v 7.961806 5.216233 6.738992
v 7.957452 5.202279 6.735254
v 7.958674 5.229911 6.747371
v 7.967027 5.222561 6.776968
v 7.957452 5.202279 6.735254
v 7.972196 5.207090 6.775810
v 7.968588 5.192479 6.774715
v 7.967027 5.222561 6.776968
v 7.958674 5.225422 6.807329
v 7.961806 5.210649 6.813579
v 7.961806 5.210649 6.813579
v 7.957452 5.196293 6.815197
v 7.968588 5.192479 6.774715
v 7.972196 5.207090 6.775810
v 7.073408 3.821421 6.737099
v 7.102562 3.805451 6.711061
v 7.037371 3.843448 6.738748
v 7.073408 3.821421 6.737099
v 7.008217 3.863118 6.715379
v 7.037371 3.843448 6.738748
v 6.997081 3.872917 6.675918
v 7.008217 3.863118 6.715379
v 7.008217 3.869103 6.635437
v 6.997081 3.872917 6.675918
v 7.037371 3.853133 6.609399
v 7.008217 3.869103 6.635437
v 7.073408 3.831106 6.607749
v 7.037371 3.853133 6.609399
v 7.102562 3.811436 6.631119
v 7.073408 3.831106 6.607749
v 7.113698 3.801637 6.670580
v 7.102562 3.811436 6.631119
v 7.102562 3.805451 6.711061
v 7.113698 3.801637 6.670580
v 7.091889 3.795358 6.707613
v 7.064687 3.810259 6.731907
v 7.077756 3.792233 6.700024
v 7.055890 3.804212 6.719553
v 7.077756 3.792233 6.700024
v 7.091889 3.795358 6.707613
v 7.064687 3.810259 6.731907
v 7.055890 3.804212 6.719553
v 7.031064 3.830810 6.733446
v 7.028861 3.820732 6.720789
v 7.031064 3.830810 6.733446
v 7.031064 3.830810 6.733446
v 7.003862 3.849163 6.711641
v 7.006994 3.835485 6.703262
v 7.003862 3.849163 6.711641
v 7.003862 3.849163 6.711641
v 6.993473 3.858305 6.674823
v 6.998642 3.842835 6.673665
v 6.993473 3.858305 6.674823
v 6.993473 3.858305 6.674823
v 7.003862 3.854747 6.637054
v 7.006994 3.839974 6.643303
v 7.003862 3.854747 6.637054
v 7.031064 3.839846 6.612760
v 7.028861 3.827996 6.623775
v 7.031064 3.839846 6.612760
v 7.064687 3.819295 6.611221
v 7.055890 3.811475 6.622538
v 7.064687 3.819295 6.611221
v 7.091889 3.800943 6.633026
v 7.077756 3.796722 6.640065
v 7.091889 3.800943 6.633026
v 7.102279 3.791800 6.669844
v 7.086109 3.789373 6.669662
v 7.102279 3.791800 6.669844
v 7.091889 3.795358 6.707613
vn 0.5553 0.8075 0.1993
vn 0.6171 0.7736 0.1437
vn 0.5226 0.8502 0.0637
vn 0.4788 0.8542 0.2028
vn 0.4169 0.8960 0.1529
vn 0.3933 0.9168 0.0686
vn 0.4169 0.9088 -0.0178
vn 0.4788 0.8749 -0.0733
vn 0.5553 0.8281 -0.0768
vn 0.6171 0.7864 -0.0269
vn 0.6408 0.7656 0.0573
vn -0.4169 -0.9088 0.0177
vn -0.4788 -0.8749 0.0733
vn -0.5226 -0.8502 -0.0637
vn -0.5553 -0.8281 0.0768
vn -0.6171 -0.7864 0.0269
vn -0.6408 -0.7656 -0.0573
vn -0.6171 -0.7736 -0.1437
vn -0.5553 -0.8075 -0.1993
vn -0.4788 -0.8542 -0.2028
vn -0.4169 -0.8960 -0.1529
vn -0.3933 -0.9168 -0.0686
vn 0.7989 0.4991 0.3355
vn 0.5837 0.6165 0.5284
vn 0.5015 -0.3641 0.7848
vn 0.6300 -0.1044 0.7695
vn 0.6301 -0.1044 0.7695
vn 0.8435 0.3508 0.4066
vn 0.7990 0.4991 0.3355
vn 0.5689 0.5006 0.6525
vn 0.4518 0.8490 0.2738
vn 0.0013 -0.0726 0.9974
vn 0.1511 0.1744 0.9730
vn 0.2301 0.7077 0.6680
vn 0.0040 0.6463 0.7631
vn 0.1033 0.9244 0.3673
vn -0.4989 0.2473 0.8306
vn -0.3132 0.7667 0.5604
vn 0.1032 0.9243 0.3674
vn 0.0211 0.9970 0.0746
vn -0.8094 0.4744 0.3462
vn -0.4521 0.8895 0.0666
vn 0.0211 0.9970 0.0747
vn 0.1033 0.9687 -0.2256
vn -0.8094 0.5207 -0.2717
vn -0.3132 0.8416 -0.4400
vn 0.1032 0.9687 -0.2256
vn 0.3181 0.8507 -0.4185
vn -0.4989 0.3683 -0.7845
vn 0.0041 0.7527 -0.6583
vn 0.3181 0.8507 -0.4186
vn 0.5677 0.8096 -0.1496
vn 0.0013 0.0767 -0.9971
vn 0.1511 0.3174 -0.9362
vn 0.5689 0.5922 -0.5706
vn 0.6232 0.3742 -0.6867
vn 0.6614 0.7464 -0.0741
vn 0.5015 -0.2432 -0.8303
vn 0.8607 0.1241 -0.4937
vn 0.8436 0.4075 -0.3498
vn 0.8813 0.4712 0.0353
vn 0.8119 -0.4703 -0.3459
vn 0.9869 0.1092 -0.1185
vn 0.7990 0.4990 0.3355
vn 0.8436 0.3508 0.4066
vn 0.9273 -0.2499 0.2786
vn 0.8119 -0.5165 0.2720
vn 0.4989 -0.3683 0.7845
vn -0.0013 -0.0767 0.9971
vn -0.5015 0.2432 0.8303
vn -0.8119 0.4703 0.3459
vn -0.8119 0.5165 -0.2720
vn -0.5015 0.3641 -0.7848
vn -0.0013 0.0726 -0.9974
vn 0.4989 -0.2473 -0.8306
vn 0.8094 -0.4744 -0.3462
vn 0.8094 -0.5207 0.2717
vn 0.3132 -0.8416 0.4401
vn -0.0495 -0.6423 0.7649
vn -0.3581 -0.9317 0.0602
vn -0.4518 -0.8804 0.1443
vn 0.0440 -0.9500 0.3092
vn 0.3131 -0.8417 0.4400
vn -0.0495 -0.6423 0.7648
vn -0.2301 -0.7993 0.5551
vn -0.0495 -0.6422 0.7649
vn -0.4191 -0.5045 0.7548
vn -0.5837 -0.6883 0.4306
vn -0.4192 -0.5046 0.7548
vn -0.6301 -0.0114 0.7765
vn -0.7990 -0.5435 0.2575
vn -0.8436 -0.4075 0.3498
vn -0.9273 0.2056 0.3127
vn -0.8813 -0.4712 -0.0353
vn -0.9869 -0.0903 -0.1334
vn -0.9869 -0.0902 -0.1334
vn -0.8607 -0.0492 -0.5067
vn -0.7990 -0.4991 -0.3355
vn -0.8607 -0.0493 -0.5067
vn -0.4974 -0.2474 -0.8315
vn -0.5837 -0.6165 -0.5284
vn -0.4974 -0.2475 -0.8314
vn -0.4973 -0.2475 -0.8315
vn -0.0496 -0.5212 -0.8520
vn -0.3181 -0.7789 -0.5405
vn -0.0496 -0.5213 -0.8520
vn -0.0495 -0.5212 -0.8520
vn 0.3132 -0.7667 -0.5604
vn -0.1032 -0.9243 -0.3674
vn 0.3131 -0.7667 -0.5604
vn 0.4521 -0.8895 -0.0667
vn -0.0211 -0.9970 -0.0746
vn 0.4520 -0.8895 -0.0666
vn 0.3132 -0.8416 0.4400
vn 0.4521 -0.8895 -0.0666
vt 0.524144 0.921183
vt 0.563211 0.892800
vt 0.500000 0.850000
vt 0.475856 0.921183
vt 0.436789 0.892800
vt 0.421867 0.846875
vt 0.436789 0.800949
vt 0.475856 0.772566
vt 0.524144 0.772566
vt 0.563211 0.800949
vt 0.578133 0.846875
vt 0.563211 0.113449
vt 0.524144 0.085066
vt 0.500000 0.162500
vt 0.475856 0.085066
vt 0.436789 0.113449
vt 0.421867 0.159375
vt 0.436789 0.205300
vt 0.475855 0.233684
vt 0.524144 0.233684
vt 0.563211 0.205300
vt 0.578133 0.159375
vt 0.626409 0.935591
vt 0.548284 0.992353
vt 0.375000 0.681066
vt 0.375000 0.684247
vt 0.400000 0.684097
vt 0.400000 0.681116
vt 0.375000 0.687500
vt 0.400000 0.687500
vt 0.451716 0.992353
vt 0.425000 0.684063
vt 0.425000 0.681066
vt 0.425000 0.687500
vt 0.373591 0.935591
vt 0.450000 0.684063
vt 0.450000 0.681067
vt 0.450000 0.687500
vt 0.343750 0.843750
vt 0.475000 0.684084
vt 0.475000 0.681116
vt 0.475000 0.687500
vt 0.373591 0.751909
vt 0.500000 0.684062
vt 0.500000 0.681066
vt 0.500000 0.687500
vt 0.451716 0.695147
vt 0.525000 0.684062
vt 0.525000 0.681066
vt 0.525000 0.687500
vt 0.548284 0.695147
vt 0.550000 0.684085
vt 0.550000 0.681116
vt 0.550000 0.687500
vt 0.626409 0.751909
vt 0.575000 0.684087
vt 0.575000 0.681116
vt 0.575000 0.687500
vt 0.656250 0.843750
vt 0.600000 0.684078
vt 0.600000 0.681067
vt 0.600000 0.687500
vt 0.625000 0.687500
vt 0.625000 0.684273
vt 0.625000 0.681116
vt 0.400000 0.317943
vt 0.375000 0.317943
vt 0.425000 0.317943
vt 0.450000 0.317943
vt 0.475000 0.317946
vt 0.500000 0.317943
vt 0.525000 0.317943
vt 0.550000 0.317943
vt 0.575000 0.317944
vt 0.600000 0.317943
vt 0.625000 0.317944
vt 0.375000 0.311560
vt 0.400000 0.311560
vt 0.594299 0.089069
vt 0.536019 0.046726
vt 0.626409 0.064409
vt 0.548284 0.007647
vt 0.425000 0.311560
vt 0.463981 0.046726
vt 0.451716 0.007647
vt 0.450000 0.311560
vt 0.405701 0.089069
vt 0.373591 0.064409
vt 0.475000 0.311560
vt 0.383439 0.157582
vt 0.343750 0.156250
vt 0.500000 0.311560
vt 0.405701 0.226094
vt 0.373591 0.248091
vt 0.525000 0.311560
vt 0.463981 0.268437
vt 0.451716 0.304853
vt 0.550000 0.311560
vt 0.536019 0.268437
vt 0.548284 0.304853
vt 0.575000 0.311560
vt 0.594299 0.226094
vt 0.626409 0.248091
vt 0.600000 0.311560
vt 0.616561 0.157582
vt 0.656250 0.156250
vt 0.625000 0.311560
s 1
usemtl aiStandardSurface1
f 1433/1167/875 1434/1168/876 1435/1169/877
f 1436/1170/878 1433/1167/875 1435/1169/877
f 1437/1171/879 1436/1170/878 1435/1169/877
f 1438/1172/880 1437/1171/879 1435/1169/877
f 1439/1173/881 1438/1172/880 1435/1169/877
f 1440/1174/882 1439/1173/881 1435/1169/877
f 1441/1175/883 1440/1174/882 1435/1169/877
f 1442/1176/884 1441/1175/883 1435/1169/877
f 1443/1177/885 1442/1176/884 1435/1169/877
f 1434/1168/876 1443/1177/885 1435/1169/877
f 1444/1178/886 1445/1179/887 1446/1180/888
f 1445/1179/887 1447/1181/889 1446/1180/888
f 1447/1181/889 1448/1182/890 1446/1180/888
f 1448/1182/890 1449/1183/891 1446/1180/888
f 1449/1183/891 1450/1184/892 1446/1180/888
f 1450/1184/892 1451/1185/893 1446/1180/888
f 1451/1185/893 1452/1186/894 1446/1180/888
f 1452/1186/894 1453/1187/895 1446/1180/888
f 1453/1187/895 1454/1188/896 1446/1180/888
f 1454/1188/896 1444/1178/886 1446/1180/888
f 1455/1189/897 1434/1168/876 1433/1167/875
f 1455/1189/897 1433/1167/875 1456/1190/898
f 1457/1191/899 1458/1192/900 1459/1193/901
f 1457/1191/899 1459/1193/901 1460/1194/899
f 1461/1192/902 1462/1195/903 1463/1196/898
f 1461/1192/902 1463/1196/898 1464/1193/904
f 1456/1190/898 1433/1167/875 1436/1170/878
f 1456/1190/898 1436/1170/878 1465/1197/905
f 1466/1194/906 1467/1193/907 1468/1198/907
f 1466/1194/906 1468/1198/907 1469/1199/906
f 1464/1193/904 1463/1196/898 1470/1200/908
f 1464/1193/904 1470/1200/908 1471/1198/909
f 1465/1197/905 1436/1170/878 1437/1171/879
f 1465/1197/905 1437/1171/879 1472/1201/910
f 1473/1199/911 1471/1198/909 1474/1202/912
f 1473/1199/911 1474/1202/912 1475/1203/911
f 1471/1198/909 1470/1200/908 1476/1204/913
f 1471/1198/909 1476/1204/913 1474/1202/912
f 1472/1201/910 1437/1171/879 1438/1172/880
f 1472/1201/910 1438/1172/880 1477/1205/914
f 1478/1203/915 1474/1202/912 1479/1206/916
f 1478/1203/915 1479/1206/916 1480/1207/915
f 1474/1202/912 1476/1204/913 1481/1208/917
f 1474/1202/912 1481/1208/917 1479/1206/916
f 1477/1205/914 1438/1172/880 1439/1173/881
f 1477/1205/914 1439/1173/881 1482/1209/918
f 1483/1207/919 1479/1206/916 1484/1210/920
f 1483/1207/919 1484/1210/920 1485/1211/919
f 1479/1206/916 1481/1208/917 1486/1212/921
f 1479/1206/916 1486/1212/921 1484/1210/920
f 1482/1209/918 1439/1173/881 1440/1174/882
f 1482/1209/918 1440/1174/882 1487/1213/922
f 1488/1211/923 1484/1210/920 1489/1214/924
f 1488/1211/923 1489/1214/924 1490/1215/923
f 1484/1210/920 1486/1212/921 1491/1216/925
f 1484/1210/920 1491/1216/925 1489/1214/924
f 1487/1213/922 1440/1174/882 1441/1175/883
f 1487/1213/922 1441/1175/883 1492/1217/926
f 1493/1215/927 1494/1214/928 1495/1218/928
f 1493/1215/927 1495/1218/928 1496/1219/927
f 1489/1214/924 1491/1216/925 1497/1220/929
f 1489/1214/924 1497/1220/929 1498/1218/930
f 1492/1217/926 1441/1175/883 1442/1176/884
f 1492/1217/926 1442/1176/884 1499/1221/931
f 1500/1219/932 1498/1218/930 1501/1222/933
f 1500/1219/932 1501/1222/933 1502/1223/932
f 1498/1218/930 1497/1220/929 1503/1224/934
f 1498/1218/930 1503/1224/934 1501/1222/933
f 1499/1221/931 1442/1176/884 1443/1177/885
f 1499/1221/931 1443/1177/885 1504/1225/935
f 1505/1223/936 1501/1222/933 1506/1226/937
f 1505/1223/936 1506/1226/937 1507/1227/936
f 1501/1222/933 1503/1224/934 1508/1228/935
f 1501/1222/933 1508/1228/935 1506/1226/937
f 1434/1168/876 1455/1189/897 1504/1225/935
f 1434/1168/876 1504/1225/935 1443/1177/885
f 1509/1229/938 1510/1230/939 1506/1226/937
f 1509/1229/938 1506/1226/937 1508/1228/935
f 1511/1230/940 1512/1231/941 1513/1227/941
f 1511/1230/940 1513/1227/941 1514/1226/940
f 1457/1191/899 1460/1194/899 1515/1232/942
f 1457/1191/899 1515/1232/942 1516/1233/942
f 1466/1194/906 1469/1199/906 1517/1234/943
f 1466/1194/906 1517/1234/943 1518/1232/943
f 1473/1199/911 1475/1203/911 1519/1235/944
f 1473/1199/911 1519/1235/944 1520/1234/944
f 1478/1203/915 1480/1207/915 1521/1236/945
f 1478/1203/915 1521/1236/945 1522/1235/945
f 1483/1207/919 1485/1211/919 1523/1237/946
f 1483/1207/919 1523/1237/946 1524/1236/946
f 1488/1211/923 1490/1215/923 1525/1238/947
f 1488/1211/923 1525/1238/947 1526/1237/947
f 1493/1215/927 1496/1219/927 1527/1239/948
f 1493/1215/927 1527/1239/948 1528/1238/948
f 1500/1219/932 1502/1223/932 1529/1240/949
f 1500/1219/932 1529/1240/949 1530/1239/949
f 1505/1223/936 1507/1227/936 1531/1241/950
f 1505/1223/936 1531/1241/950 1532/1240/950
f 1513/1227/941 1512/1231/941 1533/1242/951
f 1513/1227/941 1533/1242/951 1534/1241/951
f 1535/1243/952 1516/1233/942 1515/1232/942
f 1535/1243/952 1515/1232/942 1536/1244/953
f 1444/1178/886 1537/1245/954 1538/1246/955
f 1444/1178/886 1538/1246/955 1445/1179/887
f 1539/1245/956 1540/1247/957 1541/1248/958
f 1539/1245/956 1541/1248/958 1542/1246/959
f 1536/1244/960 1518/1232/943 1517/1234/943
f 1536/1244/960 1517/1234/943 1543/1249/961
f 1445/1179/887 1538/1246/955 1544/1250/962
f 1445/1179/887 1544/1250/962 1447/1181/889
f 1542/1246/959 1541/1248/958 1545/1251/963
f 1542/1246/959 1545/1251/963 1544/1250/962
f 1546/1249/964 1520/1234/944 1519/1235/944
f 1546/1249/964 1519/1235/944 1547/1252/964
f 1447/1181/889 1544/1250/962 1548/1253/965
f 1447/1181/889 1548/1253/965 1448/1182/890
f 1544/1250/962 1545/1251/963 1549/1254/966
f 1544/1250/962 1549/1254/966 1548/1253/965
f 1550/1252/967 1522/1235/945 1521/1236/945
f 1550/1252/967 1521/1236/945 1551/1255/967
f 1448/1182/890 1548/1253/965 1552/1256/968
f 1448/1182/890 1552/1256/968 1449/1183/891
f 1548/1253/965 1549/1254/966 1553/1257/969
f 1548/1253/965 1553/1257/969 1552/1256/968
f 1554/1255/970 1524/1236/946 1523/1237/946
f 1554/1255/970 1523/1237/946 1555/1258/971
f 1449/1183/891 1552/1256/968 1556/1259/972
f 1449/1183/891 1556/1259/972 1450/1184/892
f 1552/1256/968 1553/1257/969 1557/1260/973
f 1552/1256/968 1557/1260/973 1556/1259/972
f 1555/1258/971 1526/1237/947 1525/1238/947
f 1555/1258/971 1525/1238/947 1558/1261/974
f 1450/1184/892 1556/1259/972 1559/1262/975
f 1450/1184/892 1559/1262/975 1451/1185/893
f 1556/1259/972 1557/1260/973 1560/1263/976
f 1556/1259/972 1560/1263/976 1559/1262/975
f 1558/1261/977 1528/1238/948 1527/1239/948
f 1558/1261/977 1527/1239/948 1561/1264/978
f 1451/1185/893 1559/1262/975 1562/1265/979
f 1451/1185/893 1562/1265/979 1452/1186/894
f 1559/1262/975 1560/1263/976 1563/1266/980
f 1559/1262/975 1563/1266/980 1562/1265/979
f 1561/1264/981 1530/1239/949 1529/1240/949
f 1561/1264/981 1529/1240/949 1564/1267/982
f 1452/1186/894 1562/1265/979 1565/1268/983
f 1452/1186/894 1565/1268/983 1453/1187/895
f 1562/1265/979 1563/1266/980 1566/1269/984
f 1562/1265/979 1566/1269/984 1565/1268/983
f 1564/1267/982 1532/1240/950 1531/1241/950
f 1564/1267/982 1531/1241/950 1567/1270/985
f 1453/1187/895 1565/1268/983 1568/1271/986
f 1453/1187/895 1568/1271/986 1454/1188/896
f 1565/1268/983 1566/1269/984 1569/1272/987
f 1565/1268/983 1569/1272/987 1568/1271/986
f 1533/1242/951 1570/1273/988 1567/1270/989
f 1533/1242/951 1567/1270/989 1534/1241/951
f 1540/1247/957 1539/1245/956 1568/1271/986
f 1540/1247/957 1568/1271/986 1569/1272/987
f 1537/1245/954 1444/1178/886 1454/1188/896
f 1537/1245/954 1454/1188/896 1568/1271/986
o pCylinder3_aiStandardSurface1_0
v 7.547108 4.710086 -6.889677
v 7.672121 4.619257 -6.889678
v 7.469846 4.472298 -6.889678
v 7.392584 4.710086 -6.889677
v 7.267571 4.619257 -6.889678
v 7.219821 4.472298 -6.889678
v 7.267571 4.325337 -6.889678
v 7.392584 4.234510 -6.889678
v 7.547108 4.234510 -6.889678
v 7.672121 4.325337 -6.889678
v 7.719872 4.472298 -6.889678
v 7.672121 4.619258 7.110330
v 7.547109 4.710084 7.110331
v 7.469846 4.472296 7.110330
v 7.392584 4.710084 7.110331
v 7.267571 4.619257 7.110330
v 7.219820 4.472296 7.110330
v 7.267571 4.325334 7.110330
v 7.392584 4.234507 7.110330
v 7.547109 4.234507 7.110330
v 7.672122 4.325334 7.110330
v 7.719872 4.472296 7.110330
v 7.773238 4.692723 -6.857827
v 7.585732 4.828955 -6.857827
v 7.874355 4.766191 -6.651940
v 7.847260 4.746506 -6.770807
v 7.614006 4.915974 -6.770807
v 7.624355 4.947827 -6.651937
v 7.847260 4.746506 -6.770807
v 7.773238 4.692723 -6.857827
v 7.585732 4.828955 -6.857827
v 7.614006 4.915974 -6.770807
v 7.353961 4.828955 -6.857827
v 7.624355 4.947827 -6.651937
v 7.614006 4.915974 -6.770807
v 7.325687 4.915974 -6.770807
v 7.315338 4.947827 -6.651937
v 7.353961 4.828955 -6.857827
v 7.325687 4.915974 -6.770807
v 7.166455 4.692723 -6.857827
v 7.315338 4.947827 -6.651937
v 7.092432 4.746506 -6.770807
v 7.065338 4.766191 -6.651940
v 7.166455 4.692723 -6.857827
v 7.094833 4.472299 -6.857827
v 7.065338 4.766191 -6.651940
v 7.003336 4.472298 -6.770807
v 6.969846 4.472298 -6.651938
v 7.094833 4.472299 -6.857827
v 7.166454 4.251872 -6.857825
v 6.969846 4.472298 -6.651938
v 7.092432 4.198092 -6.770806
v 7.065338 4.178404 -6.651938
v 7.166454 4.251872 -6.857825
v 7.353961 4.115640 -6.857826
v 7.065338 4.178404 -6.651938
v 7.325687 4.028621 -6.770809
v 7.315338 3.996769 -6.651938
v 7.353961 4.115640 -6.857826
v 7.585732 4.115640 -6.857826
v 7.315338 3.996769 -6.651938
v 7.325687 4.028621 -6.770809
v 7.614006 4.028621 -6.770809
v 7.624355 3.996770 -6.651938
v 7.585732 4.115640 -6.857826
v 7.614006 4.028621 -6.770809
v 7.773238 4.251872 -6.857825
v 7.624355 3.996770 -6.651938
v 7.847260 4.198092 -6.770806
v 7.874355 4.178404 -6.651938
v 7.773238 4.251872 -6.857825
v 7.844859 4.472299 -6.857827
v 7.874355 4.178404 -6.651938
v 7.936356 4.472298 -6.770807
v 7.969846 4.472298 -6.651938
v 7.844859 4.472299 -6.857827
v 7.773238 4.692723 -6.857827
v 7.847260 4.746506 -6.770807
v 7.847260 4.746506 -6.770807
v 7.874355 4.766191 -6.651940
v 7.969846 4.472298 -6.651938
v 7.936356 4.472298 -6.770807
v 7.624355 4.947824 6.872592
v 7.874355 4.766189 6.872590
v 7.315338 4.947824 6.872592
v 7.624355 4.947824 6.872592
v 7.065338 4.766189 6.872591
v 7.315338 4.947824 6.872592
v 6.969846 4.472297 6.872591
v 7.065338 4.766189 6.872591
v 7.065338 4.178403 6.872591
v 6.969846 4.472297 6.872591
v 7.315338 3.996768 6.872591
v 7.065338 4.178403 6.872591
v 7.624355 3.996768 6.872591
v 7.315338 3.996768 6.872591
v 7.874355 4.178403 6.872591
v 7.624355 3.996768 6.872591
v 7.969846 4.472297 6.872591
v 7.874355 4.178403 6.872591
v 7.874355 4.766189 6.872590
v 7.969846 4.472297 6.872591
v 7.847260 4.746504 6.991460
v 7.614006 4.915973 6.991461
v 7.773238 4.692724 7.078479
v 7.585732 4.828955 7.078480
v 7.773238 4.692724 7.078479
v 7.847260 4.746504 6.991460
v 7.614006 4.915973 6.991461
v 7.585732 4.828955 7.078480
v 7.325686 4.915973 6.991461
v 7.353961 4.828955 7.078480
v 7.325686 4.915973 6.991461
v 7.325686 4.915973 6.991461
v 7.092432 4.746503 6.991460
v 7.166454 4.692723 7.078479
v 7.092432 4.746503 6.991460
v 7.092432 4.746503 6.991460
v 7.003336 4.472297 6.991460
v 7.094833 4.472296 7.078479
v 7.003336 4.472297 6.991460
v 7.003336 4.472297 6.991460
v 7.092432 4.198088 6.991461
v 7.166454 4.251868 7.078480
v 7.092432 4.198088 6.991461
v 7.325686 4.028619 6.991460
v 7.353961 4.115637 7.078480
v 7.325686 4.028619 6.991460
v 7.614006 4.028619 6.991460
v 7.585732 4.115637 7.078480
v 7.614006 4.028619 6.991460
v 7.847260 4.198088 6.991461
v 7.773238 4.251868 7.078480
v 7.847260 4.198088 6.991461
v 7.936356 4.472297 6.991460
v 7.844859 4.472296 7.078479
v 7.936356 4.472297 6.991460
v 7.847260 4.746504 6.991460
vn 0.0506 0.1556 -0.9865
vn 0.1324 0.0962 -0.9865
vn -0.0000 -0.0000 -1.0000
vn -0.0506 0.1556 -0.9865
vn -0.1324 0.0962 -0.9865
vn -0.1636 -0.0000 -0.9865
vn -0.1324 -0.0962 -0.9865
vn -0.0506 -0.1556 -0.9865
vn 0.0506 -0.1556 -0.9865
vn 0.1324 -0.0962 -0.9865
vn 0.1636 -0.0000 -0.9865
vn 0.1324 0.0962 0.9865
vn 0.0506 0.1556 0.9865
vn -0.0000 -0.0000 1.0000
vn -0.0506 0.1556 0.9865
vn -0.1324 0.0962 0.9865
vn -0.1636 -0.0000 0.9865
vn -0.1324 -0.0962 0.9865
vn -0.0506 -0.1556 0.9865
vn 0.0506 -0.1556 0.9865
vn 0.1324 -0.0962 0.9865
vn 0.1636 -0.0000 0.9865
vn 0.4459 0.3240 -0.8344
vn 0.1703 0.5243 -0.8343
vn 0.5878 0.8090 -0.0022
vn 0.5677 0.7815 -0.2588
vn 0.5678 0.7815 -0.2588
vn 0.5575 0.4051 -0.7246
vn 0.4460 0.3241 -0.8343
vn 0.2130 0.6554 -0.7246
vn -0.0763 0.2348 -0.9690
vn -0.0000 1.0000 -0.0022
vn -0.0000 0.9659 -0.2588
vn -0.2130 0.6554 -0.7246
vn -0.3789 0.7415 -0.5538
vn -0.4460 0.3240 -0.8344
vn -0.5878 0.8090 -0.0022
vn -0.7105 0.5162 -0.4782
vn -0.4460 0.3240 -0.8343
vn -0.5512 -0.0000 -0.8344
vn -0.9511 0.3090 -0.0022
vn -0.8783 -0.0000 -0.4781
vn -0.5513 -0.0000 -0.8343
vn -0.4459 -0.3240 -0.8344
vn -0.9511 -0.3090 -0.0022
vn -0.7105 -0.5162 -0.4782
vn -0.4460 -0.3240 -0.8343
vn -0.1703 -0.5243 -0.8344
vn -0.5878 -0.8090 -0.0022
vn -0.3789 -0.7415 -0.5538
vn -0.1704 -0.5243 -0.8343
vn 0.0763 -0.2349 -0.9690
vn -0.0000 -1.0000 -0.0021
vn -0.0000 -0.9659 -0.2588
vn -0.0000 -1.0000 -0.0022
vn 0.2130 -0.6554 -0.7246
vn 0.3789 -0.7415 -0.5538
vn 0.1998 -0.1452 -0.9690
vn 0.5878 -0.8090 -0.0022
vn 0.7105 -0.5162 -0.4782
vn 0.5575 -0.4051 -0.7246
vn 0.5512 -0.0000 -0.8344
vn 0.9511 -0.3090 -0.0022
vn 0.8223 -0.1312 -0.5538
vn 0.5513 -0.0000 -0.8343
vn 0.4460 0.3240 -0.8343
vn 0.9186 0.2985 -0.2588
vn 0.9511 0.3090 -0.0022
vn 0.9511 0.3090 -0.0021
vn 0.5878 0.8090 0.0022
vn -0.0000 1.0000 0.0022
vn -0.5878 0.8090 0.0022
vn -0.9511 0.3090 0.0021
vn -0.9511 0.3090 0.0022
vn -0.9511 -0.3090 0.0021
vn -0.9511 -0.3090 0.0022
vn -0.5878 -0.8090 0.0021
vn -0.5878 -0.8090 0.0022
vn -0.0000 -1.0000 0.0021
vn -0.0000 -1.0000 0.0022
vn 0.5878 -0.8090 0.0021
vn 0.5878 -0.8090 0.0022
vn 0.9511 -0.3090 0.0021
vn 0.9511 -0.3090 0.0022
vn 0.9511 0.3090 0.0021
vn 0.9511 0.3090 0.0022
vn 0.7105 0.5163 0.4781
vn 0.2715 0.8353 0.4781
vn 0.1998 0.1451 0.9690
vn 0.0763 0.2349 0.9690
vn 0.5575 0.4051 0.7246
vn 0.7105 0.5162 0.4782
vn 0.2714 0.8353 0.4782
vn 0.2130 0.6554 0.7246
vn 0.2714 0.8353 0.4781
vn -0.1293 0.8226 0.5537
vn -0.1703 0.5243 0.8343
vn -0.1293 0.8225 0.5538
vn -0.5678 0.7814 0.2588
vn -0.4460 0.3240 0.8343
vn -0.5575 0.4051 0.7246
vn -0.9186 0.2985 0.2588
vn -0.5513 -0.0000 0.8343
vn -0.8223 -0.1312 0.5538
vn -0.8223 -0.1312 0.5537
vn -0.7106 -0.5162 0.4781
vn -0.4460 -0.3240 0.8343
vn -0.7105 -0.5162 0.4782
vn -0.7105 -0.5163 0.4781
vn -0.2715 -0.8353 0.4781
vn -0.1703 -0.5243 0.8343
vn -0.2714 -0.8353 0.4782
vn -0.2714 -0.8353 0.4781
vn 0.2714 -0.8353 0.4781
vn 0.1703 -0.5243 0.8343
vn 0.2714 -0.8353 0.4782
vn 0.7105 -0.5163 0.4782
vn 0.4460 -0.3240 0.8343
vn 0.7105 -0.5162 0.4782
vn 0.7106 -0.5162 0.4781
vn 0.8783 -0.0001 0.4781
vn 0.5512 -0.0000 0.8343
vn 0.8782 -0.0000 0.4782
vn 0.7106 0.5162 0.4781
vn 0.8783 -0.0000 0.4781
vt 0.524144 0.921183
vt 0.563211 0.892800
vt 0.500000 0.850000
vt 0.475856 0.921183
vt 0.436789 0.892800
vt 0.421867 0.846875
vt 0.436789 0.800949
vt 0.475856 0.772566
vt 0.524144 0.772566
vt 0.563211 0.800949
vt 0.578133 0.846875
vt 0.563211 0.113449
vt 0.524144 0.085066
vt 0.500000 0.162500
vt 0.475856 0.085066
vt 0.436789 0.113449
vt 0.421867 0.159375
vt 0.436789 0.205300
vt 0.475855 0.233684
vt 0.524144 0.233684
vt 0.563211 0.205300
vt 0.578133 0.159375
vt 0.626409 0.935591
vt 0.548284 0.992353
vt 0.375000 0.681066
vt 0.375000 0.684247
vt 0.400000 0.684097
vt 0.400000 0.681116
vt 0.375000 0.687500
vt 0.400000 0.687500
vt 0.451716 0.992353
vt 0.425000 0.684063
vt 0.425000 0.681066
vt 0.425000 0.687500
vt 0.373591 0.935591
vt 0.450000 0.684063
vt 0.450000 0.681067
vt 0.450000 0.687500
vt 0.343750 0.843750
vt 0.475000 0.684084
vt 0.475000 0.681116
vt 0.475000 0.687500
vt 0.373591 0.751909
vt 0.500000 0.684062
vt 0.500000 0.681066
vt 0.500000 0.687500
vt 0.451716 0.695147
vt 0.525000 0.684062
vt 0.525000 0.681066
vt 0.525000 0.687500
vt 0.548284 0.695147
vt 0.550000 0.684085
vt 0.550000 0.681116
vt 0.550000 0.687500
vt 0.626409 0.751909
vt 0.575000 0.684087
vt 0.575000 0.681116
vt 0.575000 0.687500
vt 0.656250 0.843750
vt 0.600000 0.684078
vt 0.600000 0.681067
vt 0.600000 0.687500
vt 0.625000 0.687500
vt 0.625000 0.684273
vt 0.625000 0.681116
vt 0.400000 0.317943
vt 0.375000 0.317943
vt 0.425000 0.317943
vt 0.450000 0.317943
vt 0.475000 0.317946
vt 0.500000 0.317943
vt 0.525000 0.317943
vt 0.550000 0.317943
vt 0.575000 0.317944
vt 0.600000 0.317943
vt 0.625000 0.317944
vt 0.375000 0.311560
vt 0.400000 0.311560
vt 0.594299 0.089069
vt 0.536019 0.046726
vt 0.626409 0.064409
vt 0.548284 0.007647
vt 0.425000 0.311560
vt 0.463981 0.046726
vt 0.451716 0.007647
vt 0.450000 0.311560
vt 0.405701 0.089069
vt 0.373591 0.064409
vt 0.475000 0.311560
vt 0.383439 0.157582
vt 0.343750 0.156250
vt 0.500000 0.311560
vt 0.405701 0.226094
vt 0.373591 0.248091
vt 0.525000 0.311560
vt 0.463981 0.268437
vt 0.451716 0.304853
vt 0.550000 0.311560
vt 0.536019 0.268437
vt 0.548284 0.304853
vt 0.575000 0.311560
vt 0.594299 0.226094
vt 0.626409 0.248091
vt 0.600000 0.311560
vt 0.616561 0.157582
vt 0.656250 0.156250
vt 0.625000 0.311560
s 1
usemtl aiStandardSurface1
f 1571/1274/990 1572/1275/991 1573/1276/992
f 1574/1277/993 1571/1274/990 1573/1276/992
f 1575/1278/994 1574/1277/993 1573/1276/992
f 1576/1279/995 1575/1278/994 1573/1276/992
f 1577/1280/996 1576/1279/995 1573/1276/992
f 1578/1281/997 1577/1280/996 1573/1276/992
f 1579/1282/998 1578/1281/997 1573/1276/992
f 1580/1283/999 1579/1282/998 1573/1276/992
f 1581/1284/1000 1580/1283/999 1573/1276/992
f 1572/1275/991 1581/1284/1000 1573/1276/992
f 1582/1285/1001 1583/1286/1002 1584/1287/1003
f 1583/1286/1002 1585/1288/1004 1584/1287/1003
f 1585/1288/1004 1586/1289/1005 1584/1287/1003
f 1586/1289/1005 1587/1290/1006 1584/1287/1003
f 1587/1290/1006 1588/1291/1007 1584/1287/1003
f 1588/1291/1007 1589/1292/1008 1584/1287/1003
f 1589/1292/1008 1590/1293/1009 1584/1287/1003
f 1590/1293/1009 1591/1294/1010 1584/1287/1003
f 1591/1294/1010 1592/1295/1011 1584/1287/1003
f 1592/1295/1011 1582/1285/1001 1584/1287/1003
f 1593/1296/1012 1572/1275/991 1571/1274/990
f 1593/1296/1012 1571/1274/990 1594/1297/1013
f 1595/1298/1014 1596/1299/1015 1597/1300/1016
f 1595/1298/1014 1597/1300/1016 1598/1301/1014
f 1599/1299/1017 1600/1302/1018 1601/1303/1013
f 1599/1299/1017 1601/1303/1013 1602/1300/1019
f 1594/1297/1013 1571/1274/990 1574/1277/993
f 1594/1297/1013 1574/1277/993 1603/1304/1020
f 1604/1301/1021 1605/1300/1022 1606/1305/1022
f 1604/1301/1021 1606/1305/1022 1607/1306/1021
f 1602/1300/1019 1601/1303/1013 1608/1307/1023
f 1602/1300/1019 1608/1307/1023 1609/1305/1024
f 1603/1304/1020 1574/1277/993 1575/1278/994
f 1603/1304/1020 1575/1278/994 1610/1308/1025
f 1611/1306/1026 1609/1305/1024 1612/1309/1027
f 1611/1306/1026 1612/1309/1027 1613/1310/1026
f 1609/1305/1024 1608/1307/1023 1614/1311/1028
f 1609/1305/1024 1614/1311/1028 1612/1309/1027
f 1610/1308/1025 1575/1278/994 1576/1279/995
f 1610/1308/1025 1576/1279/995 1615/1312/1029
f 1616/1310/1030 1612/1309/1027 1617/1313/1031
f 1616/1310/1030 1617/1313/1031 1618/1314/1030
f 1612/1309/1027 1614/1311/1028 1619/1315/1032
f 1612/1309/1027 1619/1315/1032 1617/1313/1031
f 1615/1312/1029 1576/1279/995 1577/1280/996
f 1615/1312/1029 1577/1280/996 1620/1316/1033
f 1621/1314/1034 1617/1313/1031 1622/1317/1035
f 1621/1314/1034 1622/1317/1035 1623/1318/1034
f 1617/1313/1031 1619/1315/1032 1624/1319/1036
f 1617/1313/1031 1624/1319/1036 1622/1317/1035
f 1620/1316/1033 1577/1280/996 1578/1281/997
f 1620/1316/1033 1578/1281/997 1625/1320/1037
f 1626/1318/1038 1622/1317/1035 1627/1321/1039
f 1626/1318/1038 1627/1321/1039 1628/1322/1038
f 1622/1317/1035 1624/1319/1036 1629/1323/1040
f 1622/1317/1035 1629/1323/1040 1627/1321/1039
f 1625/1320/1037 1578/1281/997 1579/1282/998
f 1625/1320/1037 1579/1282/998 1630/1324/1041
f 1631/1322/1042 1632/1321/1043 1633/1325/1043
f 1631/1322/1042 1633/1325/1043 1634/1326/1044
f 1627/1321/1039 1629/1323/1040 1635/1327/1045
f 1627/1321/1039 1635/1327/1045 1636/1325/1046
f 1630/1324/1041 1579/1282/998 1580/1283/999
f 1630/1324/1041 1580/1283/999 1637/1328/1047
f 1638/1326/1048 1636/1325/1046 1639/1329/1049
f 1638/1326/1048 1639/1329/1049 1640/1330/1048
f 1636/1325/1046 1635/1327/1045 1641/1331/1050
f 1636/1325/1046 1641/1331/1050 1639/1329/1049
f 1637/1328/1047 1580/1283/999 1581/1284/1000
f 1637/1328/1047 1581/1284/1000 1642/1332/1051
f 1643/1330/1052 1639/1329/1049 1644/1333/1053
f 1643/1330/1052 1644/1333/1053 1645/1334/1052
f 1639/1329/1049 1641/1331/1050 1646/1335/1054
f 1639/1329/1049 1646/1335/1054 1644/1333/1053
f 1572/1275/991 1593/1296/1012 1642/1332/1051
f 1572/1275/991 1642/1332/1051 1581/1284/1000
f 1647/1336/1055 1648/1337/1017 1644/1333/1053
f 1647/1336/1055 1644/1333/1053 1646/1335/1054
f 1649/1337/1056 1650/1338/1057 1651/1334/1058
f 1649/1337/1056 1651/1334/1058 1652/1333/1056
f 1595/1298/1014 1598/1301/1014 1653/1339/1059
f 1595/1298/1014 1653/1339/1059 1654/1340/1059
f 1604/1301/1021 1607/1306/1021 1655/1341/1060
f 1604/1301/1021 1655/1341/1060 1656/1339/1060
f 1611/1306/1026 1613/1310/1026 1657/1342/1061
f 1611/1306/1026 1657/1342/1061 1658/1341/1061
f 1616/1310/1030 1618/1314/1030 1659/1343/1062
f 1616/1310/1030 1659/1343/1062 1660/1342/1063
f 1621/1314/1034 1623/1318/1034 1661/1344/1064
f 1621/1314/1034 1661/1344/1064 1662/1343/1065
f 1626/1318/1038 1628/1322/1038 1663/1345/1066
f 1626/1318/1038 1663/1345/1066 1664/1344/1067
f 1631/1322/1042 1634/1326/1044 1665/1346/1068
f 1631/1322/1042 1665/1346/1068 1666/1345/1069
f 1638/1326/1048 1640/1330/1048 1667/1347/1070
f 1638/1326/1048 1667/1347/1070 1668/1346/1071
f 1643/1330/1052 1645/1334/1052 1669/1348/1072
f 1643/1330/1052 1669/1348/1072 1670/1347/1073
f 1651/1334/1058 1650/1338/1057 1671/1349/1074
f 1651/1334/1058 1671/1349/1074 1672/1348/1075
f 1673/1350/1076 1654/1340/1059 1653/1339/1059
f 1673/1350/1076 1653/1339/1059 1674/1351/1077
f 1582/1285/1001 1675/1352/1078 1676/1353/1079
f 1582/1285/1001 1676/1353/1079 1583/1286/1002
f 1677/1352/1080 1678/1354/1081 1679/1355/1082
f 1677/1352/1080 1679/1355/1082 1680/1353/1083
f 1674/1351/1084 1656/1339/1060 1655/1341/1060
f 1674/1351/1084 1655/1341/1060 1681/1356/1085
f 1583/1286/1002 1676/1353/1079 1682/1357/1086
f 1583/1286/1002 1682/1357/1086 1585/1288/1004
f 1680/1353/1083 1679/1355/1082 1683/1358/1087
f 1680/1353/1083 1683/1358/1087 1682/1357/1086
f 1684/1356/1088 1658/1341/1061 1657/1342/1061
f 1684/1356/1088 1657/1342/1061 1685/1359/1088
f 1585/1288/1004 1682/1357/1086 1686/1360/1089
f 1585/1288/1004 1686/1360/1089 1586/1289/1005
f 1682/1357/1086 1683/1358/1087 1687/1361/1090
f 1682/1357/1086 1687/1361/1090 1686/1360/1089
f 1688/1359/1091 1660/1342/1063 1659/1343/1062
f 1688/1359/1091 1659/1343/1062 1689/1362/1091
f 1586/1289/1005 1686/1360/1089 1690/1363/1092
f 1586/1289/1005 1690/1363/1092 1587/1290/1006
f 1686/1360/1089 1687/1361/1090 1691/1364/1093
f 1686/1360/1089 1691/1364/1093 1690/1363/1092
f 1692/1362/1094 1662/1343/1065 1661/1344/1064
f 1692/1362/1094 1661/1344/1064 1693/1365/1095
f 1587/1290/1006 1690/1363/1092 1694/1366/1096
f 1587/1290/1006 1694/1366/1096 1588/1291/1007
f 1690/1363/1092 1691/1364/1093 1695/1367/1097
f 1690/1363/1092 1695/1367/1097 1694/1366/1096
f 1693/1365/1098 1664/1344/1067 1663/1345/1066
f 1693/1365/1098 1663/1345/1066 1696/1368/1099
f 1588/1291/1007 1694/1366/1096 1697/1369/1100
f 1588/1291/1007 1697/1369/1100 1589/1292/1008
f 1694/1366/1096 1695/1367/1097 1698/1370/1101
f 1694/1366/1096 1698/1370/1101 1697/1369/1100
f 1696/1368/1102 1666/1345/1069 1665/1346/1068
f 1696/1368/1102 1665/1346/1068 1699/1371/1103
f 1589/1292/1008 1697/1369/1100 1700/1372/1104
f 1589/1292/1008 1700/1372/1104 1590/1293/1009
f 1697/1369/1100 1698/1370/1101 1701/1373/1105
f 1697/1369/1100 1701/1373/1105 1700/1372/1104
f 1699/1371/1103 1668/1346/1071 1667/1347/1070
f 1699/1371/1103 1667/1347/1070 1702/1374/1106
f 1590/1293/1009 1700/1372/1104 1703/1375/1107
f 1590/1293/1009 1703/1375/1107 1591/1294/1010
f 1700/1372/1104 1701/1373/1105 1704/1376/1108
f 1700/1372/1104 1704/1376/1108 1703/1375/1107
f 1702/1374/1109 1670/1347/1073 1669/1348/1072
f 1702/1374/1109 1669/1348/1072 1705/1377/1110
f 1591/1294/1010 1703/1375/1107 1706/1378/1111
f 1591/1294/1010 1706/1378/1111 1592/1295/1011
f 1703/1375/1107 1704/1376/1108 1707/1379/1112
f 1703/1375/1107 1707/1379/1112 1706/1378/1111
f 1671/1349/1074 1708/1380/1113 1705/1377/1114
f 1671/1349/1074 1705/1377/1114 1672/1348/1075
f 1678/1354/1081 1677/1352/1080 1706/1378/1111
f 1678/1354/1081 1706/1378/1111 1707/1379/1112
f 1675/1352/1078 1582/1285/1001 1592/1295/1011
f 1675/1352/1078 1592/1295/1011 1706/1378/1111
o pCylinder7_aiStandardSurface1_0
v -8.205502 3.607385 -1.888828
v -8.047311 3.492450 -1.888829
v -8.303268 3.306488 -1.888829
v -8.401035 3.607385 -1.888828
v -8.559226 3.492450 -1.888829
v -8.619650 3.306488 -1.888829
v -8.559226 3.120524 -1.888829
v -8.401035 3.005592 -1.888829
v -8.205502 3.005591 -1.888829
v -8.047311 3.120524 -1.888829
v -7.986887 3.306488 -1.888829
v -8.047311 3.492453 1.884488
v -8.205501 3.607384 1.884488
v -8.303268 3.306488 1.884488
v -8.401036 3.607384 1.884488
v -8.559227 3.492452 1.884488
v -8.619651 3.306488 1.884488
v -8.559227 3.120521 1.884488
v -8.401036 3.005589 1.884488
v -8.205501 3.005589 1.884488
v -8.047310 3.120521 1.884488
v -7.986887 3.306488 1.884488
v -7.919358 3.585413 -1.880244
v -8.156628 3.757801 -1.880244
v -7.791404 3.678379 -1.824753
v -7.825689 3.653471 -1.856790
v -8.120850 3.867914 -1.856790
v -8.107754 3.908221 -1.824752
v -7.825689 3.653471 -1.856790
v -7.919358 3.585413 -1.880244
v -8.156628 3.757801 -1.880244
v -8.120850 3.867914 -1.856790
v -8.449909 3.757801 -1.880244
v -8.107754 3.908221 -1.824752
v -8.120850 3.867914 -1.856790
v -8.485687 3.867914 -1.856790
v -8.498783 3.908221 -1.824752
v -8.449909 3.757801 -1.880244
v -8.485687 3.867914 -1.856790
v -8.687180 3.585413 -1.880244
v -8.498783 3.908221 -1.824752
v -8.780848 3.653471 -1.856790
v -8.815133 3.678379 -1.824753
v -8.687180 3.585413 -1.880244
v -8.777809 3.306489 -1.880244
v -8.815133 3.678379 -1.824753
v -8.893589 3.306488 -1.856790
v -8.935967 3.306487 -1.824753
v -8.777809 3.306489 -1.880244
v -8.687180 3.027561 -1.880244
v -8.935967 3.306487 -1.824753
v -8.780848 2.959507 -1.856790
v -8.815133 2.934595 -1.824753
v -8.687180 3.027561 -1.880244
v -8.449909 2.855174 -1.880244
v -8.815133 2.934595 -1.824753
v -8.485687 2.745059 -1.856791
v -8.498783 2.704754 -1.824753
v -8.449909 2.855174 -1.880244
v -8.156628 2.855173 -1.880244
v -8.498783 2.704754 -1.824753
v -8.485687 2.745059 -1.856791
v -8.120850 2.745059 -1.856791
v -8.107754 2.704756 -1.824753
v -8.156628 2.855173 -1.880244
v -8.120850 2.745059 -1.856791
v -7.919357 3.027561 -1.880244
v -8.107754 2.704756 -1.824753
v -7.825689 2.959507 -1.856790
v -7.791404 2.934595 -1.824753
v -7.919357 3.027561 -1.880244
v -7.828728 3.306489 -1.880244
v -7.791404 2.934595 -1.824753
v -7.712948 3.306488 -1.856790
v -7.670569 3.306487 -1.824752
v -7.828728 3.306489 -1.880244
v -7.919358 3.585413 -1.880244
v -7.825689 3.653471 -1.856790
v -7.825689 3.653471 -1.856790
v -7.791404 3.678379 -1.824753
v -7.670569 3.306487 -1.824752
v -7.712948 3.306488 -1.856790
v -8.107754 3.908220 1.820412
v -7.791404 3.678379 1.820411
v -8.498783 3.908220 1.820412
v -8.107754 3.908220 1.820412
v -8.815133 3.678378 1.820411
v -8.498783 3.908220 1.820412
v -8.935967 3.306488 1.820411
v -8.815133 3.678378 1.820411
v -8.815133 2.934596 1.820412
v -8.935967 3.306488 1.820411
v -8.498783 2.704755 1.820411
v -8.815133 2.934596 1.820412
v -8.107754 2.704755 1.820411
v -8.498783 2.704755 1.820411
v -7.791404 2.934596 1.820412
v -8.107754 2.704755 1.820411
v -7.670569 3.306488 1.820411
v -7.791404 2.934596 1.820412
v -7.791404 3.678379 1.820411
v -7.670569 3.306488 1.820411
v -7.825689 3.653469 1.852449
v -8.120849 3.867915 1.852450
v -7.919357 3.585416 1.875903
v -8.156628 3.757802 1.875903
v -7.919357 3.585416 1.875903
v -7.825689 3.653469 1.852449
v -8.120849 3.867915 1.852450
v -8.156628 3.757802 1.875903
v -8.485688 3.867915 1.852450
v -8.449909 3.757802 1.875903
v -8.485688 3.867915 1.852450
v -8.485688 3.867915 1.852450
v -8.780849 3.653468 1.852449
v -8.687180 3.585416 1.875903
v -8.780849 3.653468 1.852449
v -8.780849 3.653468 1.852449
v -8.893589 3.306488 1.852449
v -8.777809 3.306487 1.875903
v -8.893589 3.306488 1.852449
v -8.893589 3.306488 1.852449
v -8.780848 2.959505 1.852450
v -8.687180 3.027558 1.875903
v -8.780848 2.959505 1.852450
v -8.485688 2.745059 1.852449
v -8.449909 2.855172 1.875903
v -8.485688 2.745059 1.852449
v -8.120849 2.745059 1.852449
v -8.156628 2.855172 1.875903
v -8.120849 2.745059 1.852449
v -7.825689 2.959505 1.852450
v -7.919357 3.027558 1.875903
v -7.825689 2.959505 1.852450
v -7.712948 3.306488 1.852449
v -7.828728 3.306487 1.875903
v -7.712948 3.306488 1.852449
v -7.825689 3.653469 1.852449
vn 0.0109 0.0336 -0.9994
vn 0.0286 0.0208 -0.9994
vn -0.0000 -0.0000 -1.0000
vn -0.0109 0.0336 -0.9994
vn -0.0286 0.0208 -0.9994
vn -0.0353 -0.0000 -0.9994
vn -0.0286 -0.0208 -0.9994
vn -0.0109 -0.0336 -0.9994
vn 0.0109 -0.0336 -0.9994
vn 0.0286 -0.0208 -0.9994
vn 0.0353 -0.0000 -0.9994
vn 0.0286 0.0208 0.9994
vn 0.0109 0.0336 0.9994
vn -0.0000 -0.0000 1.0000
vn -0.0109 0.0336 0.9994
vn -0.0286 0.0208 0.9994
vn -0.0353 -0.0000 0.9994
vn -0.0286 -0.0208 0.9994
vn -0.0109 -0.0336 0.9994
vn 0.0109 -0.0336 0.9994
vn 0.0286 -0.0208 0.9994
vn 0.0353 -0.0000 0.9994
vn 0.1127 0.0819 -0.9902
vn 0.0431 0.1325 -0.9902
vn 0.5878 0.8090 -0.0101
vn 0.3657 0.5034 -0.7828
vn 0.5878 0.8090 -0.0102
vn 0.1606 0.1167 -0.9801
vn 0.0614 0.1888 -0.9801
vn -0.0167 0.0515 -0.9985
vn -0.0000 0.9999 -0.0101
vn -0.0000 0.6222 -0.7828
vn -0.0000 0.9999 -0.0102
vn -0.0614 0.1888 -0.9801
vn -0.1388 0.2716 -0.9523
vn -0.1127 0.0819 -0.9902
vn -0.5878 0.8090 -0.0101
vn -0.2948 0.2142 -0.9313
vn -0.5878 0.8090 -0.0102
vn -0.1393 -0.0000 -0.9902
vn -0.9510 0.3090 -0.0101
vn -0.3643 -0.0000 -0.9313
vn -0.9510 0.3090 -0.0102
vn -0.1394 -0.0000 -0.9902
vn -0.1127 -0.0819 -0.9902
vn -0.9510 -0.3090 -0.0101
vn -0.2948 -0.2142 -0.9313
vn -0.9510 -0.3090 -0.0102
vn -0.0431 -0.1325 -0.9902
vn -0.5878 -0.8090 -0.0101
vn -0.1388 -0.2716 -0.9524
vn -0.5878 -0.8090 -0.0102
vn -0.0431 -0.1326 -0.9902
vn 0.0167 -0.0515 -0.9985
vn -0.0000 -0.9999 -0.0101
vn -0.0000 -0.6223 -0.7828
vn -0.0000 -0.9999 -0.0102
vn 0.0614 -0.1888 -0.9801
vn 0.1388 -0.2716 -0.9524
vn 0.0438 -0.0319 -0.9985
vn 0.5878 -0.8090 -0.0101
vn 0.2948 -0.2142 -0.9313
vn 0.5877 -0.8090 -0.0102
vn 0.1606 -0.1167 -0.9801
vn 0.1393 -0.0000 -0.9902
vn 0.9510 -0.3090 -0.0101
vn 0.3012 -0.0481 -0.9524
vn 0.9510 -0.3090 -0.0102
vn 0.1394 -0.0000 -0.9902
vn 0.1128 0.0819 -0.9902
vn 0.5918 0.1923 -0.7828
vn 0.9510 0.3090 -0.0102
vn 0.9510 0.3090 -0.0101
vn 0.5878 0.8090 0.0101
vn 0.5878 0.8090 0.0102
vn -0.0000 0.9999 0.0101
vn -0.0000 0.9999 0.0102
vn -0.5878 0.8090 0.0101
vn -0.5878 0.8090 0.0102
vn -0.9510 0.3090 0.0101
vn -0.9510 0.3090 0.0102
vn -0.9510 -0.3090 0.0101
vn -0.9510 -0.3090 0.0102
vn -0.5878 -0.8090 0.0101
vn -0.5878 -0.8090 0.0102
vn -0.0000 -0.9999 0.0101
vn -0.0000 -0.9999 0.0102
vn 0.5878 -0.8090 0.0101
vn 0.5878 -0.8090 0.0102
vn 0.9510 -0.3090 0.0101
vn 0.9510 -0.3090 0.0102
vn 0.9510 0.3090 0.0101
vn 0.9510 0.3090 0.0102
vn 0.2948 0.2142 0.9313
vn 0.1126 0.3465 0.9313
vn 0.0438 0.0319 0.9985
vn 0.0167 0.0515 0.9985
vn 0.1606 0.1167 0.9801
vn 0.2947 0.2141 0.9313
vn 0.0614 0.1888 0.9801
vn -0.0474 0.3013 0.9523
vn -0.0431 0.1325 0.9902
vn -0.0474 0.3013 0.9524
vn -0.3658 0.5034 0.7828
vn -0.1127 0.0819 0.9902
vn -0.1606 0.1167 0.9801
vn -0.5918 0.1923 0.7828
vn -0.1394 -0.0000 0.9902
vn -0.3012 -0.0480 0.9524
vn -0.3012 -0.0481 0.9523
vn -0.2948 -0.2141 0.9313
vn -0.1127 -0.0819 0.9902
vn -0.2947 -0.2141 0.9313
vn -0.2948 -0.2142 0.9313
vn -0.1126 -0.3465 0.9313
vn -0.0431 -0.1325 0.9902
vn 0.1126 -0.3465 0.9313
vn 0.0431 -0.1325 0.9902
vn 0.2947 -0.2142 0.9313
vn 0.1127 -0.0819 0.9902
vn 0.2947 -0.2141 0.9313
vn 0.2948 -0.2142 0.9313
vn 0.3644 -0.0000 0.9313
vn 0.1393 -0.0000 0.9902
vn 0.3643 -0.0000 0.9313
vn 0.2948 0.2141 0.9313
vt 0.524144 0.921183
vt 0.563211 0.892800
vt 0.500000 0.850000
vt 0.475856 0.921183
vt 0.436789 0.892800
vt 0.421867 0.846875
vt 0.436789 0.800949
vt 0.475856 0.772566
vt 0.524144 0.772566
vt 0.563211 0.800949
vt 0.578133 0.846875
vt 0.563211 0.113449
vt 0.524144 0.085066
vt 0.500000 0.162500
vt 0.475856 0.085066
vt 0.436789 0.113449
vt 0.421867 0.159375
vt 0.436789 0.205300
vt 0.475855 0.233684
vt 0.524144 0.233684
vt 0.563211 0.205300
vt 0.578133 0.159375
vt 0.626409 0.935591
vt 0.548284 0.992353
vt 0.375000 0.681066
vt 0.375000 0.684247
vt 0.400000 0.684097
vt 0.400000 0.681116
vt 0.375000 0.687500
vt 0.400000 0.687500
vt 0.451716 0.992353
vt 0.425000 0.684063
vt 0.425000 0.681066
vt 0.425000 0.687500
vt 0.373591 0.935591
vt 0.450000 0.684063
vt 0.450000 0.681067
vt 0.450000 0.687500
vt 0.343750 0.843750
vt 0.475000 0.684084
vt 0.475000 0.681116
vt 0.475000 0.687500
vt 0.373591 0.751909
vt 0.500000 0.684062
vt 0.500000 0.681066
vt 0.500000 0.687500
vt 0.451716 0.695147
vt 0.525000 0.684062
vt 0.525000 0.681066
vt 0.525000 0.687500
vt 0.548284 0.695147
vt 0.550000 0.684085
vt 0.550000 0.681116
vt 0.550000 0.687500
vt 0.626409 0.751909
vt 0.575000 0.684087
vt 0.575000 0.681116
vt 0.575000 0.687500
vt 0.656250 0.843750
vt 0.600000 0.684078
vt 0.600000 0.681067
vt 0.600000 0.687500
vt 0.625000 0.687500
vt 0.625000 0.684273
vt 0.625000 0.681116
vt 0.400000 0.317943
vt 0.375000 0.317943
vt 0.425000 0.317943
vt 0.450000 0.317943
vt 0.475000 0.317946
vt 0.500000 0.317943
vt 0.525000 0.317943
vt 0.550000 0.317943
vt 0.575000 0.317944
vt 0.600000 0.317943
vt 0.625000 0.317944
vt 0.375000 0.311560
vt 0.400000 0.311560
vt 0.594299 0.089069
vt 0.536019 0.046726
vt 0.626409 0.064409
vt 0.548284 0.007647
vt 0.425000 0.311560
vt 0.463981 0.046726
vt 0.451716 0.007647
vt 0.450000 0.311560
vt 0.405701 0.089069
vt 0.373591 0.064409
vt 0.475000 0.311560
vt 0.383439 0.157582
vt 0.343750 0.156250
vt 0.500000 0.311560
vt 0.405701 0.226094
vt 0.373591 0.248091
vt 0.525000 0.311560
vt 0.463981 0.268437
vt 0.451716 0.304853
vt 0.550000 0.311560
vt 0.536019 0.268437
vt 0.548284 0.304853
vt 0.575000 0.311560
vt 0.594299 0.226094
vt 0.626409 0.248091
vt 0.600000 0.311560
vt 0.616561 0.157582
vt 0.656250 0.156250
vt 0.625000 0.311560
s 1
usemtl aiStandardSurface1
f 1709/1381/1115 1710/1382/1116 1711/1383/1117
f 1712/1384/1118 1709/1381/1115 1711/1383/1117
f 1713/1385/1119 1712/1384/1118 1711/1383/1117
f 1714/1386/1120 1713/1385/1119 1711/1383/1117
f 1715/1387/1121 1714/1386/1120 1711/1383/1117
f 1716/1388/1122 1715/1387/1121 1711/1383/1117
f 1717/1389/1123 1716/1388/1122 1711/1383/1117
f 1718/1390/1124 1717/1389/1123 1711/1383/1117
f 1719/1391/1125 1718/1390/1124 1711/1383/1117
f 1710/1382/1116 1719/1391/1125 1711/1383/1117
f 1720/1392/1126 1721/1393/1127 1722/1394/1128
f 1721/1393/1127 1723/1395/1129 1722/1394/1128
f 1723/1395/1129 1724/1396/1130 1722/1394/1128
f 1724/1396/1130 1725/1397/1131 1722/1394/1128
f 1725/1397/1131 1726/1398/1132 1722/1394/1128
f 1726/1398/1132 1727/1399/1133 1722/1394/1128
f 1727/1399/1133 1728/1400/1134 1722/1394/1128
f 1728/1400/1134 1729/1401/1135 1722/1394/1128
f 1729/1401/1135 1730/1402/1136 1722/1394/1128
f 1730/1402/1136 1720/1392/1126 1722/1394/1128
f 1731/1403/1137 1710/1382/1116 1709/1381/1115
f 1731/1403/1137 1709/1381/1115 1732/1404/1138
f 1733/1405/1139 1734/1406/1140 1735/1407/1140
f 1733/1405/1139 1735/1407/1140 1736/1408/1141
f 1737/1406/1142 1738/1409/1137 1739/1410/1138
f 1737/1406/1142 1739/1410/1138 1740/1407/1143
f 1732/1404/1138 1709/1381/1115 1712/1384/1118
f 1732/1404/1138 1712/1384/1118 1741/1411/1144
f 1742/1408/1145 1743/1407/1146 1744/1412/1146
f 1742/1408/1145 1744/1412/1146 1745/1413/1147
f 1740/1407/1143 1739/1410/1138 1746/1414/1148
f 1740/1407/1143 1746/1414/1148 1747/1412/1149
f 1741/1411/1144 1712/1384/1118 1713/1385/1119
f 1741/1411/1144 1713/1385/1119 1748/1415/1150
f 1749/1413/1151 1747/1412/1149 1750/1416/1152
f 1749/1413/1151 1750/1416/1152 1751/1417/1153
f 1747/1412/1149 1746/1414/1148 1752/1418/1150
f 1747/1412/1149 1752/1418/1150 1750/1416/1152
f 1748/1415/1150 1713/1385/1119 1714/1386/1120
f 1748/1415/1150 1714/1386/1120 1753/1419/1154
f 1754/1417/1155 1750/1416/1152 1755/1420/1156
f 1754/1417/1155 1755/1420/1156 1756/1421/1157
f 1750/1416/1152 1752/1418/1150 1757/1422/1158
f 1750/1416/1152 1757/1422/1158 1755/1420/1156
f 1753/1419/1154 1714/1386/1120 1715/1387/1121
f 1753/1419/1154 1715/1387/1121 1758/1423/1159
f 1759/1421/1160 1755/1420/1156 1760/1424/1161
f 1759/1421/1160 1760/1424/1161 1761/1425/1162
f 1755/1420/1156 1757/1422/1158 1762/1426/1159
f 1755/1420/1156 1762/1426/1159 1760/1424/1161
f 1758/1423/1159 1715/1387/1121 1716/1388/1122
f 1758/1423/1159 1716/1388/1122 1763/1427/1163
f 1764/1425/1164 1760/1424/1161 1765/1428/1165
f 1764/1425/1164 1765/1428/1165 1766/1429/1166
f 1760/1424/1161 1762/1426/1159 1767/1430/1167
f 1760/1424/1161 1767/1430/1167 1765/1428/1165
f 1763/1427/1163 1716/1388/1122 1717/1389/1123
f 1763/1427/1163 1717/1389/1123 1768/1431/1168
f 1769/1429/1169 1770/1428/1170 1771/1432/1170
f 1769/1429/1169 1771/1432/1170 1772/1433/1171
f 1765/1428/1165 1767/1430/1167 1773/1434/1172
f 1765/1428/1165 1773/1434/1172 1774/1432/1173
f 1768/1431/1168 1717/1389/1123 1718/1390/1124
f 1768/1431/1168 1718/1390/1124 1775/1435/1174
f 1776/1433/1175 1774/1432/1173 1777/1436/1176
f 1776/1433/1175 1777/1436/1176 1778/1437/1177
f 1774/1432/1173 1773/1434/1172 1779/1438/1178
f 1774/1432/1173 1779/1438/1178 1777/1436/1176
f 1775/1435/1174 1718/1390/1124 1719/1391/1125
f 1775/1435/1174 1719/1391/1125 1780/1439/1179
f 1781/1437/1180 1777/1436/1176 1782/1440/1181
f 1781/1437/1180 1782/1440/1181 1783/1441/1182
f 1777/1436/1176 1779/1438/1178 1784/1442/1183
f 1777/1436/1176 1784/1442/1183 1782/1440/1181
f 1710/1382/1116 1731/1403/1137 1780/1439/1179
f 1710/1382/1116 1780/1439/1179 1719/1391/1125
f 1785/1443/1184 1786/1444/1142 1782/1440/1181
f 1785/1443/1184 1782/1440/1181 1784/1442/1183
f 1787/1444/1185 1788/1445/1186 1789/1441/1187
f 1787/1444/1185 1789/1441/1187 1790/1440/1185
f 1733/1405/1139 1736/1408/1141 1791/1446/1188
f 1733/1405/1139 1791/1446/1188 1792/1447/1189
f 1742/1408/1145 1745/1413/1147 1793/1448/1190
f 1742/1408/1145 1793/1448/1190 1794/1446/1191
f 1749/1413/1151 1751/1417/1153 1795/1449/1192
f 1749/1413/1151 1795/1449/1192 1796/1448/1193
f 1754/1417/1155 1756/1421/1157 1797/1450/1194
f 1754/1417/1155 1797/1450/1194 1798/1449/1195
f 1759/1421/1160 1761/1425/1162 1799/1451/1196
f 1759/1421/1160 1799/1451/1196 1800/1450/1197
f 1764/1425/1164 1766/1429/1166 1801/1452/1198
f 1764/1425/1164 1801/1452/1198 1802/1451/1199
f 1769/1429/1169 1772/1433/1171 1803/1453/1200
f 1769/1429/1169 1803/1453/1200 1804/1452/1201
f 1776/1433/1175 1778/1437/1177 1805/1454/1202
f 1776/1433/1175 1805/1454/1202 1806/1453/1203
f 1781/1437/1180 1783/1441/1182 1807/1455/1204
f 1781/1437/1180 1807/1455/1204 1808/1454/1205
f 1789/1441/1187 1788/1445/1186 1809/1456/1206
f 1789/1441/1187 1809/1456/1206 1810/1455/1207
f 1811/1457/1208 1792/1447/1189 1791/1446/1188
f 1811/1457/1208 1791/1446/1188 1812/1458/1209
f 1720/1392/1126 1813/1459/1210 1814/1460/1211
f 1720/1392/1126 1814/1460/1211 1721/1393/1127
f 1815/1459/1212 1816/1461/1213 1817/1462/1209
f 1815/1459/1212 1817/1462/1209 1818/1460/1214
f 1812/1458/1209 1794/1446/1191 1793/1448/1190
f 1812/1458/1209 1793/1448/1190 1819/1463/1215
f 1721/1393/1127 1814/1460/1211 1820/1464/1216
f 1721/1393/1127 1820/1464/1216 1723/1395/1129
f 1818/1460/1214 1817/1462/1209 1821/1465/1217
f 1818/1460/1214 1821/1465/1217 1820/1464/1216
f 1822/1463/1218 1796/1448/1193 1795/1449/1192
f 1822/1463/1218 1795/1449/1192 1823/1466/1218
f 1723/1395/1129 1820/1464/1216 1824/1467/1219
f 1723/1395/1129 1824/1467/1219 1724/1396/1130
f 1820/1464/1216 1821/1465/1217 1825/1468/1220
f 1820/1464/1216 1825/1468/1220 1824/1467/1219
f 1826/1466/1221 1798/1449/1195 1797/1450/1194
f 1826/1466/1221 1797/1450/1194 1827/1469/1221
f 1724/1396/1130 1824/1467/1219 1828/1470/1222
f 1724/1396/1130 1828/1470/1222 1725/1397/1131
f 1824/1467/1219 1825/1468/1220 1829/1471/1223
f 1824/1467/1219 1829/1471/1223 1828/1470/1222
f 1830/1469/1224 1800/1450/1197 1799/1451/1196
f 1830/1469/1224 1799/1451/1196 1831/1472/1225
f 1725/1397/1131 1828/1470/1222 1832/1473/1226
f 1725/1397/1131 1832/1473/1226 1726/1398/1132
f 1828/1470/1222 1829/1471/1223 1833/1474/1227
f 1828/1470/1222 1833/1474/1227 1832/1473/1226
f 1831/1472/1228 1802/1451/1199 1801/1452/1198
f 1831/1472/1228 1801/1452/1198 1834/1475/1229
f 1726/1398/1132 1832/1473/1226 1835/1476/1230
f 1726/1398/1132 1835/1476/1230 1727/1399/1133
f 1832/1473/1226 1833/1474/1227 1836/1477/1229
f 1832/1473/1226 1836/1477/1229 1835/1476/1230
f 1834/1475/1229 1804/1452/1201 1803/1453/1200
f 1834/1475/1229 1803/1453/1200 1837/1478/1231
f 1727/1399/1133 1835/1476/1230 1838/1479/1232
f 1727/1399/1133 1838/1479/1232 1728/1400/1134
f 1835/1476/1230 1836/1477/1229 1839/1480/1231
f 1835/1476/1230 1839/1480/1231 1838/1479/1232
f 1837/1478/1231 1806/1453/1203 1805/1454/1202
f 1837/1478/1231 1805/1454/1202 1840/1481/1233
f 1728/1400/1134 1838/1479/1232 1841/1482/1234
f 1728/1400/1134 1841/1482/1234 1729/1401/1135
f 1838/1479/1232 1839/1480/1231 1842/1483/1235
f 1838/1479/1232 1842/1483/1235 1841/1482/1234
f 1840/1481/1236 1808/1454/1205 1807/1455/1204
f 1840/1481/1236 1807/1455/1204 1843/1484/1237
f 1729/1401/1135 1841/1482/1234 1844/1485/1238
f 1729/1401/1135 1844/1485/1238 1730/1402/1136
f 1841/1482/1234 1842/1483/1235 1845/1486/1239
f 1841/1482/1234 1845/1486/1239 1844/1485/1238
f 1809/1456/1206 1846/1487/1240 1843/1484/1237
f 1809/1456/1206 1843/1484/1237 1810/1455/1207
f 1816/1461/1213 1815/1459/1212 1844/1485/1238
f 1816/1461/1213 1844/1485/1238 1845/1486/1239
f 1813/1459/1210 1720/1392/1126 1730/1402/1136
f 1813/1459/1210 1730/1402/1136 1844/1485/1238
o pCube2_aiStandardSurface1_0
v 5.956130 2.477859 4.826043
v 6.324705 2.951306 4.826043
v -3.933315 10.937107 4.826043
v -4.301890 10.463660 4.826043
v -4.301890 10.463660 4.826043
v -3.933315 10.937107 4.826043
v -3.933315 10.937107 4.226043
v -4.301890 10.463660 4.226043
v -4.301890 10.463660 4.226043
v -3.933315 10.937107 4.226043
v 6.324705 2.951306 4.226043
v 5.956130 2.477859 4.226043
v 5.956130 2.477859 4.226043
v 6.324705 2.951306 4.226043
v 6.324705 2.951306 4.826043
v 5.956130 2.477859 4.826043
v 6.324705 2.951306 4.826043
v 6.324705 2.951306 4.226043
v -3.933315 10.937107 4.226043
v -3.933315 10.937107 4.826043
v 5.956130 2.477859 4.226043
v 5.956130 2.477859 4.826043
v -4.301890 10.463660 4.826043
v -4.301890 10.463660 4.226043
vn -0.0000 -0.0000 1.0000
vn -0.7891 0.6143 -0.0000
vn -0.0000 -0.0000 -1.0000
vn 0.7891 -0.6143 -0.0000
vn 0.6143 0.7891 -0.0000
vn -0.6143 -0.7891 -0.0000
vt 0.375000 1.000000
vt 0.625000 1.000000
vt 0.625000 0.750000
vt 0.375000 0.750000
vt 0.625000 0.500000
vt 0.375000 0.500000
vt 0.625000 0.250000
vt 0.375000 0.250000
vt 0.625000 0.000000
vt 0.375000 0.000000
vt 0.875000 1.000000
vt 0.875000 0.750000
vt 0.125000 1.000000
vt 0.125000 0.750000
s 0
usemtl aiStandardSurface1
f 1847/1488/1241 1848/1489/1241 1849/1490/1241
f 1847/1488/1241 1849/1490/1241 1850/1491/1241
f 1851/1491/1242 1852/1490/1242 1853/1492/1242
f 1851/1491/1242 1853/1492/1242 1854/1493/1242
f 1855/1493/1243 1856/1492/1243 1857/1494/1243
f 1855/1493/1243 1857/1494/1243 1858/1495/1243
f 1859/1495/1244 1860/1494/1244 1861/1496/1244
f 1859/1495/1244 1861/1496/1244 1862/1497/1244
f 1863/1489/1245 1864/1498/1245 1865/1499/1245
f 1863/1489/1245 1865/1499/1245 1866/1490/1245
f 1867/1500/1246 1868/1488/1246 1869/1491/1246
f 1867/1500/1246 1869/1491/1246 1870/1501/1246
o pCube1_aiStandardSurface1_0
v -10.000000 0.000000 5.000001
v -8.750000 0.000000 5.000001
v -8.750000 0.750000 5.000001
v -10.000000 0.750000 5.000001
v -7.500000 0.000000 5.000001
v -7.500000 0.750000 5.000001
v -6.250000 0.000000 5.000001
v -6.250000 0.750000 5.000001
v -5.000000 0.000000 5.000001
v -5.000000 0.750000 5.000001
v -3.750000 0.000000 5.000001
v -3.750000 0.750000 5.000001
v -2.500000 0.000000 5.000001
v -2.500000 0.750000 5.000001
v -1.250000 0.000000 5.000001
v -1.250000 0.750000 5.000001
v 0.000000 0.000000 5.000001
v 0.000000 0.750000 5.000001
v 1.250000 0.000000 5.000001
v 1.250000 0.750000 5.000001
v 2.500000 0.000000 5.000001
v 2.500000 0.750000 5.000001
v 3.750000 0.000000 5.000001
v 3.750000 0.750000 5.000001
v 5.000000 0.000000 5.000001
v 5.000000 0.750000 5.000001
v 6.250000 0.000000 5.000001
v 6.250000 0.750000 5.000001
v 7.500000 0.000000 5.000001
v 7.500000 0.750000 5.000001
v 8.750000 0.000000 5.000001
v 8.750000 0.750000 5.000001
v 10.000000 0.000000 5.000001
v 10.000000 0.750000 5.000001
v -8.750000 1.500000 5.000001
v -10.000000 1.500000 5.000001
v -7.500000 1.500000 5.000001
v -6.250000 1.500000 5.000001
v -5.000000 1.500000 5.000001
v -3.750000 1.500000 5.000001
v -2.500000 1.500000 5.000001
v -1.250000 1.500000 5.000001
v 0.000000 1.500000 5.000001
v 1.250000 1.500000 5.000001
v 2.500000 1.500000 5.000001
v 3.750000 1.500000 5.000001
v 5.000000 1.500000 5.000001
v 6.250000 1.500000 5.000001
v 7.500000 1.500000 5.000001
v 8.750000 1.500000 5.000001
v 10.000000 1.500000 5.000001
v -8.750000 2.250000 5.000001
v -10.000000 2.250000 5.000001
v -7.500000 2.250000 5.000001
v -6.250000 2.250000 5.000001
v -5.000000 2.250000 5.000001
v -3.750000 2.250000 5.000001
v -2.500000 2.250000 5.000001
v 0.000000 2.250000 5.000001
v -1.250000 2.250000 5.000001
v 1.250000 2.250000 5.000001
v 3.750000 2.250000 5.000001
v 2.500000 2.250000 5.000001
v 5.000000 2.250000 5.000001
v 6.250000 2.250000 5.000001
v 7.500000 2.250000 5.000001
v 8.750000 2.250000 5.000001
v 10.000000 2.250000 5.000001
v -8.750000 3.000001 5.000001
v -10.000000 3.000001 5.000001
v -7.500000 3.000001 5.000001
v -6.250000 3.000001 5.000001
v -5.000000 3.000001 5.000001
v -3.750000 3.000001 5.000001
v -2.500000 3.000001 5.000001
v -1.250000 3.000001 5.000001
v 0.000000 3.000001 5.000001
v 1.250000 3.000001 5.000001
v 2.500000 3.000001 5.000001
v 3.750000 3.000001 5.000001
v 5.000000 3.000001 5.000001
v 6.250000 3.000001 5.000001
v 7.500000 3.000001 5.000001
v 8.750000 3.000001 5.000001
v 10.000000 3.000001 5.000001
v -8.750000 3.000001 4.000001
v -10.000000 3.000001 4.000001
v -7.500000 3.000001 4.000001
v -6.250000 3.000001 4.000001
v -5.000000 3.000001 4.000001
v -5.000000 13.000003 5.000001
v -3.750000 13.000003 5.000001
v -3.750000 13.000003 4.000001
v -5.000000 13.000003 4.000001
v -2.500000 3.000001 4.000001
v -3.750000 3.000001 4.000001
v -1.250000 3.000001 4.000001
v 0.000000 3.000001 4.000001
v 1.250000 3.000001 4.000001
v 2.500000 3.000001 4.000001
v 3.750000 3.000001 4.000001
v 5.000000 3.000001 4.000001
v 6.250000 3.000001 4.000001
v 6.250000 6.500001 5.000001
v 7.500000 6.500001 5.000001
v 7.500000 6.500001 4.000001
v 6.250000 6.500001 4.000001
v 8.750000 6.500001 5.000001
v 8.750000 6.500001 4.000001
v 10.000000 3.000001 4.000001
v 8.750000 3.000001 4.000001
v -8.750000 2.250000 4.000001
v -10.000000 2.250000 4.000001
v -7.500000 2.250000 4.000001
v -6.250000 2.250000 4.000001
v -5.000000 2.250000 4.000001
v -3.750000 2.250000 4.000001
v -2.500000 2.250000 4.000001
v -1.250000 2.250000 4.000001
v 0.000000 2.250000 4.000001
v 1.250000 2.250000 4.000001
v 2.500000 2.250000 4.000001
v 3.750000 2.250000 4.000001
v 5.000000 2.250000 4.000001
v 6.250000 2.250000 4.000001
v 7.500000 3.000001 4.000001
v 7.500000 2.250000 4.000001
v 8.750000 2.250000 4.000001
v 10.000000 2.250000 4.000001
v -8.750000 1.500000 4.000001
v -10.000000 1.500000 4.000001
v -6.250000 1.500000 4.000001
v -7.500000 1.500000 4.000001
v -5.000000 1.500000 4.000001
v -3.750000 1.500000 4.000001
v -2.500000 1.500000 4.000001
v -1.250000 1.500000 4.000001
v 0.000000 1.500000 4.000001
v 1.250000 1.500000 4.000001
v 2.500000 1.500000 4.000001
v 3.750000 1.500000 4.000001
v 5.000000 1.500000 4.000001
v 6.250000 1.500000 4.000001
v 7.500000 1.500000 4.000001
v 10.000000 1.500000 4.000001
v 8.750000 1.500000 4.000001
v -8.750000 0.750000 4.000001
v -10.000000 0.750000 4.000001
v -6.250000 0.750000 4.000001
v -7.500000 0.750000 4.000001
v -5.000000 0.750000 4.000001
v -3.750000 0.750000 4.000001
v -2.500000 0.750000 4.000001
v -1.250000 0.750000 4.000001
v 0.000000 0.750000 4.000001
v 1.250000 0.750000 4.000001
v 2.500000 0.750000 4.000001
v 3.750000 0.750000 4.000001
v 5.000000 0.750000 4.000001
v 6.250000 0.750000 4.000001
v 7.500000 0.750000 4.000001
v 10.000000 0.750000 4.000001
v 8.750000 0.750000 4.000001
v -8.750000 0.000000 4.000001
v -10.000000 0.000000 4.000001
v -7.500000 0.000000 4.000001
v -6.250000 0.000000 4.000001
v -5.000000 0.000000 4.000001
v -3.750000 0.000000 4.000001
v -2.500000 0.000000 4.000001
v -1.250000 0.000000 4.000001
v 0.000000 0.000000 4.000001
v 1.250000 0.000000 4.000001
v 2.500000 0.000000 4.000001
v 3.750000 0.000000 4.000001
v 5.000000 0.000000 4.000001
v 6.250000 0.000000 4.000001
v 7.500000 0.000000 4.000001
v 8.750000 0.000000 4.000001
v 10.000000 0.000000 4.000001
v -8.750000 0.000000 5.000001
v -10.000000 0.000000 5.000001
v -7.500000 0.000000 5.000001
v -6.250000 0.000000 5.000001
v -5.000000 0.000000 5.000001
v -3.750000 0.000000 5.000001
v -2.500000 0.000000 5.000001
v -1.250000 0.000000 5.000001
v 0.000000 0.000000 5.000001
v 1.250000 0.000000 5.000001
v 2.500000 0.000000 5.000001
v 3.750000 0.000000 5.000001
v 5.000000 0.000000 5.000001
v 6.250000 0.000000 5.000001
v 7.500000 0.000000 5.000001
v 8.750000 0.000000 5.000001
v 10.000000 0.000000 5.000001
v 10.000000 0.000000 4.000001
v 10.000000 0.750000 4.000001
v 10.000000 1.500000 4.000001
v 10.000000 2.250000 4.000001
v 10.000000 3.000001 4.000001
v -10.000000 0.000000 4.000001
v -10.000000 0.750000 4.000001
v -10.000000 1.500000 4.000001
v -10.000000 2.250000 4.000001
v -10.000000 3.000001 4.000001
v -3.750000 10.234385 5.000001
v -5.000000 10.246669 5.000001
v -3.750000 10.234385 4.000001
v -5.000000 10.246669 4.000001
v 8.750000 2.250000 0.000000
v 7.500000 2.250000 0.000000
v 8.750000 1.500000 0.000000
v 7.500000 1.500000 0.000000
v 8.750000 0.750000 0.000000
v 7.500000 0.750000 0.000000
v -7.500000 2.250000 0.000000
v -8.750000 2.250000 0.000000
v -7.500000 1.500000 0.000000
v -8.750000 1.500000 0.000000
v -7.500000 0.750000 0.000000
v -8.750000 0.750000 0.000000
v -5.000000 11.992294 4.000001
v -5.000000 11.992294 5.000001
v -5.000000 12.000417 5.000001
v -5.000000 12.000417 4.000001
v -5.000000 12.000417 5.750001
v -3.750000 12.003117 5.750001
v -3.750000 13.000003 5.750001
v -5.000000 13.000003 5.750001
v -3.750000 12.003117 5.000001
v -3.750000 12.003117 4.000001
v -5.000000 12.000417 0.465821
v -3.750000 12.003116 0.465821
v -5.000000 13.000003 0.465821
v -3.750000 13.000003 0.465821
v -3.750000 11.001682 5.000001
v -3.750000 11.001682 4.000001
v -5.000000 11.001682 4.000001
v -5.000000 11.001682 5.000001
v -5.000000 10.246669 5.750001
v -3.750000 10.234385 5.750001
v -3.750000 11.001682 5.750001
v -5.000000 11.001682 5.750001
v -5.000000 10.246669 0.479040
v -3.750000 10.234385 0.479040
v -5.000000 11.001682 0.479040
v -3.750000 11.001682 0.479040
v -10.000000 0.000000 -5.000001
v -10.000000 0.750000 -5.000001
v -8.750000 0.750000 -5.000001
v -8.750000 0.000000 -5.000001
v -7.500000 0.750000 -5.000001
v -7.500000 0.000000 -5.000001
v -6.250000 0.750000 -5.000001
v -6.250000 0.000000 -5.000001
v -5.000000 0.750000 -5.000001
v -5.000000 0.000000 -5.000001
v -3.750000 0.750000 -5.000001
v -3.750000 0.000000 -5.000001
v -2.500000 0.750000 -5.000001
v -2.500000 0.000000 -5.000001
v -1.250000 0.750000 -5.000001
v -1.250000 0.000000 -5.000001
v 0.000000 0.750000 -5.000001
v 0.000000 0.000000 -5.000001
v 1.250000 0.750000 -5.000001
v 1.250000 0.000000 -5.000001
v 2.500000 0.750000 -5.000001
v 2.500000 0.000000 -5.000001
v 3.750000 0.750000 -5.000001
v 3.750000 0.000000 -5.000001
v 5.000000 0.750000 -5.000001
v 5.000000 0.000000 -5.000001
v 6.250000 0.750000 -5.000001
v 6.250000 0.000000 -5.000001
v 7.500000 0.750000 -5.000001
v 7.500000 0.000000 -5.000001
v 8.750000 0.750000 -5.000001
v 8.750000 0.000000 -5.000001
v 10.000000 0.750000 -5.000001
v 10.000000 0.000000 -5.000001
v -10.000000 1.500000 -5.000001
v -8.750000 1.500000 -5.000001
v -7.500000 1.500000 -5.000001
v -6.250000 1.500000 -5.000001
v -5.000000 1.500000 -5.000001
v -3.750000 1.500000 -5.000001
v -2.500000 1.500000 -5.000001
v -1.250000 1.500000 -5.000001
v 0.000000 1.500000 -5.000001
v 1.250000 1.500000 -5.000001
v 2.500000 1.500000 -5.000001
v 3.750000 1.500000 -5.000001
v 5.000000 1.500000 -5.000001
v 6.250000 1.500000 -5.000001
v 7.500000 1.500000 -5.000001
v 8.750000 1.500000 -5.000001
v 10.000000 1.500000 -5.000001
v -10.000000 2.250000 -5.000001
v -8.750000 2.250000 -5.000001
v -7.500000 2.250000 -5.000001
v -6.250000 2.250000 -5.000001
v -5.000000 2.250000 -5.000001
v -3.750000 2.250000 -5.000001
v -2.500000 2.250000 -5.000001
v -1.250000 2.250000 -5.000001
v 0.000000 2.250000 -5.000001
v 1.250000 2.250000 -5.000001
v 2.500000 2.250000 -5.000001
v 3.750000 2.250000 -5.000001
v 5.000000 2.250000 -5.000001
v 6.250000 2.250000 -5.000001
v 7.500000 2.250000 -5.000001
v 8.750000 2.250000 -5.000001
v 10.000000 2.250000 -5.000001
v -10.000000 3.000001 -5.000001
v -8.750000 3.000001 -5.000001
v -7.500000 3.000001 -5.000001
v -6.250000 3.000001 -5.000001
v -5.000000 3.000001 -5.000001
v -3.750000 3.000001 -5.000001
v -2.500000 3.000001 -5.000001
v -1.250000 3.000001 -5.000001
v 0.000000 3.000001 -5.000001
v 1.250000 3.000001 -5.000001
v 2.500000 3.000001 -5.000001
v 3.750000 3.000001 -5.000001
v 5.000000 3.000001 -5.000001
v 6.250000 3.000001 -5.000001
v 7.500000 3.000001 -5.000001
v 8.750000 3.000001 -5.000001
v 10.000000 3.000001 -5.000001
v -10.000000 3.000001 -4.000001
v -8.750000 3.000001 -4.000001
v -7.500000 3.000001 -4.000001
v -6.250000 3.000001 -4.000001
v -5.000000 3.000001 -4.000001
v -5.000000 13.000003 -5.000001
v -5.000000 13.000003 -4.000001
v -3.750000 13.000003 -4.000001
v -3.750000 13.000003 -5.000001
v -3.750000 3.000001 -4.000001
v -2.500000 3.000001 -4.000001
v -1.250000 3.000001 -4.000001
v 0.000000 3.000001 -4.000001
v 1.250000 3.000001 -4.000001
v 2.500000 3.000001 -4.000001
v 3.750000 3.000001 -4.000001
v 5.000000 3.000001 -4.000001
v 6.250000 3.000001 -4.000001
v 6.250000 6.500001 -5.000001
v 6.250000 6.500001 -4.000001
v 7.500000 6.500001 -4.000001
v 7.500000 6.500001 -5.000001
v 8.750000 6.500001 -4.000001
v 8.750000 6.500001 -5.000001
v 8.750000 3.000001 -4.000001
v 10.000000 3.000001 -4.000001
v -10.000000 2.250000 -4.000001
v -8.750000 2.250000 -4.000001
v -7.500000 2.250000 -4.000001
v -6.250000 2.250000 -4.000001
v -5.000000 2.250000 -4.000001
v -3.750000 2.250000 -4.000001
v -2.500000 2.250000 -4.000001
v -1.250000 2.250000 -4.000001
v 0.000000 2.250000 -4.000001
v 1.250000 2.250000 -4.000001
v 2.500000 2.250000 -4.000001
v 3.750000 2.250000 -4.000001
v 5.000000 2.250000 -4.000001
v 6.250000 2.250000 -4.000001
v 7.500000 2.250000 -4.000001
v 7.500000 3.000001 -4.000001
v 8.750000 2.250000 -4.000001
v 10.000000 2.250000 -4.000001
v -10.000000 1.500000 -4.000001
v -8.750000 1.500000 -4.000001
v -7.500000 1.500000 -4.000001
v -6.250000 1.500000 -4.000001
v -5.000000 1.500000 -4.000001
v -3.750000 1.500000 -4.000001
v -2.500000 1.500000 -4.000001
v -1.250000 1.500000 -4.000001
v 0.000000 1.500000 -4.000001
v 1.250000 1.500000 -4.000001
v 2.500000 1.500000 -4.000001
v 3.750000 1.500000 -4.000001
v 5.000000 1.500000 -4.000001
v 6.250000 1.500000 -4.000001
v 7.500000 1.500000 -4.000001
v 8.750000 1.500000 -4.000001
v 10.000000 1.500000 -4.000001
v -10.000000 0.750000 -4.000001
v -8.750000 0.750000 -4.000001
v -7.500000 0.750000 -4.000001
v -6.250000 0.750000 -4.000001
v -5.000000 0.750000 -4.000001
v -3.750000 0.750000 -4.000001
v -2.500000 0.750000 -4.000001
v -1.250000 0.750000 -4.000001
v 0.000000 0.750000 -4.000001
v 1.250000 0.750000 -4.000001
v 2.500000 0.750000 -4.000001
v 3.750000 0.750000 -4.000001
v 5.000000 0.750000 -4.000001
v 6.250000 0.750000 -4.000001
v 7.500000 0.750000 -4.000001
v 8.750000 0.750000 -4.000001
v 10.000000 0.750000 -4.000001
v -10.000000 0.000000 -4.000001
v -8.750000 0.000000 -4.000001
v -7.500000 0.000000 -4.000001
v -6.250000 0.000000 -4.000001
v -5.000000 0.000000 -4.000001
v -3.750000 0.000000 -4.000001
v -2.500000 0.000000 -4.000001
v -1.250000 0.000000 -4.000001
v 0.000000 0.000000 -4.000001
v 1.250000 0.000000 -4.000001
v 2.500000 0.000000 -4.000001
v 3.750000 0.000000 -4.000001
v 5.000000 0.000000 -4.000001
v 6.250000 0.000000 -4.000001
v 7.500000 0.000000 -4.000001
v 8.750000 0.000000 -4.000001
v 10.000000 0.000000 -4.000001
v -10.000000 0.000000 -5.000001
v -8.750000 0.000000 -5.000001
v -7.500000 0.000000 -5.000001
v -6.250000 0.000000 -5.000001
v -5.000000 0.000000 -5.000001
v -3.750000 0.000000 -5.000001
v -2.500000 0.000000 -5.000001
v -1.250000 0.000000 -5.000001
v 0.000000 0.000000 -5.000001
v 1.250000 0.000000 -5.000001
v 2.500000 0.000000 -5.000001
v 3.750000 0.000000 -5.000001
v 5.000000 0.000000 -5.000001
v 6.250000 0.000000 -5.000001
v 7.500000 0.000000 -5.000001
v 8.750000 0.000000 -5.000001
v 10.000000 0.000000 -5.000001
v 10.000000 0.750000 -4.000001
v 10.000000 0.000000 -4.000001
v 10.000000 1.500000 -4.000001
v 10.000000 2.250000 -4.000001
v 10.000000 3.000001 -4.000001
v -10.000000 0.000000 -4.000001
v -10.000000 0.750000 -4.000001
v -10.000000 1.500000 -4.000001
v -10.000000 2.250000 -4.000001
v -10.000000 3.000001 -4.000001
v -5.000000 10.246669 -5.000001
v -3.750000 10.234385 -5.000001
v -3.750000 10.234385 -4.000001
v -5.000000 10.246669 -4.000001
v -5.000000 11.992294 -4.000001
v -5.000000 12.000417 -4.000001
v -5.000000 12.000417 -5.000001
v -5.000000 11.992294 -5.000001
v -5.000000 12.000417 -5.750002
v -5.000000 13.000003 -5.750002
v -3.750000 13.000003 -5.750002
v -3.750000 12.003117 -5.750002
v -3.750000 12.003117 -5.000001
v -3.750000 12.003117 -4.000001
v -3.750000 12.003116 -0.465821
v -5.000000 12.000417 -0.465821
v -5.000000 13.000003 -0.465821
v -3.750000 13.000003 -0.465821
v -3.750000 11.001682 -5.000001
v -3.750000 11.001682 -4.000001
v -5.000000 11.001682 -4.000001
v -5.000000 11.001682 -5.000001
v -5.000000 10.246669 -5.750002
v -5.000000 11.001682 -5.750002
v -3.750000 11.001682 -5.750002
v -3.750000 10.234385 -5.750002
v -3.750000 10.234385 -0.479040
v -5.000000 10.246669 -0.479040
v -5.000000 11.001682 -0.479040
v -3.750000 11.001682 -0.479040
v -5.000000 12.000417 0.000000
v -5.000000 13.000003 0.000000
v -3.850000 14.000003 -0.365821
v -4.900000 14.000003 -0.365821
v -4.900000 14.000003 -0.100000
v -3.850000 14.000003 -0.100000
v -3.750000 13.000003 0.000000
v -3.750000 12.003117 0.000000
v -4.900000 14.000003 0.365821
v -3.850000 14.000003 0.365821
v -3.850000 14.000003 0.100000
v -4.900000 14.000003 0.100000
v -5.000000 10.246669 0.000000
v -5.000000 11.001682 0.000000
v -3.750000 11.001682 0.000000
v -3.750000 10.234385 0.000000
v 1.217372 1.500000 5.428111
v 1.217372 2.250000 5.428111
v 2.446133 2.250000 5.589267
v 2.446133 1.500000 5.589267
v -1.217372 2.250000 5.428111
v -1.217372 1.500000 5.428111
v -2.446133 2.250000 5.589267
v -2.446133 1.500000 5.589267
v -1.087404 2.250000 5.598913
v -1.087404 1.500000 5.598913
v -2.089513 2.250000 6.301525
v -2.089513 1.500000 6.301525
v -0.812921 2.250000 5.720581
v -0.812921 1.500000 5.720581
v -1.363005 2.250000 6.825719
v -1.363005 1.500000 6.825719
v -0.305520 2.250000 5.827986
v -0.305520 1.500000 5.827986
v -0.469323 2.250000 7.058392
v -0.469323 1.500000 7.058392
v 0.305520 2.250000 5.827986
v 0.305520 1.500000 5.827986
v 0.469323 2.250000 7.058392
v 0.469323 1.500000 7.058392
v 0.812921 2.250000 5.720581
v 0.812921 1.500000 5.720581
v 1.363005 2.250000 6.825719
v 1.363005 1.500000 6.825719
v 1.087404 2.250000 5.598913
v 1.087404 1.500000 5.598913
v 2.089513 2.250000 6.301525
v 2.089513 1.500000 6.301525
v 1.217372 1.500000 -5.428111
v 2.446133 1.500000 -5.589268
v 2.446133 2.250000 -5.589268
v 1.217372 2.250000 -5.428111
v -2.446133 1.500000 -5.589268
v -1.217372 1.500000 -5.428111
v -2.446133 2.250000 -5.589268
v -1.217372 2.250000 -5.428111
v -2.089513 1.500000 -6.301525
v -1.087404 1.500000 -5.598913
v -2.089513 2.250000 -6.301525
v -1.087404 2.250000 -5.598913
v -1.363005 1.500000 -6.825720
v -0.812921 1.500000 -5.720582
v -1.363005 2.250000 -6.825720
v -0.812921 2.250000 -5.720582
v -0.469323 1.500000 -7.058392
v -0.305520 1.500000 -5.827987
v -0.469323 2.250000 -7.058392
v -0.305520 2.250000 -5.827987
v 0.469323 1.500000 -7.058392
v 0.305520 1.500000 -5.827987
v 0.469323 2.250000 -7.058392
v 0.305520 2.250000 -5.827987
v 1.363005 1.500000 -6.825720
v 0.812921 1.500000 -5.720582
v 1.363005 2.250000 -6.825720
v 0.812921 2.250000 -5.720582
v 2.089513 1.500000 -6.301525
v 1.087404 1.500000 -5.598913
v 2.089513 2.250000 -6.301525
v 1.087404 2.250000 -5.598913
v 2.089513 1.500000 -6.301525
v 2.089513 1.500000 6.301525
v 2.089513 2.250000 -6.301525
v 2.089513 2.250000 6.301525
v 1.087404 1.500000 -5.598913
v 1.087404 1.500000 5.598913
v 1.087404 2.250000 -5.598913
v 1.087404 2.250000 5.598913
v 1.363005 1.500000 -6.825720
v 1.363005 1.500000 6.825719
v 1.363005 2.250000 -6.825720
v 1.363005 2.250000 6.825719
v 0.812921 1.500000 -5.720582
v 0.812921 1.500000 5.720581
v 0.812921 2.250000 -5.720582
v 0.812921 2.250000 5.720581
v 0.469323 1.500000 -7.058392
v 0.469323 1.500000 7.058392
v 0.469323 2.250000 -7.058392
v 0.469323 2.250000 7.058392
v 0.305520 1.500000 -5.827987
v 0.305520 1.500000 5.827986
v 0.305520 2.250000 -5.827987
v 0.305520 2.250000 5.827986
v -0.469323 1.500000 -7.058392
v -0.469323 1.500000 7.058392
v -0.469323 2.250000 -7.058392
v -0.469323 2.250000 7.058392
v -0.305520 1.500000 -5.827987
v -0.305520 1.500000 5.827986
v -0.305520 2.250000 -5.827987
v -0.305520 2.250000 5.827986
v -1.363005 1.500000 -6.825720
v -1.363005 1.500000 6.825719
v -1.363005 2.250000 -6.825720
v -1.363005 2.250000 6.825719
v -0.812921 1.500000 -5.720582
v -0.812921 1.500000 5.720581
v -0.812921 2.250000 -5.720582
v -0.812921 2.250000 5.720581
v -2.089513 1.500000 -6.301525
v -2.089513 1.500000 6.301525
v -2.089513 2.250000 -6.301525
v -2.089513 2.250000 6.301525
v -1.087404 1.500000 -5.598913
v -1.087404 1.500000 5.598913
v -1.087404 2.250000 -5.598913
v -1.087404 2.250000 5.598913
v -2.446133 1.500000 -5.589268
v -2.446133 1.500000 5.589267
v -2.446133 2.250000 -5.589268
v -2.446133 2.250000 5.589267
v -1.217372 1.500000 -5.428111
v -1.217372 1.500000 5.428111
v -1.217372 2.250000 -5.428111
v -1.217372 2.250000 5.428111
v 2.446133 1.500000 -5.589268
v 2.446133 1.500000 5.589267
v 2.446133 2.250000 -5.589268
v 2.446133 2.250000 5.589267
v 1.217372 2.250000 -5.428111
v 1.217372 2.250000 5.428111
v 1.217372 1.500000 -5.428111
v 1.217372 1.500000 5.428111
v -3.850000 14.000003 0.100000
v -3.850000 14.000003 0.100000
v -3.850000 14.000003 0.365821
v -3.850000 14.000003 0.365821
v -3.850000 14.000003 -0.100000
v -3.850000 14.000003 -0.100000
v -3.850000 14.000003 -0.365821
v -3.850000 14.000003 -0.365821
v -5.000000 11.992294 -5.000001
v -5.000000 11.992294 5.000001
v -5.000000 11.992294 4.000001
v -5.000000 11.992294 -4.000001
v -3.750000 10.234385 0.000000
v -3.750000 10.234385 -0.479040
v -3.750000 10.234385 -5.750002
v -3.750000 10.234385 -5.750002
v -3.750000 10.234385 4.000001
v -3.750000 10.234385 4.000001
v -3.750000 10.234385 5.000001
v -3.750000 10.234385 5.000001
v -3.750000 10.234385 5.750001
v -3.750000 10.234385 5.750001
v -3.750000 10.234385 0.479040
v -3.750000 10.234385 -5.000001
v -3.750000 10.234385 -5.000001
v -3.750000 10.234385 -4.000001
v -3.750000 10.234385 -4.000001
v 8.750000 6.500001 4.000001
v 8.750000 6.500001 4.000001
v 8.750000 6.500001 5.000001
v 8.750000 6.500001 5.000001
v 8.750000 6.500001 -4.000001
v 8.750000 6.500001 -4.000001
v 8.750000 6.500001 -5.000001
v 8.750000 6.500001 -5.000001
v -1.250000 3.000001 5.000001
v -1.250000 3.000001 4.000001
v -1.250000 3.000001 -5.000001
v -1.250000 3.000001 -4.000001
v 6.250000 6.500001 4.000001
v 6.250000 6.500001 4.000001
v 6.250000 6.500001 5.000001
v 6.250000 6.500001 5.000001
v 6.250000 6.500001 -5.000001
v 6.250000 6.500001 -5.000001
v 6.250000 6.500001 -4.000001
v 6.250000 6.500001 -4.000001
v 2.500000 1.500000 5.000001
v 2.500000 1.500000 5.000001
v 2.500000 1.500000 -5.000001
v 2.500000 1.500000 -5.000001
v 1.250000 1.500000 5.000001
v 1.250000 1.500000 5.000001
v 1.250000 1.500000 -5.000001
v 1.250000 1.500000 -5.000001
v -7.500000 1.500000 4.000001
v -7.500000 1.500000 -4.000001
v 10.000000 1.500000 5.000001
v 10.000000 1.500000 -5.000001
v -7.500000 0.750000 0.000000
v -7.500000 0.750000 4.000001
v -7.500000 0.750000 4.000001
v -7.500000 0.750000 -4.000001
v -7.500000 0.750000 -4.000001
v 10.000000 0.750000 5.000001
v 10.000000 0.750000 -5.000001
v -10.000000 0.000000 4.000001
v -10.000000 0.000000 5.000001
v -10.000000 0.000000 -5.000001
v -10.000000 0.000000 -4.000001
v 7.500000 2.250000 0.000000
v 7.500000 2.250000 4.000001
v 7.500000 2.250000 4.000001
v 7.500000 2.250000 -4.000001
v 7.500000 2.250000 -4.000001
v -7.500000 3.000001 5.000001
v -7.500000 3.000001 4.000001
v -7.500000 3.000001 -5.000001
v -7.500000 3.000001 -4.000001
v 10.000000 3.000001 4.000001
v 10.000000 3.000001 5.000001
v 10.000000 3.000001 5.000001
v 10.000000 3.000001 -5.000001
v 10.000000 3.000001 -5.000001
v 10.000000 3.000001 -4.000001
v -7.500000 0.000000 4.000001
v -7.500000 0.000000 -4.000001
v 10.000000 0.000000 4.000001
v 10.000000 0.000000 5.000001
v 10.000000 0.000000 -5.000001
v 10.000000 0.000000 -4.000001
v 8.750000 1.500000 4.000001
v 8.750000 1.500000 -4.000001
v -3.750000 0.000000 4.000001
v -3.750000 0.000000 -4.000001
v 5.000000 0.000000 4.000001
v 5.000000 0.000000 -4.000001
v 7.500000 6.500001 4.000001
v 7.500000 6.500001 5.000001
v 7.500000 6.500001 -4.000001
v 7.500000 6.500001 -5.000001
v 7.500000 0.750000 0.000000
v 7.500000 0.750000 4.000001
v 7.500000 0.750000 4.000001
v 7.500000 0.750000 -4.000001
v 7.500000 0.750000 -4.000001
v 7.500000 0.000000 4.000001
v 7.500000 0.000000 -4.000001
v -1.250000 1.500000 5.000001
v -1.250000 1.500000 5.000001
v -1.250000 1.500000 -5.000001
v -1.250000 1.500000 -5.000001
v 8.750000 0.000000 4.000001
v 8.750000 0.000000 -4.000001
v -7.500000 2.250000 0.000000
v -7.500000 2.250000 4.000001
v -7.500000 2.250000 4.000001
v -7.500000 2.250000 -4.000001
v -7.500000 2.250000 -4.000001
v 10.000000 2.250000 5.000001
v 10.000000 2.250000 -5.000001
v -10.000000 3.000001 5.000001
v -10.000000 3.000001 5.000001
v -10.000000 3.000001 4.000001
v -10.000000 3.000001 -5.000001
v -10.000000 3.000001 -5.000001
v -10.000000 3.000001 -4.000001
v -8.750000 1.500000 4.000001
v -8.750000 1.500000 -4.000001
v -5.000000 0.000000 4.000001
v -5.000000 0.000000 -4.000001
v -3.750000 3.000001 5.000001
v -3.750000 3.000001 5.000001
v -3.750000 3.000001 4.000001
v -3.750000 3.000001 4.000001
v -3.750000 3.000001 -5.000001
v -3.750000 3.000001 -5.000001
v -3.750000 3.000001 -4.000001
v -3.750000 3.000001 -4.000001
v 5.000000 3.000001 4.000001
v 5.000000 3.000001 5.000001
v 5.000000 3.000001 -5.000001
v 5.000000 3.000001 -4.000001
v -5.000000 10.246669 0.000000
v -5.000000 10.246669 -0.479040
v -5.000000 10.246669 -5.750002
v -5.000000 10.246669 -5.750002
v -5.000000 10.246669 4.000001
v -5.000000 10.246669 4.000001
v -5.000000 10.246669 5.000001
v -5.000000 10.246669 5.000001
v -5.000000 10.246669 5.750001
v -5.000000 10.246669 5.750001
v -5.000000 10.246669 0.479040
v -5.000000 10.246669 -5.000001
v -5.000000 10.246669 -5.000001
v -5.000000 10.246669 -4.000001
v -5.000000 10.246669 -4.000001
v 3.750000 0.000000 4.000001
v 3.750000 0.000000 -4.000001
v 3.750000 3.000001 4.000001
v 3.750000 3.000001 5.000001
v 3.750000 3.000001 -5.000001
v 3.750000 3.000001 -4.000001
v -8.750000 0.000000 4.000001
v -8.750000 0.000000 -4.000001
v -10.000000 2.250000 5.000001
v -10.000000 2.250000 -5.000001
v 8.750000 0.750000 0.000000
v 8.750000 0.750000 4.000001
v 8.750000 0.750000 4.000001
v 8.750000 0.750000 -4.000001
v 8.750000 0.750000 -4.000001
v -8.750000 0.750000 0.000000
v -8.750000 0.750000 4.000001
v -8.750000 0.750000 4.000001
v -8.750000 0.750000 -4.000001
v -8.750000 0.750000 -4.000001
v -10.000000 1.500000 5.000001
v -10.000000 1.500000 -5.000001
v 2.500000 0.000000 4.000001
v 2.500000 0.000000 -4.000001
v -10.000000 0.750000 5.000001
v -10.000000 0.750000 -5.000001
v -5.000000 11.001682 -0.479040
v -5.000000 11.001682 -0.479040
v -5.000000 11.001682 -5.750002
v -5.000000 11.001682 -5.750002
v -5.000000 11.001682 -5.000001
v -5.000000 11.001682 -5.000001
v -5.000000 11.001682 -4.000001
v -5.000000 11.001682 -4.000001
v -5.000000 11.001682 4.000001
v -5.000000 11.001682 4.000001
v -5.000000 11.001682 5.000001
v -5.000000 11.001682 5.000001
v -5.000000 11.001682 5.750001
v -5.000000 11.001682 5.750001
v -5.000000 11.001682 0.479040
v -5.000000 11.001682 0.479040
v -2.500000 0.000000 4.000001
v -2.500000 0.000000 -4.000001
v -5.000000 3.000001 5.000001
v -5.000000 3.000001 5.000001
v -5.000000 3.000001 4.000001
v -5.000000 3.000001 4.000001
v -5.000000 3.000001 -5.000001
v -5.000000 3.000001 -5.000001
v -5.000000 3.000001 -4.000001
v -5.000000 3.000001 -4.000001
v -1.250000 0.000000 4.000001
v -1.250000 0.000000 -4.000001
v -5.000000 12.000417 -0.465821
v -5.000000 12.000417 -0.465821
v -5.000000 12.000417 -5.750002
v -5.000000 12.000417 -5.750002
v -2.500000 1.500000 5.000001
v -2.500000 1.500000 5.000001
v -2.500000 1.500000 -5.000001
v -2.500000 1.500000 -5.000001
v -5.000000 12.000417 5.000001
v -5.000000 12.000417 5.000001
v -5.000000 12.000417 4.000001
v -5.000000 12.000417 4.000001
v -5.000000 12.000417 5.750001
v -5.000000 12.000417 5.750001
v -5.000000 12.000417 0.465821
v -5.000000 12.000417 0.465821
v -5.000000 12.000417 -4.000001
v -5.000000 12.000417 -4.000001
v -5.000000 12.000417 -5.000001
v -5.000000 12.000417 -5.000001
v 2.500000 3.000001 4.000001
v 2.500000 3.000001 5.000001
v 2.500000 3.000001 -5.000001
v 2.500000 3.000001 -4.000001
v 2.500000 2.250000 5.000001
v 2.500000 2.250000 5.000001
v 2.500000 2.250000 -5.000001
v 2.500000 2.250000 -5.000001
v -2.500000 3.000001 5.000001
v -2.500000 3.000001 4.000001
v -2.500000 3.000001 -5.000001
v -2.500000 3.000001 -4.000001
v 1.250000 0.000000 4.000001
v 1.250000 0.000000 -4.000001
v 7.500000 1.500000 4.000001
v 7.500000 1.500000 -4.000001
v -8.750000 2.250000 0.000000
v -8.750000 2.250000 4.000001
v -8.750000 2.250000 4.000001
v -8.750000 2.250000 -4.000001
v -8.750000 2.250000 -4.000001
v -2.500000 2.250000 5.000001
v -2.500000 2.250000 5.000001
v -2.500000 2.250000 -5.000001
v -2.500000 2.250000 -5.000001
v -1.250000 2.250000 5.000001
v -1.250000 2.250000 5.000001
v -1.250000 2.250000 -5.000001
v -1.250000 2.250000 -5.000001
v -3.750000 13.000003 0.000000
v -3.750000 13.000003 0.000000
v -3.750000 13.000003 -0.465821
v -3.750000 13.000003 -0.465821
v -3.750000 13.000003 -5.750002
v -3.750000 13.000003 -5.750002
v -3.750000 13.000003 5.000001
v -3.750000 13.000003 4.000001
v -3.750000 13.000003 5.750001
v -3.750000 13.000003 5.750001
v -3.750000 13.000003 0.465821
v -3.750000 13.000003 0.465821
v -3.750000 13.000003 -4.000001
v -3.750000 13.000003 -5.000001
v 1.250000 2.250000 5.000001
v 1.250000 2.250000 5.000001
v 1.250000 2.250000 -5.000001
v 1.250000 2.250000 -5.000001
v 0.000000 0.000000 4.000001
v 0.000000 0.000000 -4.000001
v -6.250000 0.000000 4.000001
v -6.250000 0.000000 -4.000001
v 8.750000 2.250000 0.000000
v 8.750000 2.250000 4.000001
v 8.750000 2.250000 4.000001
v 8.750000 2.250000 -4.000001
v 8.750000 2.250000 -4.000001
v -8.750000 3.000001 5.000001
v -8.750000 3.000001 4.000001
v -8.750000 3.000001 -5.000001
v -8.750000 3.000001 -4.000001
v -4.900000 14.000003 0.100000
v -4.900000 14.000003 0.100000
v -4.900000 14.000003 0.365821
v -4.900000 14.000003 0.365821
v -4.900000 14.000003 -0.100000
v -4.900000 14.000003 -0.100000
v -4.900000 14.000003 -0.365821
v -4.900000 14.000003 -0.365821
v 0.000000 3.000001 4.000001
v 0.000000 3.000001 5.000001
v 0.000000 3.000001 -5.000001
v 0.000000 3.000001 -4.000001
v -6.250000 3.000001 5.000001
v -6.250000 3.000001 4.000001
v -6.250000 3.000001 -5.000001
v -6.250000 3.000001 -4.000001
v 6.250000 0.000000 4.000001
v 6.250000 0.000000 -4.000001
v 1.250000 3.000001 4.000001
v 1.250000 3.000001 5.000001
v 1.250000 3.000001 -5.000001
v 1.250000 3.000001 -4.000001
v 6.250000 3.000001 4.000001
v 6.250000 3.000001 4.000001
v 6.250000 3.000001 5.000001
v 6.250000 3.000001 5.000001
v 6.250000 3.000001 -5.000001
v 6.250000 3.000001 -5.000001
v 6.250000 3.000001 -4.000001
v 6.250000 3.000001 -4.000001
v 8.750000 3.000001 4.000001
v 8.750000 3.000001 4.000001
v 8.750000 3.000001 5.000001
v 8.750000 3.000001 5.000001
v 8.750000 3.000001 -5.000001
v 8.750000 3.000001 -5.000001
v 8.750000 3.000001 -4.000001
v 8.750000 3.000001 -4.000001
v -5.000000 13.000003 0.000000
v -5.000000 13.000003 0.000000
v -5.000000 13.000003 -0.465821
v -5.000000 13.000003 -0.465821
v -5.000000 13.000003 -5.750002
v -5.000000 13.000003 -5.750002
v -5.000000 13.000003 5.000001
v -5.000000 13.000003 4.000001
v -5.000000 13.000003 5.750001
v -5.000000 13.000003 5.750001
v -5.000000 13.000003 0.465821
v -5.000000 13.000003 0.465821
v -5.000000 13.000003 -5.000001
v -5.000000 13.000003 -4.000001
v -3.750000 12.003117 -4.000001
v -3.750000 12.003117 -4.000001
v -3.750000 12.003117 -5.000001
v -3.750000 12.003117 -5.000001
v -3.750000 12.003117 -5.750002
v -3.750000 12.003117 -5.750002
v -3.750000 12.003117 5.750001
v -3.750000 12.003117 5.750001
v -3.750000 12.003117 5.000001
v -3.750000 12.003117 5.000001
v -3.750000 12.003117 4.000001
v -3.750000 12.003117 4.000001
v -3.750000 12.003116 -0.465821
v -3.750000 12.003116 -0.465821
v -3.750000 12.003116 0.465821
v -3.750000 12.003116 0.465821
v -3.750000 11.001682 -0.479040
v -3.750000 11.001682 -0.479040
v -3.750000 11.001682 -5.750002
v -3.750000 11.001682 -5.750002
v -3.750000 11.001682 -4.000001
v -3.750000 11.001682 -4.000001
v -3.750000 11.001682 -5.000001
v -3.750000 11.001682 -5.000001
v -3.750000 11.001682 5.000001
v -3.750000 11.001682 5.000001
v -3.750000 11.001682 4.000001
v -3.750000 11.001682 4.000001
v -3.750000 11.001682 5.750001
v -3.750000 11.001682 5.750001
v -3.750000 11.001682 0.479040
v -3.750000 11.001682 0.479040
vn -0.0000 -0.0000 1.0000
vn -0.0000 1.0000 -0.0000
vn -0.0000 -0.0000 -1.0000
vn -0.0000 -1.0000 -0.0000
vn 1.0000 -0.0000 -0.0000
vn -1.0000 -0.0000 -0.0000
vn 0.0022 -1.0000 -0.0000
vn -1.0000 0.0058 -0.0000
vn 0.9999 0.0141 -0.0000
vn -0.0098 -1.0000 -0.0000
vn -1.0000 0.0088 -0.0000
vn 0.9999 0.0105 -0.0000
vn -0.9992 0.0391 -0.0000
vn 0.9989 0.0462 -0.0000
vn -0.0000 0.0132 -0.9999
vn -0.0000 0.0132 0.9999
vn -0.9824 -0.0000 -0.1868
vn -0.9347 -0.0000 -0.3553
vn -0.9971 -0.0000 -0.0760
vn 0.9711 -0.0000 0.2385
vn 0.9345 -0.0000 0.3560
vn 0.9958 -0.0000 0.0910
vn 0.9971 -0.0000 -0.0760
vn 0.9824 -0.0000 -0.1868
vn 0.9347 -0.0000 -0.3553
vn -0.9958 -0.0000 0.0910
vn -0.9711 -0.0000 0.2385
vn -0.9345 -0.0000 0.3560
vn 0.6550 -0.0000 -0.7556
vn 0.5208 -0.0000 -0.8537
vn -0.8043 -0.0000 0.5942
vn -0.6974 -0.0000 0.7167
vn 0.3151 -0.0000 -0.9491
vn 0.2526 -0.0000 -0.9676
vn -0.4792 -0.0000 0.8777
vn -0.3663 -0.0000 0.9305
vn 0.1310 -0.0000 -0.9914
vn 0.0620 -0.0000 -0.9981
vn -0.1683 -0.0000 0.9857
vn -0.0837 -0.0000 0.9965
vn -0.0620 -0.0000 -0.9981
vn -0.1310 -0.0000 -0.9914
vn 0.0837 -0.0000 0.9965
vn 0.1683 -0.0000 0.9857
vn -0.2526 -0.0000 -0.9676
vn -0.3151 -0.0000 -0.9491
vn 0.3663 -0.0000 0.9305
vn 0.4792 -0.0000 0.8777
vn -0.5208 -0.0000 -0.8537
vn -0.6550 -0.0000 -0.7556
vn 0.6974 -0.0000 0.7167
vn 0.8043 -0.0000 0.5942
vn 0.9711 -0.0000 -0.2385
vn 0.9345 -0.0000 -0.3560
vn 0.9958 -0.0000 -0.0910
vn -0.9824 -0.0000 0.1868
vn -0.9347 -0.0000 0.3553
vn -0.9971 -0.0000 0.0760
vn -0.9958 -0.0000 -0.0910
vn -0.9711 -0.0000 -0.2385
vn -0.9345 -0.0000 -0.3560
vn 0.9971 -0.0000 0.0760
vn 0.9824 -0.0000 0.1868
vn 0.9347 -0.0000 0.3553
vn -0.8043 -0.0000 -0.5942
vn -0.6974 -0.0000 -0.7167
vn 0.6550 -0.0000 0.7556
vn 0.5208 -0.0000 0.8537
vn -0.4792 -0.0000 -0.8777
vn -0.3663 -0.0000 -0.9305
vn 0.3151 -0.0000 0.9491
vn 0.2526 -0.0000 0.9676
vn -0.1683 -0.0000 -0.9857
vn -0.0837 -0.0000 -0.9965
vn 0.1310 -0.0000 0.9914
vn 0.0620 -0.0000 0.9981
vn 0.0837 -0.0000 -0.9965
vn 0.1683 -0.0000 -0.9857
vn -0.0620 -0.0000 0.9981
vn -0.1310 -0.0000 0.9914
vn 0.3663 -0.0000 -0.9305
vn 0.4792 -0.0000 -0.8777
vn -0.2526 -0.0000 0.9676
vn -0.3151 -0.0000 0.9491
vn 0.6974 -0.0000 -0.7167
vn 0.8043 -0.0000 -0.5942
vn -0.5208 -0.0000 0.8537
vn -0.6550 -0.0000 0.7556
vn -0.0000 0.0995 -0.9950
vn -0.9950 0.0995 -0.0000
vn -0.0000 0.0995 0.9950
vn 0.9950 0.0995 -0.0000
vt 0.375000 1.000000
vt 0.390625 1.000000
vt 0.390625 0.937500
vt 0.375000 0.937500
vt 0.406250 1.000000
vt 0.406250 0.937500
vt 0.421875 1.000000
vt 0.421875 0.937500
vt 0.437500 1.000000
vt 0.437500 0.937500
vt 0.453125 1.000000
vt 0.453125 0.937500
vt 0.468750 1.000000
vt 0.468750 0.937500
vt 0.484375 1.000000
vt 0.484375 0.937500
vt 0.500000 1.000000
vt 0.500000 0.937500
vt 0.515625 1.000000
vt 0.515625 0.937500
vt 0.531250 1.000000
vt 0.531250 0.937500
vt 0.546875 1.000000
vt 0.546875 0.937500
vt 0.562500 1.000000
vt 0.562500 0.937500
vt 0.578125 1.000000
vt 0.578125 0.937500
vt 0.593750 1.000000
vt 0.593750 0.937500
vt 0.609375 1.000000
vt 0.609375 0.937500
vt 0.625000 1.000000
vt 0.625000 0.937500
vt 0.390625 0.875000
vt 0.375000 0.875000
vt 0.406250 0.875000
vt 0.421875 0.875000
vt 0.437500 0.875000
vt 0.453125 0.875000
vt 0.468750 0.875000
vt 0.484375 0.875000
vt 0.500000 0.875000
vt 0.515625 0.875000
vt 0.531250 0.875000
vt 0.546875 0.875000
vt 0.562500 0.875000
vt 0.578125 0.875000
vt 0.593750 0.875000
vt 0.609375 0.875000
vt 0.625000 0.875000
vt 0.390625 0.812500
vt 0.375000 0.812500
vt 0.406250 0.812500
vt 0.421875 0.812500
vt 0.437500 0.812500
vt 0.453125 0.812500
vt 0.468750 0.812500
vt 0.500000 0.812500
vt 0.484375 0.812500
vt 0.515625 0.812500
vt 0.546875 0.812500
vt 0.531250 0.812500
vt 0.562500 0.812500
vt 0.578125 0.812500
vt 0.593750 0.812500
vt 0.609375 0.812500
vt 0.625000 0.812500
vt 0.390625 0.750000
vt 0.375000 0.750000
vt 0.406250 0.750000
vt 0.421875 0.750000
vt 0.437500 0.750000
vt 0.453125 0.750000
vt 0.468750 0.750000
vt 0.484375 0.750000
vt 0.500000 0.750000
vt 0.515625 0.750000
vt 0.531250 0.750000
vt 0.546875 0.750000
vt 0.562500 0.750000
vt 0.578125 0.750000
vt 0.593750 0.750000
vt 0.609375 0.750000
vt 0.625000 0.750000
vt 0.390625 0.500000
vt 0.375000 0.500000
vt 0.406250 0.500000
vt 0.421875 0.500000
vt 0.437500 0.500000
vt 0.453125 0.500000
vt 0.468750 0.500000
vt 0.484375 0.500000
vt 0.500000 0.500000
vt 0.515625 0.500000
vt 0.531250 0.500000
vt 0.546875 0.500000
vt 0.562500 0.500000
vt 0.578125 0.500000
vt 0.593750 0.500000
vt 0.609375 0.500000
vt 0.625000 0.500000
vt 0.390625 0.437500
vt 0.375000 0.437500
vt 0.406250 0.437500
vt 0.421875 0.437500
vt 0.437500 0.437500
vt 0.453125 0.437500
vt 0.468750 0.437500
vt 0.484375 0.437500
vt 0.500000 0.437500
vt 0.515625 0.437500
vt 0.531250 0.437500
vt 0.546875 0.437500
vt 0.562500 0.437500
vt 0.578125 0.437500
vt 0.593750 0.437500
vt 0.609375 0.437500
vt 0.625000 0.437500
vt 0.390625 0.375000
vt 0.375000 0.375000
vt 0.421875 0.375000
vt 0.406250 0.375000
vt 0.437500 0.375000
vt 0.453125 0.375000
vt 0.468750 0.375000
vt 0.484375 0.375000
vt 0.500000 0.375000
vt 0.515625 0.375000
vt 0.531250 0.375000
vt 0.546875 0.375000
vt 0.562500 0.375000
vt 0.578125 0.375000
vt 0.593750 0.375000
vt 0.625000 0.375000
vt 0.609375 0.375000
vt 0.390625 0.312500
vt 0.375000 0.312500
vt 0.421875 0.312500
vt 0.406250 0.312500
vt 0.437500 0.312500
vt 0.453125 0.312500
vt 0.468750 0.312500
vt 0.484375 0.312500
vt 0.500000 0.312500
vt 0.515625 0.312500
vt 0.531250 0.312500
vt 0.546875 0.312500
vt 0.562500 0.312500
vt 0.578125 0.312500
vt 0.593750 0.312500
vt 0.625000 0.312500
vt 0.609375 0.312500
vt 0.390625 0.250000
vt 0.375000 0.250000
vt 0.406250 0.250000
vt 0.421875 0.250000
vt 0.437500 0.250000
vt 0.453125 0.250000
vt 0.468750 0.250000
vt 0.484375 0.250000
vt 0.500000 0.250000
vt 0.515625 0.250000
vt 0.531250 0.250000
vt 0.546875 0.250000
vt 0.562500 0.250000
vt 0.578125 0.250000
vt 0.593750 0.250000
vt 0.609375 0.250000
vt 0.625000 0.250000
vt 0.390625 0.000000
vt 0.375000 0.000000
vt 0.406250 0.000000
vt 0.421875 0.000000
vt 0.437500 0.000000
vt 0.453125 0.000000
vt 0.468750 0.000000
vt 0.484375 0.000000
vt 0.500000 0.000000
vt 0.515625 0.000000
vt 0.531250 0.000000
vt 0.546875 0.000000
vt 0.562500 0.000000
vt 0.578125 0.000000
vt 0.593750 0.000000
vt 0.609375 0.000000
vt 0.625000 0.000000
vt 0.875000 1.000000
vt 0.875000 0.937500
vt 0.875000 0.875000
vt 0.875000 0.812500
vt 0.875000 0.750000
vt 0.125000 1.000000
vt 0.125000 0.937500
vt 0.125000 0.875000
vt 0.125000 0.812500
vt 0.125000 0.750000
vt 0.512153 0.875000
vt 0.512153 0.812500
vt 0.524306 0.812500
vt 0.524306 0.875000
vt 0.487847 0.812500
vt 0.487847 0.875000
vt 0.475694 0.812500
vt 0.475694 0.875000
vt 0.491319 0.812500
vt 0.491319 0.875000
vt 0.482639 0.812500
vt 0.482639 0.875000
vt 0.494792 0.812500
vt 0.494792 0.875000
vt 0.489583 0.812500
vt 0.489583 0.875000
vt 0.498264 0.812500
vt 0.498264 0.875000
vt 0.496528 0.812500
vt 0.496528 0.875000
vt 0.501736 0.812500
vt 0.501736 0.875000
vt 0.503472 0.812500
vt 0.503472 0.875000
vt 0.505208 0.812500
vt 0.505208 0.875000
vt 0.510417 0.812500
vt 0.510417 0.875000
vt 0.508680 0.812500
vt 0.508680 0.875000
vt 0.517361 0.812500
vt 0.517361 0.875000
s 0
usemtl aiStandardSurface1
f 1871/1502/1247 1872/1503/1247 1873/1504/1247
f 1871/1502/1247 1873/1504/1247 1874/1505/1247
f 1872/1503/1247 1875/1506/1247 1876/1507/1247
f 1872/1503/1247 1876/1507/1247 1873/1504/1247
f 1875/1506/1247 1877/1508/1247 1878/1509/1247
f 1875/1506/1247 1878/1509/1247 1876/1507/1247
f 1877/1508/1247 1879/1510/1247 1880/1511/1247
f 1877/1508/1247 1880/1511/1247 1878/1509/1247
f 1879/1510/1247 1881/1512/1247 1882/1513/1247
f 1879/1510/1247 1882/1513/1247 1880/1511/1247
f 1881/1512/1247 1883/1514/1247 1884/1515/1247
f 1881/1512/1247 1884/1515/1247 1882/1513/1247
f 1883/1514/1247 1885/1516/1247 1886/1517/1247
f 1883/1514/1247 1886/1517/1247 1884/1515/1247
f 1885/1516/1247 1887/1518/1247 1888/1519/1247
f 1885/1516/1247 1888/1519/1247 1886/1517/1247
f 1887/1518/1247 1889/1520/1247 1890/1521/1247
f 1887/1518/1247 1890/1521/1247 1888/1519/1247
f 1889/1520/1247 1891/1522/1247 1892/1523/1247
f 1889/1520/1247 1892/1523/1247 1890/1521/1247
f 1891/1522/1247 1893/1524/1247 1894/1525/1247
f 1891/1522/1247 1894/1525/1247 1892/1523/1247
f 1893/1524/1247 1895/1526/1247 1896/1527/1247
f 1893/1524/1247 1896/1527/1247 1894/1525/1247
f 1895/1526/1247 1897/1528/1247 1898/1529/1247
f 1895/1526/1247 1898/1529/1247 1896/1527/1247
f 1897/1528/1247 1899/1530/1247 1900/1531/1247
f 1897/1528/1247 1900/1531/1247 1898/1529/1247
f 1899/1530/1247 1901/1532/1247 1902/1533/1247
f 1899/1530/1247 1902/1533/1247 1900/1531/1247
f 1901/1532/1247 1903/1534/1247 1904/1535/1247
f 1901/1532/1247 1904/1535/1247 1902/1533/1247
f 1874/1505/1247 1873/1504/1247 1905/1536/1247
f 1874/1505/1247 1905/1536/1247 1906/1537/1247
f 1873/1504/1247 1876/1507/1247 1907/1538/1247
f 1873/1504/1247 1907/1538/1247 1905/1536/1247
f 1876/1507/1247 1878/1509/1247 1908/1539/1247
f 1876/1507/1247 1908/1539/1247 1907/1538/1247
f 1878/1509/1247 1880/1511/1247 1909/1540/1247
f 1878/1509/1247 1909/1540/1247 1908/1539/1247
f 1880/1511/1247 1882/1513/1247 1910/1541/1247
f 1880/1511/1247 1910/1541/1247 1909/1540/1247
f 1882/1513/1247 1884/1515/1247 1911/1542/1247
f 1882/1513/1247 1911/1542/1247 1910/1541/1247
f 1884/1515/1247 1886/1517/1247 1912/1543/1247
f 1884/1515/1247 1912/1543/1247 1911/1542/1247
f 1886/1517/1247 1888/1519/1247 1913/1544/1247
f 1886/1517/1247 1913/1544/1247 1912/1543/1247
f 1888/1519/1247 1890/1521/1247 1914/1545/1247
f 1888/1519/1247 1914/1545/1247 1913/1544/1247
f 1890/1521/1247 1892/1523/1247 1915/1546/1247
f 1890/1521/1247 1915/1546/1247 1914/1545/1247
f 1892/1523/1247 1894/1525/1247 1916/1547/1247
f 1892/1523/1247 1916/1547/1247 1915/1546/1247
f 1894/1525/1247 1896/1527/1247 1917/1548/1247
f 1894/1525/1247 1917/1548/1247 1916/1547/1247
f 1896/1527/1247 1898/1529/1247 1918/1549/1247
f 1896/1527/1247 1918/1549/1247 1917/1548/1247
f 1898/1529/1247 1900/1531/1247 1919/1550/1247
f 1898/1529/1247 1919/1550/1247 1918/1549/1247
f 1900/1531/1247 1902/1533/1247 1920/1551/1247
f 1900/1531/1247 1920/1551/1247 1919/1550/1247
f 1902/1533/1247 1904/1535/1247 1921/1552/1247
f 1902/1533/1247 1921/1552/1247 1920/1551/1247
f 1906/1537/1247 1905/1536/1247 1922/1553/1247
f 1906/1537/1247 1922/1553/1247 1923/1554/1247
f 1905/1536/1247 1907/1538/1247 1924/1555/1247
f 1905/1536/1247 1924/1555/1247 1922/1553/1247
f 1907/1538/1247 1908/1539/1247 1925/1556/1247
f 1907/1538/1247 1925/1556/1247 1924/1555/1247
f 1908/1539/1247 1909/1540/1247 1926/1557/1247
f 1908/1539/1247 1926/1557/1247 1925/1556/1247
f 1909/1540/1247 1910/1541/1247 1927/1558/1247
f 1909/1540/1247 1927/1558/1247 1926/1557/1247
f 1910/1541/1247 1911/1542/1247 1928/1559/1247
f 1910/1541/1247 1928/1559/1247 1927/1558/1247
f 1912/1543/1247 1913/1544/1247 1929/1560/1247
f 1912/1543/1247 1929/1560/1247 1930/1561/1247
f 1913/1544/1247 1914/1545/1247 1931/1562/1247
f 1913/1544/1247 1931/1562/1247 1929/1560/1247
f 1915/1546/1247 1916/1547/1247 1932/1563/1247
f 1915/1546/1247 1932/1563/1247 1933/1564/1247
f 1916/1547/1247 1917/1548/1247 1934/1565/1247
f 1916/1547/1247 1934/1565/1247 1932/1563/1247
f 1917/1548/1247 1918/1549/1247 1935/1566/1247
f 1917/1548/1247 1935/1566/1247 1934/1565/1247
f 1918/1549/1247 1919/1550/1247 1936/1567/1247
f 1918/1549/1247 1936/1567/1247 1935/1566/1247
f 1919/1550/1247 1920/1551/1247 1937/1568/1247
f 1919/1550/1247 1937/1568/1247 1936/1567/1247
f 1920/1551/1247 1921/1552/1247 1938/1569/1247
f 1920/1551/1247 1938/1569/1247 1937/1568/1247
f 1923/1554/1247 1922/1553/1247 1939/1570/1247
f 1923/1554/1247 1939/1570/1247 1940/1571/1247
f 1922/1553/1247 1924/1555/1247 1941/1572/1247
f 1922/1553/1247 1941/1572/1247 1939/1570/1247
f 1924/1555/1247 1925/1556/1247 1942/1573/1247
f 1924/1555/1247 1942/1573/1247 1941/1572/1247
f 1925/1556/1247 1926/1557/1247 1943/1574/1247
f 1925/1556/1247 1943/1574/1247 1942/1573/1247
f 1926/1557/1247 1927/1558/1247 1944/1575/1247
f 1926/1557/1247 1944/1575/1247 1943/1574/1247
f 1927/1558/1247 1928/1559/1247 1945/1576/1247
f 1927/1558/1247 1945/1576/1247 1944/1575/1247
f 1928/1559/1247 1930/1561/1247 1946/1577/1247
f 1928/1559/1247 1946/1577/1247 1945/1576/1247
f 1930/1561/1247 1929/1560/1247 1947/1578/1247
f 1930/1561/1247 1947/1578/1247 1946/1577/1247
f 1929/1560/1247 1931/1562/1247 1948/1579/1247
f 1929/1560/1247 1948/1579/1247 1947/1578/1247
f 1931/1562/1247 1933/1564/1247 1949/1580/1247
f 1931/1562/1247 1949/1580/1247 1948/1579/1247
f 1933/1564/1247 1932/1563/1247 1950/1581/1247
f 1933/1564/1247 1950/1581/1247 1949/1580/1247
f 1932/1563/1247 1934/1565/1247 1951/1582/1247
f 1932/1563/1247 1951/1582/1247 1950/1581/1247
f 1934/1565/1247 1935/1566/1247 1952/1583/1247
f 1934/1565/1247 1952/1583/1247 1951/1582/1247
f 1935/1566/1247 1936/1567/1247 1953/1584/1247
f 1935/1566/1247 1953/1584/1247 1952/1583/1247
f 1936/1567/1247 1937/1568/1247 1954/1585/1247
f 1936/1567/1247 1954/1585/1247 1953/1584/1247
f 1937/1568/1247 1938/1569/1247 1955/1586/1247
f 1937/1568/1247 1955/1586/1247 1954/1585/1247
f 2622/1571/1248 2789/1570/1248 1956/1587/1248
f 2622/1571/1248 1956/1587/1248 1957/1588/1248
f 2789/1570/1248 2576/1572/1248 1958/1589/1248
f 2789/1570/1248 1958/1589/1248 1956/1587/1248
f 2576/1572/1248 2805/1573/1248 1959/1590/1248
f 2576/1572/1248 1959/1590/1248 1958/1589/1248
f 2805/1573/1248 2703/1574/1248 1960/1591/1248
f 2805/1573/1248 1960/1591/1248 1959/1590/1248
f 1961/1574/1248 1962/1575/1248 1963/1592/1248
f 1961/1574/1248 1963/1592/1248 1964/1591/1248
f 2632/1575/1248 2741/1576/1248 1965/1593/1248
f 2632/1575/1248 1965/1593/1248 1966/1592/1248
f 2741/1576/1248 2536/1577/1248 1967/1594/1248
f 2741/1576/1248 1967/1594/1248 1965/1593/1248
f 2536/1577/1248 2802/1578/1248 1968/1595/1248
f 2536/1577/1248 1968/1595/1248 1967/1594/1248
f 2802/1578/1248 2812/1579/1248 1969/1596/1248
f 2802/1578/1248 1969/1596/1248 1968/1595/1248
f 2812/1579/1248 2734/1580/1248 1970/1597/1248
f 2812/1579/1248 1970/1597/1248 1969/1596/1248
f 2734/1580/1248 2662/1581/1248 1971/1598/1248
f 2734/1580/1248 1971/1598/1248 1970/1597/1248
f 2662/1581/1248 2641/1582/1248 1972/1599/1248
f 2662/1581/1248 1972/1599/1248 1971/1598/1248
f 2641/1582/1248 2817/1583/1248 1973/1600/1248
f 2641/1582/1248 1973/1600/1248 1972/1599/1248
f 1974/1583/1248 1975/1584/1248 1976/1601/1248
f 1974/1583/1248 1976/1601/1248 1977/1600/1248
f 1975/1584/1248 1978/1585/1248 1979/1602/1248
f 1975/1584/1248 1979/1602/1248 1976/1601/1248
f 2825/1585/1248 2581/1586/1248 1980/1603/1248
f 2825/1585/1248 1980/1603/1248 1981/1602/1248
f 2624/1588/1249 2790/1587/1249 1982/1604/1249
f 2624/1588/1249 1982/1604/1249 1983/1605/1249
f 2790/1587/1249 2577/1589/1249 1984/1606/1249
f 2790/1587/1249 1984/1606/1249 1982/1604/1249
f 2577/1589/1249 2806/1590/1249 1985/1607/1249
f 2577/1589/1249 1985/1607/1249 1984/1606/1249
f 2806/1590/1249 2705/1591/1249 1986/1608/1249
f 2806/1590/1249 1986/1608/1249 1985/1607/1249
f 2705/1591/1249 2634/1592/1249 1987/1609/1249
f 2705/1591/1249 1987/1609/1249 1986/1608/1249
f 2634/1592/1249 2742/1593/1249 1988/1610/1249
f 2634/1592/1249 1988/1610/1249 1987/1609/1249
f 2742/1593/1249 2537/1594/1249 1989/1611/1249
f 2742/1593/1249 1989/1611/1249 1988/1610/1249
f 2537/1594/1249 2801/1595/1249 1990/1612/1249
f 2537/1594/1249 1990/1612/1249 1989/1611/1249
f 2801/1595/1249 2811/1596/1249 1991/1613/1249
f 2801/1595/1249 1991/1613/1249 1990/1612/1249
f 2811/1596/1249 2733/1597/1249 1992/1614/1249
f 2811/1596/1249 1992/1614/1249 1991/1613/1249
f 2733/1597/1249 2661/1598/1249 1993/1615/1249
f 2733/1597/1249 1993/1615/1249 1992/1614/1249
f 2661/1598/1249 2640/1599/1249 1994/1616/1249
f 2661/1598/1249 1994/1616/1249 1993/1615/1249
f 2640/1599/1249 2815/1600/1249 1995/1617/1249
f 2640/1599/1249 1995/1617/1249 1994/1616/1249
f 2815/1600/1249 1996/1601/1249 1997/1618/1249
f 2815/1600/1249 1997/1618/1249 1995/1617/1249
f 1996/1601/1249 2823/1602/1249 1998/1619/1249
f 1996/1601/1249 1998/1619/1249 1997/1618/1249
f 2823/1602/1249 2580/1603/1249 1999/1620/1249
f 2823/1602/1249 1999/1620/1249 1998/1619/1249
f 1983/1605/1249 1982/1604/1249 2000/1621/1249
f 1983/1605/1249 2000/1621/1249 2001/1622/1249
f 1984/1606/1249 1985/1607/1249 2002/1623/1249
f 1984/1606/1249 2002/1623/1249 2003/1624/1249
f 1985/1607/1249 1986/1608/1249 2004/1625/1249
f 1985/1607/1249 2004/1625/1249 2002/1623/1249
f 1986/1608/1249 1987/1609/1249 2005/1626/1249
f 1986/1608/1249 2005/1626/1249 2004/1625/1249
f 1987/1609/1249 1988/1610/1249 2006/1627/1249
f 1987/1609/1249 2006/1627/1249 2005/1626/1249
f 1988/1610/1249 1989/1611/1249 2007/1628/1249
f 1988/1610/1249 2007/1628/1249 2006/1627/1249
f 1989/1611/1249 1990/1612/1249 2008/1629/1249
f 1989/1611/1249 2008/1629/1249 2007/1628/1249
f 1990/1612/1249 1991/1613/1249 2009/1630/1249
f 1990/1612/1249 2009/1630/1249 2008/1629/1249
f 1991/1613/1249 1992/1614/1249 2010/1631/1249
f 1991/1613/1249 2010/1631/1249 2009/1630/1249
f 1992/1614/1249 1993/1615/1249 2011/1632/1249
f 1992/1614/1249 2011/1632/1249 2010/1631/1249
f 1993/1615/1249 1994/1616/1249 2012/1633/1249
f 1993/1615/1249 2012/1633/1249 2011/1632/1249
f 1994/1616/1249 1995/1617/1249 2013/1634/1249
f 1994/1616/1249 2013/1634/1249 2012/1633/1249
f 1995/1617/1249 1997/1618/1249 2014/1635/1249
f 1995/1617/1249 2014/1635/1249 2013/1634/1249
f 1998/1619/1249 1999/1620/1249 2015/1636/1249
f 1998/1619/1249 2015/1636/1249 2016/1637/1249
f 2001/1622/1249 2000/1621/1249 2017/1638/1249
f 2001/1622/1249 2017/1638/1249 2018/1639/1249
f 2003/1624/1249 2002/1623/1249 2019/1640/1249
f 2003/1624/1249 2019/1640/1249 2020/1641/1249
f 2002/1623/1249 2004/1625/1249 2021/1642/1249
f 2002/1623/1249 2021/1642/1249 2019/1640/1249
f 2004/1625/1249 2005/1626/1249 2022/1643/1249
f 2004/1625/1249 2022/1643/1249 2021/1642/1249
f 2005/1626/1249 2006/1627/1249 2023/1644/1249
f 2005/1626/1249 2023/1644/1249 2022/1643/1249
f 2006/1627/1249 2007/1628/1249 2024/1645/1249
f 2006/1627/1249 2024/1645/1249 2023/1644/1249
f 2007/1628/1249 2008/1629/1249 2025/1646/1249
f 2007/1628/1249 2025/1646/1249 2024/1645/1249
f 2008/1629/1249 2009/1630/1249 2026/1647/1249
f 2008/1629/1249 2026/1647/1249 2025/1646/1249
f 2009/1630/1249 2010/1631/1249 2027/1648/1249
f 2009/1630/1249 2027/1648/1249 2026/1647/1249
f 2010/1631/1249 2011/1632/1249 2028/1649/1249
f 2010/1631/1249 2028/1649/1249 2027/1648/1249
f 2011/1632/1249 2012/1633/1249 2029/1650/1249
f 2011/1632/1249 2029/1650/1249 2028/1649/1249
f 2012/1633/1249 2013/1634/1249 2030/1651/1249
f 2012/1633/1249 2030/1651/1249 2029/1650/1249
f 2013/1634/1249 2014/1635/1249 2031/1652/1249
f 2013/1634/1249 2031/1652/1249 2030/1651/1249
f 2016/1637/1249 2015/1636/1249 2032/1653/1249
f 2016/1637/1249 2032/1653/1249 2033/1654/1249
f 2018/1639/1249 2017/1638/1249 2034/1655/1249
f 2018/1639/1249 2034/1655/1249 2035/1656/1249
f 2017/1638/1249 2020/1641/1249 2036/1657/1249
f 2017/1638/1249 2036/1657/1249 2034/1655/1249
f 2020/1641/1249 2019/1640/1249 2037/1658/1249
f 2020/1641/1249 2037/1658/1249 2036/1657/1249
f 2019/1640/1249 2021/1642/1249 2038/1659/1249
f 2019/1640/1249 2038/1659/1249 2037/1658/1249
f 2021/1642/1249 2022/1643/1249 2039/1660/1249
f 2021/1642/1249 2039/1660/1249 2038/1659/1249
f 2022/1643/1249 2023/1644/1249 2040/1661/1249
f 2022/1643/1249 2040/1661/1249 2039/1660/1249
f 2023/1644/1249 2024/1645/1249 2041/1662/1249
f 2023/1644/1249 2041/1662/1249 2040/1661/1249
f 2024/1645/1249 2025/1646/1249 2042/1663/1249
f 2024/1645/1249 2042/1663/1249 2041/1662/1249
f 2025/1646/1249 2026/1647/1249 2043/1664/1249
f 2025/1646/1249 2043/1664/1249 2042/1663/1249
f 2026/1647/1249 2027/1648/1249 2044/1665/1249
f 2026/1647/1249 2044/1665/1249 2043/1664/1249
f 2027/1648/1249 2028/1649/1249 2045/1666/1249
f 2027/1648/1249 2045/1666/1249 2044/1665/1249
f 2028/1649/1249 2029/1650/1249 2046/1667/1249
f 2028/1649/1249 2046/1667/1249 2045/1666/1249
f 2029/1650/1249 2030/1651/1249 2047/1668/1249
f 2029/1650/1249 2047/1668/1249 2046/1667/1249
f 2030/1651/1249 2031/1652/1249 2048/1669/1249
f 2030/1651/1249 2048/1669/1249 2047/1668/1249
f 2031/1652/1249 2033/1654/1249 2049/1670/1249
f 2031/1652/1249 2049/1670/1249 2048/1669/1249
f 2033/1654/1249 2032/1653/1249 2050/1671/1249
f 2033/1654/1249 2050/1671/1249 2049/1670/1249
f 2567/1656/1250 2665/1655/1250 2051/1672/1250
f 2567/1656/1250 2051/1672/1250 2052/1673/1250
f 2665/1655/1250 2586/1657/1250 2053/1674/1250
f 2665/1655/1250 2053/1674/1250 2051/1672/1250
f 2586/1657/1250 2782/1658/1250 2054/1675/1250
f 2586/1657/1250 2054/1675/1250 2053/1674/1250
f 2782/1658/1250 2630/1659/1250 2055/1676/1250
f 2782/1658/1250 2055/1676/1250 2054/1675/1250
f 2630/1659/1250 2594/1660/1250 2056/1677/1250
f 2630/1659/1250 2056/1677/1250 2055/1676/1250
f 2594/1660/1250 2701/1661/1250 2057/1678/1250
f 2594/1660/1250 2057/1678/1250 2056/1677/1250
f 2701/1661/1250 2711/1662/1250 2058/1679/1250
f 2701/1661/1250 2058/1679/1250 2057/1678/1250
f 2711/1662/1250 2780/1663/1250 2059/1680/1250
f 2711/1662/1250 2059/1680/1250 2058/1679/1250
f 2780/1663/1250 2745/1664/1250 2060/1681/1250
f 2780/1663/1250 2060/1681/1250 2059/1680/1250
f 2745/1664/1250 2681/1665/1250 2061/1682/1250
f 2745/1664/1250 2061/1682/1250 2060/1681/1250
f 2681/1665/1250 2659/1666/1250 2062/1683/1250
f 2681/1665/1250 2062/1683/1250 2061/1682/1250
f 2659/1666/1250 2596/1667/1250 2063/1684/1250
f 2659/1666/1250 2063/1684/1250 2062/1683/1250
f 2596/1667/1250 2809/1668/1250 2064/1685/1250
f 2596/1667/1250 2064/1685/1250 2063/1684/1250
f 2809/1668/1250 2607/1669/1250 2065/1686/1250
f 2809/1668/1250 2065/1686/1250 2064/1685/1250
f 2607/1669/1250 2613/1670/1250 2066/1687/1250
f 2607/1669/1250 2066/1687/1250 2065/1686/1250
f 2613/1670/1250 2588/1671/1250 2067/1688/1250
f 2613/1670/1250 2067/1688/1250 2066/1687/1250
f 2589/1534/1251 2068/1689/1251 2069/1690/1251
f 2589/1534/1251 2069/1690/1251 2565/1535/1251
f 2565/1535/1251 2069/1690/1251 2070/1691/1251
f 2565/1535/1251 2070/1691/1251 2558/1552/1251
f 2558/1552/1251 2070/1691/1251 2071/1692/1251
f 2558/1552/1251 2071/1692/1251 2620/1569/1251
f 2620/1569/1251 2071/1692/1251 2072/1693/1251
f 2620/1569/1251 2072/1693/1251 2582/1586/1251
f 2073/1694/1252 2568/1502/1252 2683/1505/1252
f 2073/1694/1252 2683/1505/1252 2074/1695/1252
f 2074/1695/1252 2683/1505/1252 2679/1537/1252
f 2074/1695/1252 2679/1537/1252 2075/1696/1252
f 2075/1696/1252 2679/1537/1252 2667/1554/1252
f 2075/1696/1252 2667/1554/1252 2076/1697/1252
f 2076/1697/1252 2667/1554/1252 2623/1571/1252
f 2076/1697/1252 2623/1571/1252 2077/1698/1252
f 1952/1583/1247 1953/1584/1247 2599/1584/1247
f 1952/1583/1247 2599/1584/1247 2542/1583/1247
f 1996/1601/1249 2815/1600/1249 2540/1600/1249
f 1996/1601/1249 2540/1600/1249 2598/1601/1249
f 2816/1600/1252 2818/1583/1252 2543/1583/1252
f 2816/1600/1252 2543/1583/1252 2541/1600/1252
f 1953/1584/1247 1954/1585/1247 2530/1585/1247
f 1953/1584/1247 2530/1585/1247 2599/1584/1247
f 2826/1585/1251 2824/1602/1251 2528/1602/1251
f 2826/1585/1251 2528/1602/1251 2531/1585/1251
f 2823/1602/1249 1996/1601/1249 2598/1601/1249
f 2823/1602/1249 2598/1601/1249 2529/1602/1249
f 1943/1574/1247 1944/1575/1247 2078/1575/1247
f 1943/1574/1247 2078/1575/1247 2079/1574/1247
s 1
f 2633/1575/1251 2635/1592/1251 2080/1592/1251
f 2633/1575/1251 2080/1592/1251 2519/1575/1251
s 0
f 2634/1592/1249 2705/1591/1249 2081/1591/1249
f 2634/1592/1249 2081/1591/1249 2517/1592/1249
s 1
f 2706/1591/1252 2704/1574/1252 2650/1574/1252
f 2706/1591/1252 2650/1574/1252 2648/1591/1252
s 0
f 2572/1618/1248 2785/1619/1248 2082/1619/1248
f 2572/1618/1248 2082/1619/1248 2083/1618/1248
f 2786/1619/1251 2592/1637/1251 2084/1637/1251
f 2786/1619/1251 2084/1637/1251 2784/1619/1251
f 2747/1635/1252 2573/1618/1252 2571/1618/1252
f 2747/1635/1252 2571/1618/1252 2085/1635/1252
f 2592/1637/1251 2670/1654/1251 2086/1654/1251
f 2592/1637/1251 2086/1654/1251 2084/1637/1251
f 2671/1654/1250 2603/1652/1250 2087/1652/1250
f 2671/1654/1250 2087/1652/1250 2669/1654/1250
f 2604/1652/1252 2747/1635/1252 2085/1635/1252
f 2604/1652/1252 2085/1635/1252 2602/1652/1252
f 2750/1604/1248 2616/1606/1248 2088/1606/1248
f 2750/1604/1248 2088/1606/1248 2089/1604/1248
f 2617/1606/1251 2556/1624/1251 2090/1624/1251
f 2617/1606/1251 2090/1624/1251 2615/1606/1251
f 2628/1621/1252 2751/1604/1252 2749/1604/1252
f 2628/1621/1252 2749/1604/1252 2091/1621/1252
f 2556/1624/1251 2561/1641/1251 2092/1641/1251
f 2556/1624/1251 2092/1641/1251 2090/1624/1251
f 2562/1641/1250 2675/1638/1250 2093/1638/1250
f 2562/1641/1250 2093/1638/1250 2560/1641/1250
f 2676/1638/1252 2628/1621/1252 2091/1621/1252
f 2676/1638/1252 2091/1621/1252 2674/1638/1252
f 2094/1591/1252 2095/1574/1252 2096/1574/1252
f 2094/1591/1252 2096/1574/1252 2097/1591/1252
f 2098/1574/1247 2099/1575/1247 2100/1575/1247
f 2098/1574/1247 2100/1575/1247 2101/1574/1247
f 2102/1575/1251 2103/1592/1251 2769/1592/1251
f 2102/1575/1251 2769/1592/1251 2768/1575/1251
f 2097/1591/1252 2096/1574/1252 2837/1574/1252
f 2097/1591/1252 2837/1574/1252 2838/1591/1252
f 2855/1592/1253 2723/1591/1253 2104/1591/1253
f 2855/1592/1253 2104/1591/1253 2105/1592/1253
s 1
f 2097/1591/1252 2838/1591/1252 2106/1591/1254
f 2097/1591/1252 2106/1591/1254 2727/1591/1252
s 0
f 1964/1591/1248 1963/1592/1248 2107/1592/1248
f 1964/1591/1248 2107/1592/1248 2841/1591/1248
f 2769/1592/1251 2103/1592/1251 2859/1592/1251
s 1
f 2769/1592/1251 2859/1592/1251 2772/1592/1255
f 2721/1574/1253 2853/1575/1253 2851/1575/1253
f 2721/1574/1253 2851/1575/1253 2725/1574/1253
s 0
f 2102/1575/1251 2768/1575/1251 2770/1575/1251
f 2102/1575/1251 2770/1575/1251 2852/1575/1251
f 1962/1575/1248 1961/1574/1248 2839/1574/1248
f 1962/1575/1248 2839/1574/1248 2771/1575/1248
f 2837/1574/1252 2096/1574/1252 2726/1574/1252
f 2837/1574/1252 2726/1574/1252 2840/1574/1252
f 2108/1575/1251 2109/1592/1251 2103/1592/1251
f 2108/1575/1251 2103/1592/1251 2102/1575/1251
s 1
f 2110/1591/1252 2111/1574/1252 2095/1574/1252
s 0
f 2110/1591/1252 2095/1574/1252 2094/1591/1252
f 2112/1574/1247 2113/1575/1247 2114/1575/1247
f 2112/1574/1247 2114/1575/1247 2115/1574/1247
s 1
f 2519/1575/1251 2080/1592/1251 2109/1592/1251
f 2519/1575/1251 2109/1592/1251 2108/1575/1251
s 0
f 2648/1591/1252 2650/1574/1252 2111/1574/1252
f 2648/1591/1252 2111/1574/1252 2110/1591/1252
s 1
f 2518/1592/1256 2649/1591/1256 2116/1591/1256
f 2518/1592/1256 2116/1591/1256 2117/1592/1256
s 0
f 2648/1591/1252 2110/1591/1252 2118/1591/1252
f 2648/1591/1252 2118/1591/1252 2654/1591/1252
f 2693/1591/1248 2871/1592/1248 2119/1592/1248
f 2693/1591/1248 2119/1592/1248 2699/1591/1248
f 2109/1592/1251 2080/1592/1251 2523/1592/1251
f 2109/1592/1251 2523/1592/1251 2875/1592/1251
f 2651/1574/1256 2520/1575/1256 2521/1575/1256
f 2651/1574/1256 2521/1575/1256 2652/1574/1256
f 2519/1575/1251 2108/1575/1251 2873/1575/1251
f 2519/1575/1251 2873/1575/1251 2522/1575/1251
f 2869/1575/1248 2695/1574/1248 2697/1574/1248
f 2869/1575/1248 2697/1574/1248 2874/1575/1248
f 2111/1574/1252 2650/1574/1252 2653/1574/1252
f 2111/1574/1252 2653/1574/1252 2698/1574/1252
f 2120/1502/1249 2121/1505/1249 2122/1504/1249
f 2120/1502/1249 2122/1504/1249 2123/1503/1249
f 2123/1503/1249 2122/1504/1249 2124/1507/1249
f 2123/1503/1249 2124/1507/1249 2125/1506/1249
f 2125/1506/1249 2124/1507/1249 2126/1509/1249
f 2125/1506/1249 2126/1509/1249 2127/1508/1249
f 2127/1508/1249 2126/1509/1249 2128/1511/1249
f 2127/1508/1249 2128/1511/1249 2129/1510/1249
f 2129/1510/1249 2128/1511/1249 2130/1513/1249
f 2129/1510/1249 2130/1513/1249 2131/1512/1249
f 2131/1512/1249 2130/1513/1249 2132/1515/1249
f 2131/1512/1249 2132/1515/1249 2133/1514/1249
f 2133/1514/1249 2132/1515/1249 2134/1517/1249
f 2133/1514/1249 2134/1517/1249 2135/1516/1249
f 2135/1516/1249 2134/1517/1249 2136/1519/1249
f 2135/1516/1249 2136/1519/1249 2137/1518/1249
f 2137/1518/1249 2136/1519/1249 2138/1521/1249
f 2137/1518/1249 2138/1521/1249 2139/1520/1249
f 2139/1520/1249 2138/1521/1249 2140/1523/1249
f 2139/1520/1249 2140/1523/1249 2141/1522/1249
f 2141/1522/1249 2140/1523/1249 2142/1525/1249
f 2141/1522/1249 2142/1525/1249 2143/1524/1249
f 2143/1524/1249 2142/1525/1249 2144/1527/1249
f 2143/1524/1249 2144/1527/1249 2145/1526/1249
f 2145/1526/1249 2144/1527/1249 2146/1529/1249
f 2145/1526/1249 2146/1529/1249 2147/1528/1249
f 2147/1528/1249 2146/1529/1249 2148/1531/1249
f 2147/1528/1249 2148/1531/1249 2149/1530/1249
f 2149/1530/1249 2148/1531/1249 2150/1533/1249
f 2149/1530/1249 2150/1533/1249 2151/1532/1249
f 2151/1532/1249 2150/1533/1249 2152/1535/1249
f 2151/1532/1249 2152/1535/1249 2153/1534/1249
f 2121/1505/1249 2154/1537/1249 2155/1536/1249
f 2121/1505/1249 2155/1536/1249 2122/1504/1249
f 2122/1504/1249 2155/1536/1249 2156/1538/1249
f 2122/1504/1249 2156/1538/1249 2124/1507/1249
f 2124/1507/1249 2156/1538/1249 2157/1539/1249
f 2124/1507/1249 2157/1539/1249 2126/1509/1249
f 2126/1509/1249 2157/1539/1249 2158/1540/1249
f 2126/1509/1249 2158/1540/1249 2128/1511/1249
f 2128/1511/1249 2158/1540/1249 2159/1541/1249
f 2128/1511/1249 2159/1541/1249 2130/1513/1249
f 2130/1513/1249 2159/1541/1249 2160/1542/1249
f 2130/1513/1249 2160/1542/1249 2132/1515/1249
f 2132/1515/1249 2160/1542/1249 2161/1543/1249
f 2132/1515/1249 2161/1543/1249 2134/1517/1249
f 2134/1517/1249 2161/1543/1249 2162/1544/1249
f 2134/1517/1249 2162/1544/1249 2136/1519/1249
f 2136/1519/1249 2162/1544/1249 2163/1545/1249
f 2136/1519/1249 2163/1545/1249 2138/1521/1249
f 2138/1521/1249 2163/1545/1249 2164/1546/1249
f 2138/1521/1249 2164/1546/1249 2140/1523/1249
f 2140/1523/1249 2164/1546/1249 2165/1547/1249
f 2140/1523/1249 2165/1547/1249 2142/1525/1249
f 2142/1525/1249 2165/1547/1249 2166/1548/1249
f 2142/1525/1249 2166/1548/1249 2144/1527/1249
f 2144/1527/1249 2166/1548/1249 2167/1549/1249
f 2144/1527/1249 2167/1549/1249 2146/1529/1249
f 2146/1529/1249 2167/1549/1249 2168/1550/1249
f 2146/1529/1249 2168/1550/1249 2148/1531/1249
f 2148/1531/1249 2168/1550/1249 2169/1551/1249
f 2148/1531/1249 2169/1551/1249 2150/1533/1249
f 2150/1533/1249 2169/1551/1249 2170/1552/1249
f 2150/1533/1249 2170/1552/1249 2152/1535/1249
f 2154/1537/1249 2171/1554/1249 2172/1553/1249
f 2154/1537/1249 2172/1553/1249 2155/1536/1249
f 2155/1536/1249 2172/1553/1249 2173/1555/1249
f 2155/1536/1249 2173/1555/1249 2156/1538/1249
f 2156/1538/1249 2173/1555/1249 2174/1556/1249
f 2156/1538/1249 2174/1556/1249 2157/1539/1249
f 2157/1539/1249 2174/1556/1249 2175/1557/1249
f 2157/1539/1249 2175/1557/1249 2158/1540/1249
f 2158/1540/1249 2175/1557/1249 2176/1558/1249
f 2158/1540/1249 2176/1558/1249 2159/1541/1249
f 2159/1541/1249 2176/1558/1249 2177/1559/1249
f 2159/1541/1249 2177/1559/1249 2160/1542/1249
f 2161/1543/1249 2178/1561/1249 2179/1560/1249
f 2161/1543/1249 2179/1560/1249 2162/1544/1249
f 2162/1544/1249 2179/1560/1249 2180/1562/1249
f 2162/1544/1249 2180/1562/1249 2163/1545/1249
f 2164/1546/1249 2181/1564/1249 2182/1563/1249
f 2164/1546/1249 2182/1563/1249 2165/1547/1249
f 2165/1547/1249 2182/1563/1249 2183/1565/1249
f 2165/1547/1249 2183/1565/1249 2166/1548/1249
f 2166/1548/1249 2183/1565/1249 2184/1566/1249
f 2166/1548/1249 2184/1566/1249 2167/1549/1249
f 2167/1549/1249 2184/1566/1249 2185/1567/1249
f 2167/1549/1249 2185/1567/1249 2168/1550/1249
f 2168/1550/1249 2185/1567/1249 2186/1568/1249
f 2168/1550/1249 2186/1568/1249 2169/1551/1249
f 2169/1551/1249 2186/1568/1249 2187/1569/1249
f 2169/1551/1249 2187/1569/1249 2170/1552/1249
f 2171/1554/1249 2188/1571/1249 2189/1570/1249
f 2171/1554/1249 2189/1570/1249 2172/1553/1249
f 2172/1553/1249 2189/1570/1249 2190/1572/1249
f 2172/1553/1249 2190/1572/1249 2173/1555/1249
f 2173/1555/1249 2190/1572/1249 2191/1573/1249
f 2173/1555/1249 2191/1573/1249 2174/1556/1249
f 2174/1556/1249 2191/1573/1249 2192/1574/1249
f 2174/1556/1249 2192/1574/1249 2175/1557/1249
f 2175/1557/1249 2192/1574/1249 2193/1575/1249
f 2175/1557/1249 2193/1575/1249 2176/1558/1249
f 2176/1558/1249 2193/1575/1249 2194/1576/1249
f 2176/1558/1249 2194/1576/1249 2177/1559/1249
f 2177/1559/1249 2194/1576/1249 2195/1577/1249
f 2177/1559/1249 2195/1577/1249 2178/1561/1249
f 2178/1561/1249 2195/1577/1249 2196/1578/1249
f 2178/1561/1249 2196/1578/1249 2179/1560/1249
f 2179/1560/1249 2196/1578/1249 2197/1579/1249
f 2179/1560/1249 2197/1579/1249 2180/1562/1249
f 2180/1562/1249 2197/1579/1249 2198/1580/1249
f 2180/1562/1249 2198/1580/1249 2181/1564/1249
f 2181/1564/1249 2198/1580/1249 2199/1581/1249
f 2181/1564/1249 2199/1581/1249 2182/1563/1249
f 2182/1563/1249 2199/1581/1249 2200/1582/1249
f 2182/1563/1249 2200/1582/1249 2183/1565/1249
f 2183/1565/1249 2200/1582/1249 2201/1583/1249
f 2183/1565/1249 2201/1583/1249 2184/1566/1249
f 2184/1566/1249 2201/1583/1249 2202/1584/1249
f 2184/1566/1249 2202/1584/1249 2185/1567/1249
f 2185/1567/1249 2202/1584/1249 2203/1585/1249
f 2185/1567/1249 2203/1585/1249 2186/1568/1249
f 2186/1568/1249 2203/1585/1249 2204/1586/1249
f 2186/1568/1249 2204/1586/1249 2187/1569/1249
f 2625/1571/1248 2205/1588/1248 2206/1587/1248
f 2625/1571/1248 2206/1587/1248 2791/1570/1248
f 2791/1570/1248 2206/1587/1248 2207/1589/1248
f 2791/1570/1248 2207/1589/1248 2578/1572/1248
f 2578/1572/1248 2207/1589/1248 2208/1590/1248
f 2578/1572/1248 2208/1590/1248 2807/1573/1248
f 2807/1573/1248 2208/1590/1248 2209/1591/1248
f 2807/1573/1248 2209/1591/1248 2707/1574/1248
f 2210/1574/1248 2211/1591/1248 2212/1592/1248
f 2210/1574/1248 2212/1592/1248 2213/1575/1248
f 2636/1575/1248 2214/1592/1248 2215/1593/1248
f 2636/1575/1248 2215/1593/1248 2743/1576/1248
f 2743/1576/1248 2215/1593/1248 2216/1594/1248
f 2743/1576/1248 2216/1594/1248 2538/1577/1248
f 2538/1577/1248 2216/1594/1248 2217/1595/1248
f 2538/1577/1248 2217/1595/1248 2803/1578/1248
f 2803/1578/1248 2217/1595/1248 2218/1596/1248
f 2803/1578/1248 2218/1596/1248 2813/1579/1248
f 2813/1579/1248 2218/1596/1248 2219/1597/1248
f 2813/1579/1248 2219/1597/1248 2735/1580/1248
f 2735/1580/1248 2219/1597/1248 2220/1598/1248
f 2735/1580/1248 2220/1598/1248 2663/1581/1248
f 2663/1581/1248 2220/1598/1248 2221/1599/1248
f 2663/1581/1248 2221/1599/1248 2642/1582/1248
f 2642/1582/1248 2221/1599/1248 2222/1600/1248
f 2642/1582/1248 2222/1600/1248 2819/1583/1248
f 2223/1583/1248 2224/1600/1248 2225/1601/1248
f 2223/1583/1248 2225/1601/1248 2226/1584/1248
f 2226/1584/1248 2225/1601/1248 2227/1602/1248
f 2226/1584/1248 2227/1602/1248 2228/1585/1248
f 2827/1585/1248 2229/1602/1248 2230/1603/1248
f 2827/1585/1248 2230/1603/1248 2583/1586/1248
f 2627/1588/1247 2231/1605/1247 2232/1604/1247
f 2627/1588/1247 2232/1604/1247 2792/1587/1247
f 2792/1587/1247 2232/1604/1247 2233/1606/1247
f 2792/1587/1247 2233/1606/1247 2579/1589/1247
f 2579/1589/1247 2233/1606/1247 2234/1607/1247
f 2579/1589/1247 2234/1607/1247 2808/1590/1247
f 2808/1590/1247 2234/1607/1247 2235/1608/1247
f 2808/1590/1247 2235/1608/1247 2709/1591/1247
f 2709/1591/1247 2235/1608/1247 2236/1609/1247
f 2709/1591/1247 2236/1609/1247 2638/1592/1247
f 2638/1592/1247 2236/1609/1247 2237/1610/1247
f 2638/1592/1247 2237/1610/1247 2744/1593/1247
f 2744/1593/1247 2237/1610/1247 2238/1611/1247
f 2744/1593/1247 2238/1611/1247 2539/1594/1247
f 2539/1594/1247 2238/1611/1247 2239/1612/1247
f 2539/1594/1247 2239/1612/1247 2804/1595/1247
f 2804/1595/1247 2239/1612/1247 2240/1613/1247
f 2804/1595/1247 2240/1613/1247 2814/1596/1247
f 2814/1596/1247 2240/1613/1247 2241/1614/1247
f 2814/1596/1247 2241/1614/1247 2736/1597/1247
f 2736/1597/1247 2241/1614/1247 2242/1615/1247
f 2736/1597/1247 2242/1615/1247 2664/1598/1247
f 2664/1598/1247 2242/1615/1247 2243/1616/1247
f 2664/1598/1247 2243/1616/1247 2643/1599/1247
f 2643/1599/1247 2243/1616/1247 2244/1617/1247
f 2643/1599/1247 2244/1617/1247 2821/1600/1247
f 2821/1600/1247 2244/1617/1247 2245/1618/1247
f 2821/1600/1247 2245/1618/1247 2246/1601/1247
f 2246/1601/1247 2245/1618/1247 2247/1619/1247
f 2246/1601/1247 2247/1619/1247 2829/1602/1247
f 2829/1602/1247 2247/1619/1247 2248/1620/1247
f 2829/1602/1247 2248/1620/1247 2585/1603/1247
f 2231/1605/1247 2249/1622/1247 2250/1621/1247
f 2231/1605/1247 2250/1621/1247 2232/1604/1247
f 2233/1606/1247 2251/1624/1247 2252/1623/1247
f 2233/1606/1247 2252/1623/1247 2234/1607/1247
f 2234/1607/1247 2252/1623/1247 2253/1625/1247
f 2234/1607/1247 2253/1625/1247 2235/1608/1247
f 2235/1608/1247 2253/1625/1247 2254/1626/1247
f 2235/1608/1247 2254/1626/1247 2236/1609/1247
f 2236/1609/1247 2254/1626/1247 2255/1627/1247
f 2236/1609/1247 2255/1627/1247 2237/1610/1247
f 2237/1610/1247 2255/1627/1247 2256/1628/1247
f 2237/1610/1247 2256/1628/1247 2238/1611/1247
f 2238/1611/1247 2256/1628/1247 2257/1629/1247
f 2238/1611/1247 2257/1629/1247 2239/1612/1247
f 2239/1612/1247 2257/1629/1247 2258/1630/1247
f 2239/1612/1247 2258/1630/1247 2240/1613/1247
f 2240/1613/1247 2258/1630/1247 2259/1631/1247
f 2240/1613/1247 2259/1631/1247 2241/1614/1247
f 2241/1614/1247 2259/1631/1247 2260/1632/1247
f 2241/1614/1247 2260/1632/1247 2242/1615/1247
f 2242/1615/1247 2260/1632/1247 2261/1633/1247
f 2242/1615/1247 2261/1633/1247 2243/1616/1247
f 2243/1616/1247 2261/1633/1247 2262/1634/1247
f 2243/1616/1247 2262/1634/1247 2244/1617/1247
f 2244/1617/1247 2262/1634/1247 2263/1635/1247
f 2244/1617/1247 2263/1635/1247 2245/1618/1247
f 2247/1619/1247 2264/1637/1247 2265/1636/1247
f 2247/1619/1247 2265/1636/1247 2248/1620/1247
f 2249/1622/1247 2266/1639/1247 2267/1638/1247
f 2249/1622/1247 2267/1638/1247 2250/1621/1247
f 2251/1624/1247 2268/1641/1247 2269/1640/1247
f 2251/1624/1247 2269/1640/1247 2252/1623/1247
f 2252/1623/1247 2269/1640/1247 2270/1642/1247
f 2252/1623/1247 2270/1642/1247 2253/1625/1247
f 2253/1625/1247 2270/1642/1247 2271/1643/1247
f 2253/1625/1247 2271/1643/1247 2254/1626/1247
f 2254/1626/1247 2271/1643/1247 2272/1644/1247
f 2254/1626/1247 2272/1644/1247 2255/1627/1247
f 2255/1627/1247 2272/1644/1247 2273/1645/1247
f 2255/1627/1247 2273/1645/1247 2256/1628/1247
f 2256/1628/1247 2273/1645/1247 2274/1646/1247
f 2256/1628/1247 2274/1646/1247 2257/1629/1247
f 2257/1629/1247 2274/1646/1247 2275/1647/1247
f 2257/1629/1247 2275/1647/1247 2258/1630/1247
f 2258/1630/1247 2275/1647/1247 2276/1648/1247
f 2258/1630/1247 2276/1648/1247 2259/1631/1247
f 2259/1631/1247 2276/1648/1247 2277/1649/1247
f 2259/1631/1247 2277/1649/1247 2260/1632/1247
f 2260/1632/1247 2277/1649/1247 2278/1650/1247
f 2260/1632/1247 2278/1650/1247 2261/1633/1247
f 2261/1633/1247 2278/1650/1247 2279/1651/1247
f 2261/1633/1247 2279/1651/1247 2262/1634/1247
f 2262/1634/1247 2279/1651/1247 2280/1652/1247
f 2262/1634/1247 2280/1652/1247 2263/1635/1247
f 2264/1637/1247 2281/1654/1247 2282/1653/1247
f 2264/1637/1247 2282/1653/1247 2265/1636/1247
f 2266/1639/1247 2283/1656/1247 2284/1655/1247
f 2266/1639/1247 2284/1655/1247 2267/1638/1247
f 2267/1638/1247 2284/1655/1247 2285/1657/1247
f 2267/1638/1247 2285/1657/1247 2268/1641/1247
f 2268/1641/1247 2285/1657/1247 2286/1658/1247
f 2268/1641/1247 2286/1658/1247 2269/1640/1247
f 2269/1640/1247 2286/1658/1247 2287/1659/1247
f 2269/1640/1247 2287/1659/1247 2270/1642/1247
f 2270/1642/1247 2287/1659/1247 2288/1660/1247
f 2270/1642/1247 2288/1660/1247 2271/1643/1247
f 2271/1643/1247 2288/1660/1247 2289/1661/1247
f 2271/1643/1247 2289/1661/1247 2272/1644/1247
f 2272/1644/1247 2289/1661/1247 2290/1662/1247
f 2272/1644/1247 2290/1662/1247 2273/1645/1247
f 2273/1645/1247 2290/1662/1247 2291/1663/1247
f 2273/1645/1247 2291/1663/1247 2274/1646/1247
f 2274/1646/1247 2291/1663/1247 2292/1664/1247
f 2274/1646/1247 2292/1664/1247 2275/1647/1247
f 2275/1647/1247 2292/1664/1247 2293/1665/1247
f 2275/1647/1247 2293/1665/1247 2276/1648/1247
f 2276/1648/1247 2293/1665/1247 2294/1666/1247
f 2276/1648/1247 2294/1666/1247 2277/1649/1247
f 2277/1649/1247 2294/1666/1247 2295/1667/1247
f 2277/1649/1247 2295/1667/1247 2278/1650/1247
f 2278/1650/1247 2295/1667/1247 2296/1668/1247
f 2278/1650/1247 2296/1668/1247 2279/1651/1247
f 2279/1651/1247 2296/1668/1247 2297/1669/1247
f 2279/1651/1247 2297/1669/1247 2280/1652/1247
f 2280/1652/1247 2297/1669/1247 2298/1670/1247
f 2280/1652/1247 2298/1670/1247 2281/1654/1247
f 2281/1654/1247 2298/1670/1247 2299/1671/1247
f 2281/1654/1247 2299/1671/1247 2282/1653/1247
f 2570/1656/1250 2300/1673/1250 2301/1672/1250
f 2570/1656/1250 2301/1672/1250 2666/1655/1250
f 2666/1655/1250 2301/1672/1250 2302/1674/1250
f 2666/1655/1250 2302/1674/1250 2587/1657/1250
f 2587/1657/1250 2302/1674/1250 2303/1675/1250
f 2587/1657/1250 2303/1675/1250 2783/1658/1250
f 2783/1658/1250 2303/1675/1250 2304/1676/1250
f 2783/1658/1250 2304/1676/1250 2631/1659/1250
f 2631/1659/1250 2304/1676/1250 2305/1677/1250
f 2631/1659/1250 2305/1677/1250 2595/1660/1250
f 2595/1660/1250 2305/1677/1250 2306/1678/1250
f 2595/1660/1250 2306/1678/1250 2702/1661/1250
f 2702/1661/1250 2306/1678/1250 2307/1679/1250
f 2702/1661/1250 2307/1679/1250 2712/1662/1250
f 2712/1662/1250 2307/1679/1250 2308/1680/1250
f 2712/1662/1250 2308/1680/1250 2781/1663/1250
f 2781/1663/1250 2308/1680/1250 2309/1681/1250
f 2781/1663/1250 2309/1681/1250 2746/1664/1250
f 2746/1664/1250 2309/1681/1250 2310/1682/1250
f 2746/1664/1250 2310/1682/1250 2682/1665/1250
f 2682/1665/1250 2310/1682/1250 2311/1683/1250
f 2682/1665/1250 2311/1683/1250 2660/1666/1250
f 2660/1666/1250 2311/1683/1250 2312/1684/1250
f 2660/1666/1250 2312/1684/1250 2597/1667/1250
f 2597/1667/1250 2312/1684/1250 2313/1685/1250
f 2597/1667/1250 2313/1685/1250 2810/1668/1250
f 2810/1668/1250 2313/1685/1250 2314/1686/1250
f 2810/1668/1250 2314/1686/1250 2608/1669/1250
f 2608/1669/1250 2314/1686/1250 2315/1687/1250
f 2608/1669/1250 2315/1687/1250 2614/1670/1250
f 2614/1670/1250 2315/1687/1250 2316/1688/1250
f 2614/1670/1250 2316/1688/1250 2591/1671/1250
f 2590/1534/1251 2566/1535/1251 2317/1690/1251
f 2590/1534/1251 2317/1690/1251 2318/1689/1251
f 2566/1535/1251 2559/1552/1251 2319/1691/1251
f 2566/1535/1251 2319/1691/1251 2317/1690/1251
f 2559/1552/1251 2621/1569/1251 2320/1692/1251
f 2559/1552/1251 2320/1692/1251 2319/1691/1251
f 2621/1569/1251 2584/1586/1251 2321/1693/1251
f 2621/1569/1251 2321/1693/1251 2320/1692/1251
f 2322/1694/1252 2323/1695/1252 2684/1505/1252
f 2322/1694/1252 2684/1505/1252 2569/1502/1252
f 2323/1695/1252 2324/1696/1252 2680/1537/1252
f 2323/1695/1252 2680/1537/1252 2684/1505/1252
f 2324/1696/1252 2325/1697/1252 2668/1554/1252
f 2324/1696/1252 2668/1554/1252 2680/1537/1252
f 2325/1697/1252 2326/1698/1252 2626/1571/1252
f 2325/1697/1252 2626/1571/1252 2668/1554/1252
f 2201/1583/1249 2544/1583/1249 2601/1584/1249
f 2201/1583/1249 2601/1584/1249 2202/1584/1249
f 2246/1601/1247 2600/1601/1247 2546/1600/1247
f 2246/1601/1247 2546/1600/1247 2821/1600/1247
f 2822/1600/1252 2547/1600/1252 2545/1583/1252
f 2822/1600/1252 2545/1583/1252 2820/1583/1252
f 2202/1584/1249 2601/1584/1249 2534/1585/1249
f 2202/1584/1249 2534/1585/1249 2203/1585/1249
f 2828/1585/1251 2535/1585/1251 2532/1602/1251
f 2828/1585/1251 2532/1602/1251 2830/1602/1251
f 2829/1602/1247 2533/1602/1247 2600/1601/1247
f 2829/1602/1247 2600/1601/1247 2246/1601/1247
f 2192/1574/1249 2327/1574/1249 2328/1575/1249
f 2192/1574/1249 2328/1575/1249 2193/1575/1249
s 1
f 2637/1575/1251 2524/1575/1251 2329/1592/1251
f 2637/1575/1251 2329/1592/1251 2639/1592/1251
s 0
f 2638/1592/1247 2526/1592/1247 2330/1591/1247
f 2638/1592/1247 2330/1591/1247 2709/1591/1247
s 1
f 2710/1591/1252 2657/1591/1252 2655/1574/1252
f 2710/1591/1252 2655/1574/1252 2708/1574/1252
s 0
f 2574/1618/1248 2083/1618/1248 2082/1619/1248
f 2574/1618/1248 2082/1619/1248 2787/1619/1248
f 2788/1619/1251 2784/1619/1251 2084/1637/1251
f 2788/1619/1251 2084/1637/1251 2593/1637/1251
f 2748/1635/1252 2085/1635/1252 2571/1618/1252
f 2748/1635/1252 2571/1618/1252 2575/1618/1252
f 2593/1637/1251 2084/1637/1251 2086/1654/1251
f 2593/1637/1251 2086/1654/1251 2672/1654/1251
f 2673/1654/1250 2669/1654/1250 2087/1652/1250
f 2673/1654/1250 2087/1652/1250 2605/1652/1250
f 2606/1652/1252 2602/1652/1252 2085/1635/1252
f 2606/1652/1252 2085/1635/1252 2748/1635/1252
f 2752/1604/1248 2089/1604/1248 2088/1606/1248
f 2752/1604/1248 2088/1606/1248 2618/1606/1248
f 2619/1606/1251 2615/1606/1251 2090/1624/1251
f 2619/1606/1251 2090/1624/1251 2557/1624/1251
f 2629/1621/1252 2091/1621/1252 2749/1604/1252
f 2629/1621/1252 2749/1604/1252 2753/1604/1252
f 2557/1624/1251 2090/1624/1251 2092/1641/1251
f 2557/1624/1251 2092/1641/1251 2563/1641/1251
f 2564/1641/1250 2560/1641/1250 2093/1638/1250
f 2564/1641/1250 2093/1638/1250 2677/1638/1250
f 2678/1638/1252 2674/1638/1252 2091/1621/1252
f 2678/1638/1252 2091/1621/1252 2629/1621/1252
f 2331/1591/1252 2332/1591/1252 2333/1574/1252
f 2331/1591/1252 2333/1574/1252 2334/1574/1252
f 2335/1574/1249 2336/1574/1249 2337/1575/1249
f 2335/1574/1249 2337/1575/1249 2338/1575/1249
f 2339/1575/1251 2775/1575/1251 2774/1592/1251
f 2339/1575/1251 2774/1592/1251 2340/1592/1251
f 2332/1591/1252 2844/1591/1252 2843/1574/1252
f 2332/1591/1252 2843/1574/1252 2333/1574/1252
f 2845/1592/1253 2341/1592/1253 2342/1591/1253
f 2845/1592/1253 2342/1591/1253 2729/1591/1253
s 1
f 2332/1591/1252 2713/1591/1252 2343/1591/1257
f 2332/1591/1252 2343/1591/1257 2844/1591/1252
s 0
f 2211/1591/1248 2833/1591/1248 2344/1592/1248
f 2211/1591/1248 2344/1592/1248 2212/1592/1248
s 1
f 2774/1592/1251 2764/1592/1258 2857/1592/1251
s 0
f 2774/1592/1251 2857/1592/1251 2340/1592/1251
s 1
f 2731/1574/1253 2715/1574/1253 2849/1575/1253
f 2731/1574/1253 2849/1575/1253 2847/1575/1253
s 0
f 2339/1575/1251 2850/1575/1251 2766/1575/1251
f 2339/1575/1251 2766/1575/1251 2775/1575/1251
f 2213/1575/1248 2767/1575/1248 2835/1574/1248
f 2213/1575/1248 2835/1574/1248 2210/1574/1248
f 2843/1574/1252 2836/1574/1252 2716/1574/1252
f 2843/1574/1252 2716/1574/1252 2333/1574/1252
f 2345/1575/1251 2339/1575/1251 2340/1592/1251
f 2345/1575/1251 2340/1592/1251 2346/1592/1251
f 2347/1591/1252 2331/1591/1252 2334/1574/1252
s 1
f 2347/1591/1252 2334/1574/1252 2348/1574/1252
s 0
f 2349/1574/1249 2350/1574/1249 2351/1575/1249
f 2349/1574/1249 2351/1575/1249 2352/1575/1249
s 1
f 2524/1575/1251 2345/1575/1251 2346/1592/1251
f 2524/1575/1251 2346/1592/1251 2329/1592/1251
s 0
f 2657/1591/1252 2347/1591/1252 2348/1574/1252
f 2657/1591/1252 2348/1574/1252 2655/1574/1252
s 1
f 2527/1592/1256 2353/1592/1256 2354/1591/1256
s 0
f 2527/1592/1256 2354/1591/1256 2658/1591/1256
f 2657/1591/1252 2645/1591/1252 2355/1591/1252
f 2657/1591/1252 2355/1591/1252 2347/1591/1252
f 2691/1591/1248 2685/1591/1248 2356/1592/1248
f 2691/1591/1248 2356/1592/1248 2865/1592/1248
f 2346/1592/1251 2861/1592/1251 2514/1592/1251
f 2346/1592/1251 2514/1592/1251 2329/1592/1251
f 2656/1574/1256 2646/1574/1256 2515/1575/1256
f 2656/1574/1256 2515/1575/1256 2525/1575/1256
f 2524/1575/1251 2516/1575/1251 2863/1575/1251
f 2524/1575/1251 2863/1575/1251 2345/1575/1251
f 2867/1575/1248 2864/1575/1248 2687/1574/1248
f 2867/1575/1248 2687/1574/1248 2689/1574/1248
f 2348/1574/1252 2688/1574/1252 2647/1574/1252
f 2348/1574/1252 2647/1574/1252 2655/1574/1252
s 1
f 2713/1591/1252 2357/1591/1252 2358/1591/1259
f 2713/1591/1252 2358/1591/1259 2343/1591/1257
s 0
f 2359/1592/1248 2360/1591/1248 2361/1591/1248
f 2359/1592/1248 2361/1591/1248 2362/1592/1248
s 1
f 2857/1592/1251 2764/1592/1258 2363/1592/1260
f 2857/1592/1251 2363/1592/1260 2364/1592/1251
f 2772/1592/1255 2859/1592/1251 2364/1592/1251
f 2772/1592/1255 2364/1592/1251 2363/1592/1260
s 0
f 2365/1591/1248 2366/1592/1248 2367/1592/1248
f 2365/1591/1248 2367/1592/1248 2368/1591/1248
s 1
f 2727/1591/1252 2106/1591/1254 2358/1591/1259
f 2727/1591/1252 2358/1591/1259 2357/1591/1252
s 0
f 2645/1591/1252 2369/1591/1252 2370/1591/1252
f 2645/1591/1252 2370/1591/1252 2355/1591/1252
s 1
f 2514/1592/1251 2861/1592/1251 2371/1592/1251
s 0
f 2514/1592/1251 2371/1592/1251 2372/1592/1251
f 2354/1591/1256 2353/1592/1256 2513/1592/1256
f 2354/1591/1256 2513/1592/1256 2644/1591/1256
f 2875/1592/1251 2523/1592/1251 2372/1592/1251
f 2875/1592/1251 2372/1592/1251 2371/1592/1251
f 2654/1591/1252 2118/1591/1252 2370/1591/1252
f 2654/1591/1252 2370/1591/1252 2369/1591/1252
f 2117/1592/1256 2116/1591/1256 2644/1591/1256
f 2117/1592/1256 2644/1591/1256 2513/1592/1256
f 2357/1591/1252 2713/1591/1252 2355/1591/1252
f 2357/1591/1252 2355/1591/1252 2370/1591/1252
f 2714/1591/1261 2858/1592/1261 2862/1592/1261
f 2714/1591/1261 2862/1592/1261 2686/1591/1261
f 2857/1592/1251 2364/1592/1251 2371/1592/1251
f 2857/1592/1251 2371/1592/1251 2861/1592/1251
f 2364/1592/1251 2859/1592/1251 2875/1592/1251
f 2364/1592/1251 2875/1592/1251 2371/1592/1251
f 2860/1592/1262 2728/1591/1262 2700/1591/1262
f 2860/1592/1262 2700/1591/1262 2876/1592/1262
f 2727/1591/1252 2357/1591/1252 2370/1591/1252
f 2727/1591/1252 2370/1591/1252 2118/1591/1252
s 1
f 2373/1699/1263 2374/1700/1264 2776/1562/1265
f 2373/1699/1263 2776/1562/1265 2552/1545/1265
f 2498/1700/1248 2375/1701/1248 2737/1564/1248
s 0
f 2498/1700/1248 2737/1564/1248 2777/1562/1248
s 1
f 2496/1701/1266 2376/1702/1267 2548/1546/1268
f 2496/1701/1266 2548/1546/1268 2738/1564/1268
s 0
f 2494/1702/1250 2500/1699/1250 2553/1545/1250
f 2494/1702/1250 2553/1545/1250 2549/1546/1250
s 1
f 2609/1543/1269 2758/1561/1269 2377/1703/1270
f 2609/1543/1269 2377/1703/1270 2378/1704/1271
f 2759/1561/1248 2754/1559/1248 2379/1705/1248
s 0
f 2759/1561/1248 2379/1705/1248 2492/1703/1248
s 1
f 2755/1559/1272 2717/1542/1272 2380/1706/1273
f 2755/1559/1272 2380/1706/1273 2488/1705/1274
s 0
f 2718/1542/1250 2610/1543/1250 2490/1704/1250
f 2718/1542/1250 2490/1704/1250 2486/1706/1250
s 1
f 2378/1704/1271 2377/1703/1270 2381/1707/1275
f 2378/1704/1271 2381/1707/1275 2382/1708/1276
s 0
f 2492/1703/1248 2379/1705/1248 2383/1709/1248
f 2492/1703/1248 2383/1709/1248 2484/1707/1248
s 1
f 2488/1705/1274 2380/1706/1273 2384/1710/1277
f 2488/1705/1274 2384/1710/1277 2480/1709/1278
s 0
f 2486/1706/1250 2490/1704/1250 2482/1708/1250
f 2486/1706/1250 2482/1708/1250 2478/1710/1250
s 1
f 2382/1708/1276 2381/1707/1275 2385/1711/1279
f 2382/1708/1276 2385/1711/1279 2386/1712/1280
s 0
f 2484/1707/1248 2383/1709/1248 2387/1713/1248
f 2484/1707/1248 2387/1713/1248 2476/1711/1248
s 1
f 2480/1709/1278 2384/1710/1277 2388/1714/1281
f 2480/1709/1278 2388/1714/1281 2472/1713/1282
s 0
f 2478/1710/1250 2482/1708/1250 2474/1712/1250
f 2478/1710/1250 2474/1712/1250 2470/1714/1250
s 1
f 2386/1712/1280 2385/1711/1279 2389/1715/1283
f 2386/1712/1280 2389/1715/1283 2390/1716/1284
s 0
f 2476/1711/1248 2387/1713/1248 2391/1717/1248
f 2476/1711/1248 2391/1717/1248 2468/1715/1248
s 1
f 2472/1713/1282 2388/1714/1281 2392/1718/1285
f 2472/1713/1282 2392/1718/1285 2464/1717/1286
s 0
f 2470/1714/1250 2474/1712/1250 2466/1716/1250
f 2470/1714/1250 2466/1716/1250 2462/1718/1250
s 1
f 2390/1716/1284 2389/1715/1283 2393/1719/1287
f 2390/1716/1284 2393/1719/1287 2394/1720/1288
s 0
f 2468/1715/1248 2391/1717/1248 2395/1721/1248
f 2468/1715/1248 2395/1721/1248 2460/1719/1248
s 1
f 2464/1717/1286 2392/1718/1285 2396/1722/1289
f 2464/1717/1286 2396/1722/1289 2456/1721/1290
s 0
f 2462/1718/1250 2466/1716/1250 2458/1720/1250
f 2462/1718/1250 2458/1720/1250 2454/1722/1250
s 1
f 2394/1720/1288 2393/1719/1287 2397/1723/1291
f 2394/1720/1288 2397/1723/1291 2398/1724/1292
s 0
f 2460/1719/1248 2395/1721/1248 2399/1725/1248
f 2460/1719/1248 2399/1725/1248 2452/1723/1248
s 1
f 2456/1721/1290 2396/1722/1289 2400/1726/1293
f 2456/1721/1290 2400/1726/1293 2448/1725/1294
f 2454/1722/1250 2458/1720/1250 2450/1724/1250
s 0
f 2454/1722/1250 2450/1724/1250 2446/1726/1250
s 1
f 2398/1724/1292 2397/1723/1291 2401/1727/1295
f 2398/1724/1292 2401/1727/1295 2402/1728/1296
s 0
f 2452/1723/1248 2399/1725/1248 2403/1729/1248
f 2452/1723/1248 2403/1729/1248 2444/1727/1248
s 1
f 2448/1725/1294 2400/1726/1293 2404/1730/1297
f 2448/1725/1294 2404/1730/1297 2440/1729/1298
s 0
f 2446/1726/1250 2450/1724/1250 2442/1728/1250
f 2446/1726/1250 2442/1728/1250 2438/1730/1250
s 1
f 2402/1728/1296 2401/1727/1295 2374/1700/1264
f 2402/1728/1296 2374/1700/1264 2373/1699/1263
s 0
f 2444/1727/1248 2403/1729/1248 2375/1701/1248
s 1
f 2444/1727/1248 2375/1701/1248 2498/1700/1248
f 2440/1729/1298 2404/1730/1297 2376/1702/1267
f 2440/1729/1298 2376/1702/1267 2496/1701/1266
s 0
f 2438/1730/1250 2442/1728/1250 2500/1699/1250
f 2438/1730/1250 2500/1699/1250 2494/1702/1250
f 2405/1699/1250 2406/1702/1250 2550/1546/1250
f 2405/1699/1250 2550/1546/1250 2554/1545/1250
s 1
f 2493/1702/1299 2407/1701/1300 2739/1564/1301
f 2493/1702/1299 2739/1564/1301 2551/1546/1301
s 0
f 2495/1701/1248 2408/1700/1248 2778/1562/1248
f 2495/1701/1248 2778/1562/1248 2740/1564/1248
s 1
f 2497/1700/1302 2499/1699/1303 2555/1545/1304
f 2497/1700/1302 2555/1545/1304 2779/1562/1304
s 0
f 2611/1543/1250 2719/1542/1250 2409/1706/1250
f 2611/1543/1250 2409/1706/1250 2410/1704/1250
s 1
f 2720/1542/1305 2756/1559/1305 2411/1705/1306
f 2720/1542/1305 2411/1705/1306 2485/1706/1307
s 0
f 2757/1559/1248 2760/1561/1248 2412/1703/1248
f 2757/1559/1248 2412/1703/1248 2487/1705/1248
s 1
f 2761/1561/1308 2612/1543/1308 2489/1704/1309
f 2761/1561/1308 2489/1704/1309 2491/1703/1310
s 0
f 2410/1704/1250 2409/1706/1250 2413/1710/1250
f 2410/1704/1250 2413/1710/1250 2414/1708/1250
s 1
f 2485/1706/1307 2411/1705/1306 2415/1709/1311
f 2485/1706/1307 2415/1709/1311 2477/1710/1312
s 0
f 2487/1705/1248 2412/1703/1248 2416/1707/1248
f 2487/1705/1248 2416/1707/1248 2479/1709/1248
s 1
f 2491/1703/1310 2489/1704/1309 2481/1708/1313
f 2491/1703/1310 2481/1708/1313 2483/1707/1314
s 0
f 2414/1708/1250 2413/1710/1250 2417/1714/1250
f 2414/1708/1250 2417/1714/1250 2418/1712/1250
s 1
f 2477/1710/1312 2415/1709/1311 2419/1713/1315
f 2477/1710/1312 2419/1713/1315 2469/1714/1316
s 0
f 2479/1709/1248 2416/1707/1248 2420/1711/1248
f 2479/1709/1248 2420/1711/1248 2471/1713/1248
s 1
f 2483/1707/1314 2481/1708/1313 2473/1712/1317
f 2483/1707/1314 2473/1712/1317 2475/1711/1318
s 0
f 2418/1712/1250 2417/1714/1250 2421/1718/1250
f 2418/1712/1250 2421/1718/1250 2422/1716/1250
s 1
f 2469/1714/1316 2419/1713/1315 2423/1717/1319
f 2469/1714/1316 2423/1717/1319 2461/1718/1320
s 0
f 2471/1713/1248 2420/1711/1248 2424/1715/1248
f 2471/1713/1248 2424/1715/1248 2463/1717/1248
s 1
f 2475/1711/1318 2473/1712/1317 2465/1716/1321
f 2475/1711/1318 2465/1716/1321 2467/1715/1322
s 0
f 2422/1716/1250 2421/1718/1250 2425/1722/1250
f 2422/1716/1250 2425/1722/1250 2426/1720/1250
s 1
f 2461/1718/1320 2423/1717/1319 2427/1721/1323
f 2461/1718/1320 2427/1721/1323 2453/1722/1324
s 0
f 2463/1717/1248 2424/1715/1248 2428/1719/1248
f 2463/1717/1248 2428/1719/1248 2455/1721/1248
s 1
f 2467/1715/1322 2465/1716/1321 2457/1720/1325
f 2467/1715/1322 2457/1720/1325 2459/1719/1326
s 0
f 2426/1720/1250 2425/1722/1250 2429/1726/1250
f 2426/1720/1250 2429/1726/1250 2430/1724/1250
s 1
f 2453/1722/1324 2427/1721/1323 2431/1725/1327
f 2453/1722/1324 2431/1725/1327 2445/1726/1328
f 2455/1721/1248 2428/1719/1248 2432/1723/1248
s 0
f 2455/1721/1248 2432/1723/1248 2447/1725/1248
s 1
f 2459/1719/1326 2457/1720/1325 2449/1724/1329
f 2459/1719/1326 2449/1724/1329 2451/1723/1330
s 0
f 2430/1724/1250 2429/1726/1250 2433/1730/1250
f 2430/1724/1250 2433/1730/1250 2434/1728/1250
s 1
f 2445/1726/1328 2431/1725/1327 2435/1729/1331
f 2445/1726/1328 2435/1729/1331 2437/1730/1332
s 0
f 2447/1725/1248 2432/1723/1248 2436/1727/1248
f 2447/1725/1248 2436/1727/1248 2439/1729/1248
s 1
f 2451/1723/1330 2449/1724/1329 2441/1728/1333
f 2451/1723/1330 2441/1728/1333 2443/1727/1334
s 0
f 2434/1728/1250 2433/1730/1250 2406/1702/1250
f 2434/1728/1250 2406/1702/1250 2405/1699/1250
s 1
f 2437/1730/1332 2435/1729/1331 2407/1701/1300
f 2437/1730/1332 2407/1701/1300 2493/1702/1299
s 0
f 2439/1729/1248 2436/1727/1248 2408/1700/1248
f 2439/1729/1248 2408/1700/1248 2495/1701/1248
s 1
f 2443/1727/1334 2441/1728/1333 2499/1699/1303
f 2443/1727/1334 2499/1699/1303 2497/1700/1302
s 0
f 2765/1592/1335 2834/1591/1335 2799/1591/1335
f 2765/1592/1335 2799/1591/1335 2507/1592/1335
s 1
f 2343/1591/1257 2358/1591/1259 2797/1591/1336
f 2343/1591/1257 2797/1591/1336 2800/1591/1336
s 0
f 2831/1591/1337 2762/1592/1337 2505/1592/1337
s 1
f 2831/1591/1337 2505/1592/1337 2798/1591/1337
f 2363/1592/1260 2764/1592/1258 2508/1592/1338
f 2363/1592/1260 2508/1592/1338 2506/1592/1338
s 0
f 2842/1591/1337 2773/1592/1337 2503/1592/1337
f 2842/1591/1337 2503/1592/1337 2795/1591/1337
s 1
f 2772/1592/1255 2363/1592/1260 2501/1592/1338
f 2772/1592/1255 2501/1592/1338 2504/1592/1338
s 0
f 2763/1592/1335 2832/1591/1335 2793/1591/1335
f 2763/1592/1335 2793/1591/1335 2502/1592/1335
s 1
f 2358/1591/1259 2106/1591/1254 2796/1591/1336
f 2358/1591/1259 2796/1591/1336 2794/1591/1336
s 0
f 2870/1575/1247 2510/1574/1247 2696/1574/1247
f 2510/1574/1247 2870/1575/1247 2722/1574/1247
f 2722/1574/1247 2870/1575/1247 2854/1575/1247
f 2856/1592/1249 2511/1591/1249 2724/1591/1249
f 2511/1591/1249 2856/1592/1249 2694/1591/1249
f 2694/1591/1249 2856/1592/1249 2872/1592/1249
f 2848/1575/1249 2509/1574/1249 2732/1574/1249
f 2509/1574/1249 2848/1575/1249 2690/1574/1249
f 2690/1574/1249 2848/1575/1249 2868/1575/1249
f 2866/1592/1247 2512/1591/1247 2692/1591/1247
f 2512/1591/1247 2866/1592/1247 2730/1591/1247
f 2730/1591/1247 2866/1592/1247 2846/1592/1247
