# Blender 5.0.1
# www.blender.org
mtllib Engranajeproyector1.mtl
o pGear4
v -0.539629 0.751971 0.052202
v -0.526780 0.766855 0.052202
v -0.513931 0.781739 0.052202
v -0.507575 0.778299 0.052202
v -0.513009 0.759402 0.052202
v -0.518442 0.740504 0.052202
v -0.505267 0.731475 0.052202
v -0.489604 0.743363 0.052202
v -0.473941 0.755250 0.052202
v -0.468439 0.750564 0.052202
v -0.477683 0.733209 0.052202
v -0.486927 0.715855 0.052202
v -0.475917 0.704284 0.052202
v -0.458125 0.712655 0.052202
v -0.440333 0.721026 0.052202
v -0.435925 0.715298 0.052202
v -0.448575 0.700245 0.052202
v -0.461226 0.685191 0.052202
v -0.452861 0.671584 0.052202
v -0.433718 0.676073 0.052202
v -0.414574 0.680562 0.052202
v -0.411454 0.674043 0.052202
v -0.426957 0.661949 0.052202
v -0.442461 0.649854 0.052202
v -0.437109 0.634805 0.052202
v -0.417450 0.635216 0.052202
v -0.397791 0.635627 0.052202
v -0.396095 0.628602 0.052202
v -0.413774 0.619995 0.052202
v -0.431453 0.611388 0.052202
v -0.429347 0.595555 0.052202
v -0.410032 0.591869 0.052202
v -0.390718 0.588184 0.052202
v -0.390519 0.580960 0.052202
v -0.409601 0.576217 0.052202
v -0.428683 0.571474 0.052202
v -0.429915 0.555549 0.052202
v -0.411789 0.547928 0.052202
v -0.393663 0.540307 0.052202
v -0.394970 0.533199 0.052202
v -0.414622 0.532527 0.052202
v -0.434273 0.531856 0.052202
v -0.438789 0.516535 0.052202
v -0.422643 0.505312 0.052202
v -0.406497 0.494089 0.052202
v -0.409254 0.487408 0.052202
v -0.428616 0.490837 0.052202
v -0.447978 0.494266 0.052202
v -0.455580 0.480218 0.052202
v -0.442120 0.465884 0.052202
v -0.428661 0.451550 0.052202
v -0.432746 0.445588 0.052202
v -0.450972 0.452967 0.052202
v -0.469198 0.460346 0.052202
v -0.479555 0.448187 0.052202
v -0.469370 0.431367 0.052202
v -0.459185 0.414548 0.052202
v -0.464420 0.409566 0.052202
v -0.480714 0.420573 0.052202
v -0.497007 0.431580 0.052202
v -0.509666 0.421840 0.052202
v -0.503200 0.403270 0.052202
v -0.496734 0.384700 0.052202
v -0.502891 0.380916 0.052202
v -0.516540 0.395070 0.052202
v -0.530189 0.409225 0.052202
v -0.544596 0.402329 0.052202
v -0.542133 0.382821 0.052202
v -0.539669 0.363312 0.052202
v -0.546479 0.360891 0.052202
v -0.556886 0.377574 0.052202
v -0.567294 0.394256 0.052202
v -0.582820 0.390507 0.052202
v -0.584466 0.370913 0.052202
v -0.586113 0.351319 0.052202
v -0.593277 0.350366 0.052202
v -0.599988 0.368848 0.052202
v -0.606700 0.387330 0.052202
v -0.622666 0.386890 0.052202
v -0.628351 0.368066 0.052202
v -0.634035 0.349243 0.052202
v -0.641241 0.349800 0.052202
v -0.643963 0.369274 0.052202
v -0.646685 0.388748 0.052202
v -0.662394 0.391637 0.052202
v -0.671868 0.374407 0.052202
v -0.681341 0.357176 0.052202
v -0.688274 0.359220 0.052202
v -0.686888 0.378834 0.052202
v -0.685502 0.398448 0.052202
v -0.700267 0.404540 0.052202
v -0.713116 0.389656 0.052202
v -0.725965 0.374772 0.052202
v -0.732321 0.378212 0.052202
v -0.726887 0.397109 0.052202
v -0.721454 0.416006 0.052202
v -0.734629 0.425035 0.052202
v -0.750292 0.413148 0.052202
v -0.765955 0.401260 0.052202
v -0.771457 0.405947 0.052202
v -0.762213 0.423301 0.052202
v -0.752969 0.440656 0.052202
v -0.763979 0.452227 0.052202
v -0.781771 0.443856 0.052202
v -0.799563 0.435485 0.052202
v -0.803971 0.441212 0.052202
v -0.791321 0.456266 0.052202
v -0.778671 0.471320 0.052202
v -0.787035 0.484927 0.052202
v -0.806178 0.480438 0.052202
v -0.825322 0.475949 0.052202
v -0.828442 0.482468 0.052202
v -0.812939 0.494562 0.052202
v -0.797435 0.506657 0.052202
v -0.802787 0.521706 0.052202
v -0.822446 0.521295 0.052202
v -0.842105 0.520884 0.052202
v -0.843801 0.527909 0.052202
v -0.826122 0.536516 0.052202
v -0.808443 0.545123 0.052202
v -0.810549 0.560956 0.052202
v -0.829864 0.564641 0.052202
v -0.849178 0.568327 0.052202
v -0.849377 0.575551 0.052202
v -0.830295 0.580294 0.052202
v -0.811213 0.585037 0.052202
v -0.809981 0.600962 0.052202
v -0.828107 0.608583 0.052202
v -0.846233 0.616203 0.052202
v -0.844926 0.623311 0.052202
v -0.825274 0.623983 0.052202
v -0.805623 0.624655 0.052202
v -0.801107 0.639976 0.052202
v -0.817253 0.651199 0.052202
v -0.833399 0.662422 0.052202
v -0.830642 0.669102 0.052202
v -0.811280 0.665674 0.052202
v -0.791918 0.662245 0.052202
v -0.784316 0.676292 0.052202
v -0.797776 0.690627 0.052202
v -0.811235 0.704961 0.052202
v -0.807150 0.710923 0.052202
v -0.788924 0.703544 0.052202
v -0.770698 0.696164 0.052202
v -0.760341 0.708324 0.052202
v -0.770526 0.725144 0.052202
v -0.780711 0.741963 0.052202
v -0.775476 0.746945 0.052202
v -0.759182 0.735938 0.052202
v -0.742889 0.724931 0.052202
v -0.730231 0.734671 0.052202
v -0.736696 0.753241 0.052202
v -0.743162 0.771810 0.052202
v -0.737005 0.775595 0.052202
v -0.723356 0.761441 0.052202
v -0.709707 0.747286 0.052202
v -0.695300 0.754182 0.052202
v -0.697763 0.773690 0.052202
v -0.700227 0.793198 0.052202
v -0.693417 0.795620 0.052202
v -0.683010 0.778937 0.052202
v -0.672602 0.762255 0.052202
v -0.657076 0.766004 0.052202
v -0.655430 0.785598 0.052202
v -0.653783 0.805192 0.052202
v -0.646619 0.806145 0.052202
v -0.639908 0.787663 0.052202
v -0.633196 0.769181 0.052202
v -0.617230 0.769621 0.052202
v -0.611545 0.788444 0.052202
v -0.605861 0.807268 0.052202
v -0.598656 0.806711 0.052202
v -0.595933 0.787237 0.052202
v -0.593211 0.767763 0.052202
v -0.577502 0.764874 0.052202
v -0.568028 0.782104 0.052202
v -0.558555 0.799335 0.052202
v -0.551622 0.797291 0.052202
v -0.553008 0.777677 0.052202
v -0.554394 0.758063 0.052202
v -0.539629 0.751971 0.080980
v -0.526780 0.766855 0.080980
v -0.513931 0.781739 0.080980
v -0.507575 0.778299 0.080980
v -0.513009 0.759402 0.080980
v -0.518442 0.740504 0.080980
v -0.505267 0.731475 0.080980
v -0.489604 0.743363 0.080980
v -0.473941 0.755250 0.080980
v -0.468439 0.750564 0.080980
v -0.477683 0.733209 0.080980
v -0.486927 0.715855 0.080980
v -0.475917 0.704284 0.080980
v -0.458125 0.712655 0.080980
v -0.440333 0.721026 0.080980
v -0.435925 0.715298 0.080980
v -0.448575 0.700245 0.080980
v -0.461226 0.685191 0.080980
v -0.452861 0.671584 0.080980
v -0.433718 0.676073 0.080980
v -0.414574 0.680562 0.080980
v -0.411454 0.674043 0.080980
v -0.426957 0.661949 0.080980
v -0.442461 0.649854 0.080980
v -0.437109 0.634805 0.080980
v -0.417450 0.635216 0.080980
v -0.397791 0.635627 0.080980
v -0.396095 0.628602 0.080980
v -0.413774 0.619995 0.080980
v -0.431453 0.611388 0.080980
v -0.429347 0.595555 0.080980
v -0.410032 0.591870 0.080980
v -0.390718 0.588184 0.080980
v -0.390519 0.580960 0.080980
v -0.409601 0.576217 0.080980
v -0.428683 0.571474 0.080980
v -0.429915 0.555549 0.080980
v -0.411789 0.547928 0.080980
v -0.393663 0.540307 0.080980
v -0.394970 0.533199 0.080980
v -0.414622 0.532528 0.080980
v -0.434273 0.531856 0.080980
v -0.438789 0.516535 0.080980
v -0.422643 0.505312 0.080980
v -0.406497 0.494089 0.080980
v -0.409254 0.487409 0.080980
v -0.428616 0.490837 0.080980
v -0.447978 0.494266 0.080980
v -0.455580 0.480218 0.080980
v -0.442120 0.465884 0.080980
v -0.428661 0.451550 0.080980
v -0.432746 0.445588 0.080980
v -0.450972 0.452967 0.080980
v -0.469198 0.460346 0.080980
v -0.479555 0.448187 0.080980
v -0.469370 0.431367 0.080980
v -0.459185 0.414548 0.080980
v -0.464420 0.409566 0.080980
v -0.480714 0.420573 0.080980
v -0.497007 0.431580 0.080980
v -0.509666 0.421840 0.080980
v -0.503200 0.403270 0.080980
v -0.496734 0.384701 0.080980
v -0.502891 0.380916 0.080980
v -0.516540 0.395070 0.080980
v -0.530189 0.409225 0.080980
v -0.544596 0.402329 0.080980
v -0.542133 0.382821 0.080980
v -0.539669 0.363313 0.080980
v -0.546479 0.360891 0.080980
v -0.556886 0.377574 0.080980
v -0.567294 0.394256 0.080980
v -0.582820 0.390507 0.080980
v -0.584466 0.370913 0.080980
v -0.586113 0.351319 0.080980
v -0.593277 0.350366 0.080980
v -0.599988 0.368848 0.080980
v -0.606700 0.387330 0.080980
v -0.622666 0.386890 0.080980
v -0.628351 0.368066 0.080980
v -0.634035 0.349243 0.080980
v -0.641241 0.349800 0.080980
v -0.643963 0.369274 0.080980
v -0.646685 0.388748 0.080980
v -0.662394 0.391637 0.080980
v -0.671868 0.374407 0.080980
v -0.681341 0.357176 0.080980
v -0.688274 0.359220 0.080980
v -0.686888 0.378834 0.080980
v -0.685502 0.398448 0.080980
v -0.700267 0.404540 0.080980
v -0.713116 0.389656 0.080980
v -0.725965 0.374772 0.080980
v -0.732321 0.378212 0.080980
v -0.726887 0.397109 0.080980
v -0.721454 0.416006 0.080980
v -0.734629 0.425035 0.080980
v -0.750292 0.413148 0.080980
v -0.765955 0.401261 0.080980
v -0.771457 0.405947 0.080980
v -0.762213 0.423301 0.080980
v -0.752969 0.440656 0.080980
v -0.763979 0.452227 0.080980
v -0.781771 0.443856 0.080980
v -0.799563 0.435485 0.080980
v -0.803971 0.441213 0.080980
v -0.791321 0.456266 0.080980
v -0.778671 0.471320 0.080980
v -0.787035 0.484927 0.080980
v -0.806178 0.480438 0.080980
v -0.825322 0.475949 0.080980
v -0.828442 0.482468 0.080980
v -0.812939 0.494562 0.080980
v -0.797435 0.506657 0.080980
v -0.802787 0.521706 0.080980
v -0.822446 0.521295 0.080980
v -0.842105 0.520884 0.080980
v -0.843801 0.527909 0.080980
v -0.826122 0.536516 0.080980
v -0.808443 0.545123 0.080980
v -0.810549 0.560956 0.080980
v -0.829864 0.564641 0.080980
v -0.849178 0.568327 0.080980
v -0.849377 0.575551 0.080980
v -0.830295 0.580294 0.080980
v -0.811213 0.585037 0.080980
v -0.809981 0.600962 0.080980
v -0.828107 0.608583 0.080980
v -0.846233 0.616203 0.080980
v -0.844926 0.623311 0.080980
v -0.825274 0.623983 0.080980
v -0.805623 0.624655 0.080980
v -0.801107 0.639976 0.080980
v -0.817253 0.651199 0.080980
v -0.833399 0.662422 0.080980
v -0.830642 0.669102 0.080980
v -0.811280 0.665674 0.080980
v -0.791918 0.662245 0.080980
v -0.784316 0.676292 0.080980
v -0.797776 0.690627 0.080980
v -0.811235 0.704961 0.080980
v -0.807150 0.710923 0.080980
v -0.788924 0.703544 0.080980
v -0.770698 0.696165 0.080980
v -0.760341 0.708324 0.080980
v -0.770526 0.725144 0.080980
v -0.780711 0.741963 0.080980
v -0.775476 0.746945 0.080980
v -0.759182 0.735938 0.080980
v -0.742889 0.724931 0.080980
v -0.730231 0.734671 0.080980
v -0.736696 0.753241 0.080980
v -0.743162 0.771810 0.080980
v -0.737005 0.775595 0.080980
v -0.723356 0.761441 0.080980
v -0.709707 0.747286 0.080980
v -0.695300 0.754182 0.080980
v -0.697763 0.773690 0.080980
v -0.700227 0.793198 0.080980
v -0.693417 0.795620 0.080980
v -0.683010 0.778937 0.080980
v -0.672602 0.762255 0.080980
v -0.657076 0.766004 0.080980
v -0.655430 0.785598 0.080980
v -0.653783 0.805192 0.080980
v -0.646619 0.806145 0.080980
v -0.639908 0.787663 0.080980
v -0.633196 0.769181 0.080980
v -0.617230 0.769621 0.080980
v -0.611545 0.788444 0.080980
v -0.605861 0.807268 0.080980
v -0.598656 0.806711 0.080980
v -0.595933 0.787237 0.080980
v -0.593211 0.767763 0.080980
v -0.577502 0.764874 0.080980
v -0.568028 0.782104 0.080980
v -0.558555 0.799335 0.080980
v -0.551622 0.797291 0.080980
v -0.553008 0.777677 0.080980
v -0.554394 0.758063 0.080980
v -0.553990 0.717023 0.052202
v -0.539846 0.709369 0.052202
v -0.514336 0.689849 0.052202
v -0.503250 0.678199 0.052202
v -0.493443 0.665453 0.052202
v -0.485021 0.651752 0.052202
v -0.472689 0.622093 0.052202
v -0.468913 0.606460 0.052202
v -0.466792 0.590518 0.052202
v -0.466349 0.574442 0.052202
v -0.470499 0.542590 0.052202
v -0.475046 0.527164 0.052202
v -0.481180 0.512297 0.052202
v -0.488835 0.498153 0.052202
v -0.508354 0.472644 0.052202
v -0.520005 0.461557 0.052202
v -0.532750 0.451750 0.052202
v -0.546451 0.443328 0.052202
v -0.576111 0.430996 0.052202
v -0.591743 0.427220 0.052202
v -0.607685 0.425100 0.052202
v -0.623762 0.424657 0.052202
v -0.671040 0.433353 0.052202
v -0.685906 0.439487 0.052202
v -0.700050 0.447142 0.052202
v -0.725560 0.466661 0.052202
v -0.736646 0.478312 0.052202
v -0.746454 0.491058 0.052202
v -0.754875 0.504759 0.052202
v -0.767208 0.534418 0.052202
v -0.770983 0.550051 0.052202
v -0.773104 0.565993 0.052202
v -0.773547 0.582069 0.052202
v -0.769397 0.613921 0.052202
v -0.764850 0.629347 0.052202
v -0.758716 0.644214 0.052202
v -0.751061 0.658358 0.052202
v -0.731542 0.683867 0.052202
v -0.719891 0.694953 0.052202
v -0.707146 0.704761 0.052202
v -0.693444 0.713183 0.052202
v -0.663786 0.725515 0.052202
v -0.648153 0.729290 0.052202
v -0.632211 0.731411 0.052202
v -0.616134 0.731854 0.052202
v -0.584283 0.727705 0.052202
v -0.568856 0.723158 0.052202
v -0.553990 0.717024 0.080980
v -0.539846 0.709369 0.080980
v -0.514336 0.689850 0.080980
v -0.503250 0.678199 0.080980
v -0.493443 0.665453 0.080980
v -0.485021 0.651752 0.080980
v -0.472689 0.622093 0.080980
v -0.468913 0.606460 0.080980
v -0.466792 0.590518 0.080980
v -0.466349 0.574442 0.080980
v -0.470499 0.542590 0.080980
v -0.475046 0.527164 0.080980
v -0.481180 0.512297 0.080980
v -0.488835 0.498153 0.080980
v -0.508354 0.472644 0.080980
v -0.520005 0.461558 0.080980
v -0.532750 0.451750 0.080980
v -0.546451 0.443328 0.080980
v -0.576111 0.430996 0.080980
v -0.591743 0.427220 0.080980
v -0.607685 0.425100 0.080980
v -0.623762 0.424657 0.080980
v -0.671040 0.433353 0.080980
v -0.685906 0.439487 0.080980
v -0.700050 0.447142 0.080980
v -0.725560 0.466661 0.080980
v -0.736646 0.478312 0.080980
v -0.746454 0.491058 0.080980
v -0.754875 0.504759 0.080980
v -0.767208 0.534418 0.080980
v -0.770983 0.550051 0.080980
v -0.773104 0.565993 0.080980
v -0.773547 0.582069 0.080980
v -0.769397 0.613921 0.080980
v -0.764850 0.629347 0.080980
v -0.758716 0.644214 0.080980
v -0.751061 0.658358 0.080980
v -0.731542 0.683867 0.080980
v -0.719891 0.694953 0.080980
v -0.707146 0.704761 0.080980
v -0.693444 0.713183 0.080980
v -0.663786 0.725515 0.080980
v -0.648153 0.729290 0.080980
v -0.632211 0.731411 0.080980
v -0.616134 0.731854 0.080980
v -0.584283 0.727705 0.080980
v -0.568856 0.723158 0.080980
v -0.547852 0.654435 0.052202
v -0.547852 0.654435 0.080980
v -0.540284 0.646482 0.052202
v -0.540284 0.646482 0.080980
v -0.533589 0.637781 0.052202
v -0.533589 0.637781 0.080980
v -0.527840 0.628428 0.052202
v -0.527840 0.628428 0.080980
v -0.517926 0.553908 0.052202
v -0.517926 0.553908 0.080980
v -0.521030 0.543378 0.052202
v -0.521030 0.543378 0.080980
v -0.525218 0.533229 0.052202
v -0.525218 0.533229 0.080980
v -0.530443 0.523574 0.052202
v -0.530443 0.523574 0.080980
v -0.590022 0.477729 0.052202
v -0.590022 0.477729 0.080980
v -0.600694 0.475151 0.052202
v -0.600694 0.475151 0.080980
v -0.611577 0.473703 0.052202
v -0.611577 0.473704 0.080980
v -0.622551 0.473401 0.052202
v -0.622551 0.473401 0.080980
v -0.692044 0.502076 0.052202
v -0.692044 0.502076 0.080980
v -0.699612 0.510029 0.052202
v -0.699612 0.510029 0.080980
v -0.706307 0.518730 0.052202
v -0.706307 0.518730 0.080980
v -0.712056 0.528083 0.052202
v -0.712056 0.528083 0.080980
v -0.721970 0.602602 0.052202
v -0.721970 0.602602 0.080980
v -0.718866 0.613133 0.052202
v -0.718866 0.613133 0.080980
v -0.714678 0.623282 0.052202
v -0.714678 0.623282 0.080980
v -0.709453 0.632937 0.052202
v -0.709453 0.632937 0.080980
v -0.649874 0.678782 0.052202
v -0.649874 0.678782 0.080980
v -0.639202 0.681360 0.052202
v -0.639202 0.681360 0.080980
v -0.628319 0.682807 0.052202
v -0.628319 0.682807 0.080980
v -0.617345 0.683110 0.052202
v -0.617345 0.683110 0.080980
v -0.581075 0.620199 0.052202
v -0.581075 0.620199 0.080980
v -0.576472 0.615489 0.052202
v -0.576472 0.615489 0.080980
v -0.572818 0.610741 0.052202
v -0.572818 0.610741 0.080980
v -0.569445 0.605085 0.052202
v -0.569445 0.605085 0.080980
v -0.564187 0.565562 0.052202
v -0.564187 0.565562 0.080980
v -0.565965 0.559221 0.052202
v -0.565965 0.559221 0.080980
v -0.568250 0.553683 0.052202
v -0.568250 0.553683 0.080980
v -0.571462 0.547933 0.052202
v -0.571462 0.547933 0.080980
v -0.603060 0.523619 0.052202
v -0.603060 0.523619 0.080980
v -0.609440 0.521987 0.052202
v -0.609440 0.521987 0.080980
v -0.615379 0.521197 0.052202
v -0.615379 0.521197 0.080980
v -0.621965 0.521104 0.052202
v -0.621965 0.521104 0.080980
v -0.658821 0.536312 0.052202
v -0.658821 0.536312 0.080980
v -0.663424 0.541021 0.052202
v -0.663424 0.541021 0.080980
v -0.667078 0.545770 0.052202
v -0.667078 0.545770 0.080980
v -0.670451 0.551426 0.052202
v -0.670451 0.551426 0.080980
v -0.675709 0.590949 0.052202
v -0.675709 0.590949 0.080980
v -0.673931 0.597290 0.052202
v -0.673931 0.597290 0.080980
v -0.671646 0.602828 0.052202
v -0.671646 0.602828 0.080980
v -0.668435 0.608577 0.052202
v -0.668435 0.608578 0.080980
v -0.636836 0.632892 0.052202
v -0.636836 0.632892 0.080980
v -0.630456 0.634524 0.052202
v -0.630456 0.634524 0.080980
v -0.624516 0.635314 0.052202
v -0.624516 0.635314 0.080980
v -0.617932 0.635407 0.052202
v -0.617932 0.635407 0.080980
v -0.619948 0.578255 0.080980
v -0.593342 0.606964 0.041943
v -0.590191 0.603740 0.041943
v -0.619948 0.578255 0.041943
v -0.587691 0.600490 0.041943
v -0.585382 0.596619 0.041943
v -0.580094 0.583557 0.041943
v -0.581783 0.569568 0.041943
v -0.583000 0.565228 0.041943
v -0.584564 0.561437 0.041943
v -0.586762 0.557502 0.041943
v -0.595429 0.546392 0.041943
v -0.608389 0.540860 0.041943
v -0.612756 0.539743 0.041943
v -0.616821 0.539202 0.041943
v -0.621328 0.539139 0.041943
v -0.635283 0.541090 0.041943
v -0.646554 0.549548 0.041943
v -0.649705 0.552771 0.041943
v -0.652205 0.556021 0.041943
v -0.654514 0.559892 0.041943
v -0.659802 0.572954 0.041943
v -0.658113 0.586943 0.041943
v -0.656896 0.591283 0.041943
v -0.655332 0.595074 0.041943
v -0.653134 0.599009 0.041943
v -0.644467 0.610119 0.041943
v -0.631507 0.615651 0.041943
v -0.627140 0.616768 0.041943
v -0.623075 0.617308 0.041943
v -0.618568 0.617372 0.041943
v -0.604613 0.615421 0.041943
v -0.533488 0.690908 0.052202
v -0.531451 0.699455 0.052202
v -0.536182 0.706858 0.052202
v -0.521231 0.708107 0.052202
v -0.519361 0.694129 0.052202
v -0.533488 0.690908 0.080980
v -0.519361 0.694129 0.080980
v -0.521231 0.708107 0.080980
v -0.536182 0.706858 0.080980
v -0.531451 0.699455 0.080980
v -0.488904 0.632969 0.052202
v -0.482171 0.645798 0.052202
v -0.469139 0.640410 0.052202
v -0.474177 0.626278 0.052202
v -0.480121 0.632748 0.052202
v -0.488904 0.632969 0.080980
v -0.480121 0.632748 0.080980
v -0.474177 0.626278 0.080980
v -0.469139 0.640410 0.080980
v -0.482171 0.645798 0.080980
v -0.479157 0.559705 0.052202
v -0.470738 0.562214 0.052202
v -0.466692 0.570013 0.052202
v -0.458135 0.557690 0.052202
v -0.469305 0.549082 0.052202
v -0.479157 0.559705 0.080980
v -0.469305 0.549082 0.080980
v -0.458135 0.557690 0.080980
v -0.466692 0.570013 0.080980
v -0.470738 0.562214 0.080980
v -0.706409 0.465602 0.052202
v -0.708446 0.457056 0.052202
v -0.703714 0.449653 0.052202
v -0.718665 0.448404 0.052202
v -0.720535 0.462381 0.052202
v -0.706409 0.465603 0.080980
v -0.720535 0.462382 0.080980
v -0.718665 0.448404 0.080980
v -0.703714 0.449653 0.080980
v -0.708446 0.457056 0.080980
v -0.750992 0.523542 0.052202
v -0.757725 0.510713 0.052202
v -0.770757 0.516101 0.052202
v -0.765719 0.530233 0.052202
v -0.759775 0.523763 0.052202
v -0.750992 0.523542 0.080980
v -0.759775 0.523763 0.080980
v -0.765719 0.530233 0.080980
v -0.770757 0.516101 0.080980
v -0.757725 0.510713 0.080980
v -0.760739 0.596806 0.052202
v -0.769159 0.594297 0.052202
v -0.773204 0.586498 0.052202
v -0.781761 0.598821 0.052202
v -0.770591 0.607429 0.052202
v -0.760739 0.596806 0.080980
v -0.770591 0.607429 0.080980
v -0.781761 0.598821 0.080980
v -0.773204 0.586498 0.080980
v -0.769159 0.594297 0.080980
v -0.732853 0.664386 0.052202
v -0.747330 0.663802 0.052202
v -0.749180 0.677783 0.052202
v -0.734422 0.680486 0.052202
v -0.737054 0.672103 0.052202
v -0.732853 0.664386 0.080980
v -0.737054 0.672103 0.080980
v -0.734422 0.680486 0.080980
v -0.749180 0.677783 0.080980
v -0.747330 0.663802 0.080980
v -0.674278 0.709459 0.052202
v -0.680661 0.715496 0.052202
v -0.689438 0.715100 0.052202
v -0.683044 0.728673 0.052202
v -0.670004 0.723303 0.052202
v -0.674278 0.709459 0.080980
v -0.670004 0.723303 0.080980
v -0.683044 0.728673 0.080980
v -0.689438 0.715100 0.080980
v -0.680661 0.715496 0.080980
v -0.601809 0.719100 0.052202
v -0.609553 0.731345 0.052202
v -0.598371 0.739937 0.052202
v -0.588651 0.728508 0.052202
v -0.597227 0.726596 0.052202
v -0.601809 0.719100 0.080980
v -0.597227 0.726596 0.080980
v -0.588651 0.728508 0.080980
v -0.598371 0.739937 0.080980
v -0.609553 0.731345 0.080980
v -0.562314 0.656423 0.052202
v -0.556004 0.661530 0.052202
v -0.550650 0.667631 0.052202
v -0.549386 0.655754 0.052202
v -0.562314 0.656423 0.080980
v -0.549386 0.655754 0.080980
v -0.550650 0.667631 0.080980
v -0.556004 0.661530 0.080980
v -0.529623 0.613940 0.052202
v -0.526958 0.626607 0.052202
v -0.515802 0.622343 0.052202
v -0.523071 0.618730 0.052202
v -0.529623 0.613940 0.080980
v -0.523071 0.618730 0.080980
v -0.515802 0.622343 0.080980
v -0.526958 0.626607 0.080980
v -0.523436 0.567426 0.052202
v -0.515858 0.564516 0.052202
v -0.507898 0.562929 0.052202
v -0.517552 0.555896 0.052202
v -0.523436 0.567426 0.080980
v -0.517552 0.555896 0.080980
v -0.507898 0.562929 0.080980
v -0.515858 0.564516 0.080980
v -0.581070 0.489259 0.052202
v -0.579802 0.481241 0.052202
v -0.577196 0.473554 0.052202
v -0.588113 0.478398 0.052202
v -0.581070 0.489259 0.080980
v -0.588113 0.478398 0.080980
v -0.577196 0.473554 0.080980
v -0.579802 0.481241 0.080980
v -0.677583 0.500088 0.052202
v -0.683892 0.494981 0.052202
v -0.689246 0.488880 0.052202
v -0.690510 0.500757 0.052202
v -0.677583 0.500088 0.080980
v -0.690510 0.500757 0.080980
v -0.689246 0.488880 0.080980
v -0.683892 0.494981 0.080980
v -0.710273 0.542571 0.052202
v -0.712938 0.529904 0.052202
v -0.724094 0.534168 0.052202
v -0.716826 0.537781 0.052202
v -0.710273 0.542571 0.080980
v -0.716826 0.537781 0.080980
v -0.724094 0.534168 0.080980
v -0.712938 0.529904 0.080980
v -0.716461 0.589084 0.052202
v -0.724038 0.591995 0.052202
v -0.731998 0.593582 0.052202
v -0.722345 0.600614 0.052202
v -0.716461 0.589085 0.080980
v -0.722345 0.600614 0.080980
v -0.731998 0.593582 0.080980
v -0.724038 0.591995 0.080980
v -0.696014 0.638637 0.052202
v -0.708317 0.634611 0.052202
v -0.710202 0.646405 0.052202
v -0.703439 0.641916 0.052202
v -0.696014 0.638637 0.080980
v -0.703439 0.641916 0.080980
v -0.710202 0.646405 0.080980
v -0.708317 0.634611 0.080980
v -0.658826 0.667252 0.052202
v -0.660094 0.675270 0.052202
v -0.662700 0.682957 0.052202
v -0.651783 0.678113 0.052202
v -0.658826 0.667252 0.080980
v -0.651783 0.678113 0.080980
v -0.662700 0.682957 0.080980
v -0.660094 0.675270 0.080980
v -0.605689 0.674321 0.052202
v -0.615327 0.682963 0.052202
v -0.606056 0.690493 0.052202
v -0.606561 0.682391 0.052202
v -0.605689 0.674321 0.080980
v -0.606561 0.682391 0.080980
v -0.606056 0.690493 0.080980
v -0.615327 0.682963 0.080980
v -0.600024 0.626543 0.048602
v -0.605552 0.633676 0.052202
v -0.600351 0.646953 0.052202
v -0.594533 0.639848 0.052202
v -0.585398 0.640784 0.052202
v -0.591073 0.627702 0.052202
v -0.600627 0.625080 0.080980
v -0.591073 0.627702 0.080980
v -0.585398 0.640784 0.080980
v -0.594533 0.639848 0.080980
v -0.600351 0.646953 0.080980
v -0.605552 0.633676 0.080980
v -0.568168 0.585144 0.048602
v -0.564754 0.593499 0.052202
v -0.550655 0.595633 0.052202
v -0.553900 0.587042 0.052202
v -0.548522 0.579599 0.052202
v -0.562689 0.577973 0.052202
v -0.569736 0.584935 0.080980
v -0.562689 0.577973 0.080980
v -0.548522 0.579599 0.080980
v -0.553900 0.587042 0.080980
v -0.550655 0.595633 0.080980
v -0.564754 0.593499 0.080980
v -0.671728 0.571367 0.048602
v -0.675142 0.563012 0.052202
v -0.689241 0.560878 0.052202
v -0.685996 0.569469 0.052202
v -0.691374 0.576912 0.052202
v -0.677207 0.578539 0.052202
v -0.670160 0.571576 0.080980
v -0.677207 0.578539 0.080980
v -0.691374 0.576913 0.080980
v -0.685996 0.569469 0.080980
v -0.689241 0.560878 0.080980
v -0.675142 0.563012 0.080980
v -0.651804 0.619654 0.048602
v -0.660746 0.618433 0.052202
v -0.669644 0.629576 0.052202
v -0.660581 0.631061 0.052202
v -0.656824 0.639440 0.052202
v -0.648332 0.627985 0.052202
v -0.650839 0.618400 0.080980
v -0.648332 0.627985 0.080980
v -0.656824 0.639441 0.080980
v -0.660581 0.631061 0.080980
v -0.669644 0.629576 0.080980
v -0.660746 0.618433 0.080980
v -0.526580 0.700278 0.052202
v -0.526580 0.700278 0.080980
v -0.478078 0.637246 0.052202
v -0.478078 0.637246 0.080980
v -0.467589 0.558407 0.052202
v -0.467589 0.558407 0.080980
v -0.713316 0.456233 0.052202
v -0.713316 0.456233 0.080980
v -0.761819 0.519265 0.052202
v -0.761819 0.519265 0.080980
v -0.772307 0.598104 0.052202
v -0.772307 0.598104 0.080980
v -0.741970 0.671624 0.052202
v -0.741970 0.671624 0.080980
v -0.678938 0.720126 0.052202
v -0.678938 0.720126 0.080980
v -0.600100 0.730614 0.052202
v -0.600100 0.730614 0.080980
v -0.597542 0.632556 0.052202
v -0.597542 0.632556 0.080980
v -0.561719 0.586002 0.052202
v -0.561719 0.586002 0.080980
v -0.678177 0.570509 0.052202
v -0.678177 0.570509 0.080980
v -0.655771 0.624810 0.052202
v -0.655771 0.624810 0.080980
v -0.504764 0.490315 0.052202
v -0.493906 0.490753 0.052202
v -0.492519 0.480268 0.052202
v -0.503587 0.478241 0.052202
v -0.501613 0.484528 0.052202
v -0.504764 0.490315 0.080980
v -0.501613 0.484528 0.080980
v -0.503587 0.478241 0.080980
v -0.492519 0.480268 0.080980
v -0.493906 0.490753 0.080980
v -0.564453 0.444385 0.052202
v -0.559666 0.439857 0.052202
v -0.553083 0.440154 0.052202
v -0.557878 0.429975 0.052202
v -0.567658 0.434002 0.052202
v -0.564453 0.444385 0.080980
v -0.567658 0.434002 0.080980
v -0.557878 0.429975 0.080980
v -0.553083 0.440154 0.080980
v -0.559666 0.439857 0.080980
v -0.656702 0.422839 0.052202
v -0.661440 0.430523 0.052202
v -0.655576 0.428961 0.052202
v -0.649639 0.427707 0.052202
v -0.656702 0.422839 0.080980
v -0.649639 0.427707 0.080980
v -0.655576 0.428961 0.080980
v -0.661440 0.430523 0.080980
v -0.541942 0.517208 0.052202
v -0.532715 0.520227 0.052202
v -0.531301 0.511381 0.052202
v -0.536373 0.514748 0.052202
v -0.541942 0.517208 0.080980
v -0.536373 0.514748 0.080980
v -0.531301 0.511381 0.080980
v -0.532715 0.520227 0.080980
v -0.633814 0.480176 0.052202
v -0.626586 0.473695 0.052202
v -0.633539 0.468048 0.052202
v -0.633160 0.474124 0.052202
v -0.633814 0.480176 0.080980
v -0.633160 0.474124 0.080980
v -0.633539 0.468048 0.080980
v -0.626586 0.473695 0.080980
v -0.583335 0.520728 0.052202
v -0.589704 0.529320 0.052202
v -0.587362 0.535907 0.049265
v -0.580394 0.536483 0.052202
v -0.573721 0.528126 0.052202
v -0.580517 0.527012 0.052202
v -0.583335 0.520728 0.080980
v -0.580517 0.527012 0.080980
v -0.573721 0.528126 0.080980
v -0.580394 0.536484 0.080980
v -0.587824 0.536508 0.080980
v -0.589704 0.529320 0.080980
v -0.651462 0.517784 0.052202
v -0.647206 0.527595 0.052202
v -0.640330 0.528861 0.049265
v -0.636346 0.523115 0.052202
v -0.640247 0.513157 0.052202
v -0.644610 0.518486 0.052202
v -0.651462 0.517784 0.080980
v -0.644610 0.518486 0.080980
v -0.640247 0.513157 0.080980
v -0.636346 0.523115 0.080980
v -0.640040 0.529562 0.080980
v -0.647206 0.527595 0.080980
v -0.497926 0.484887 0.052202
v -0.497926 0.484887 0.080980
v -0.560958 0.436385 0.052202
v -0.560958 0.436385 0.080980
v -0.584125 0.531701 0.052202
v -0.584125 0.531701 0.080980
v -0.642354 0.523955 0.052202
v -0.642354 0.523955 0.080980
v -0.638474 0.434806 0.052202
v -0.632482 0.425331 0.052202
v -0.641134 0.418684 0.052202
v -0.648654 0.427526 0.052202
v -0.642019 0.429006 0.052202
v -0.648654 0.427526 0.080980
v -0.641134 0.418684 0.080980
v -0.632482 0.425331 0.080980
v -0.638474 0.434806 0.080980
v -0.642019 0.429006 0.080980
v -0.639796 0.425897 0.052202
v -0.639796 0.425897 0.080980
vn -0.0000 -0.0000 -1.0000
vn -0.7570 0.6535 -0.0000
vn 0.4760 0.8795 -0.0000
vn 0.9611 -0.2763 -0.0000
vn 0.5653 0.8249 -0.0000
vn -0.6046 0.7966 -0.0000
vn 0.6484 0.7613 -0.0000
vn 0.8826 -0.4701 -0.0000
vn 0.7244 0.6893 -0.0000
vn -0.4257 0.9048 -0.0000
vn 0.7925 0.6098 -0.0000
vn 0.7656 -0.6433 -0.0000
vn 0.8519 0.5237 -0.0000
vn -0.2283 0.9736 -0.0000
vn 0.9020 0.4317 -0.0000
vn 0.6151 -0.7885 -0.0000
vn 0.9422 0.3351 -0.0000
vn -0.0209 0.9998 -0.0000
vn 0.9721 0.2348 -0.0000
vn 0.4377 -0.8991 -0.0000
vn 0.9913 0.1319 -0.0000
vn 0.1874 0.9823 -0.0000
vn 0.9996 0.0275 -0.0000
vn 0.2412 -0.9705 -0.0000
vn 0.9970 -0.0771 -0.0000
vn 0.3876 0.9218 -0.0000
vn 0.9835 -0.1809 -0.0000
vn 0.0342 -0.9994 -0.0000
vn 0.9592 -0.2827 -0.0000
vn 0.5708 0.8211 -0.0000
vn 0.9244 -0.3814 -0.0000
vn -0.1744 -0.9847 -0.0000
vn 0.8795 -0.4760 -0.0000
vn 0.7290 0.6845 -0.0000
vn 0.8249 -0.5653 -0.0000
vn -0.3753 -0.9269 -0.0000
vn 0.7613 -0.6484 -0.0000
vn 0.8554 0.5180 -0.0000
vn 0.6893 -0.7244 -0.0000
vn -0.5598 -0.8286 -0.0000
vn 0.6098 -0.7925 -0.0000
vn 0.9444 0.3288 -0.0000
vn 0.5237 -0.8519 -0.0000
vn -0.7198 -0.6941 -0.0000
vn 0.4317 -0.9020 -0.0000
vn 0.9921 0.1253 -0.0000
vn 0.3351 -0.9422 -0.0000
vn -0.8484 -0.5293 -0.0000
vn 0.2348 -0.9721 -0.0000
vn 0.9965 -0.0837 -0.0000
vn 0.1319 -0.9913 -0.0000
vn -0.9399 -0.3413 -0.0000
vn 0.0275 -0.9996 -0.0000
vn 0.9573 -0.2891 -0.0000
vn -0.0771 -0.9970 -0.0000
vn -0.9904 -0.1385 -0.0000
vn -0.1809 -0.9835 -0.0000
vn 0.8763 -0.4818 -0.0000
vn -0.2827 -0.9592 -0.0000
vn -0.9975 0.0705 -0.0000
vn -0.3814 -0.9244 -0.0000
vn 0.7570 -0.6535 -0.0000
vn -0.4760 -0.8795 -0.0000
vn -0.9611 0.2763 -0.0000
vn -0.5653 -0.8249 -0.0000
vn 0.6046 -0.7966 -0.0000
vn -0.6484 -0.7613 -0.0000
vn -0.8826 0.4701 -0.0000
vn -0.7244 -0.6893 -0.0000
vn 0.4257 -0.9048 -0.0000
vn -0.7925 -0.6098 -0.0000
vn -0.7656 0.6433 -0.0000
vn -0.8519 -0.5237 -0.0000
vn 0.2283 -0.9736 -0.0000
vn -0.9020 -0.4317 -0.0000
vn -0.6151 0.7885 -0.0000
vn -0.9422 -0.3351 -0.0000
vn 0.0209 -0.9998 -0.0000
vn -0.9721 -0.2348 -0.0000
vn -0.4377 0.8991 -0.0000
vn -0.9913 -0.1319 -0.0000
vn -0.1874 -0.9823 -0.0000
vn -0.9996 -0.0275 -0.0000
vn -0.2412 0.9705 -0.0000
vn -0.9970 0.0771 -0.0000
vn -0.3876 -0.9218 -0.0000
vn -0.9835 0.1809 -0.0000
vn -0.0342 0.9994 -0.0000
vn -0.9592 0.2827 -0.0000
vn -0.5708 -0.8211 -0.0000
vn -0.9244 0.3814 -0.0000
vn 0.1744 0.9847 -0.0000
vn -0.8795 0.4760 -0.0000
vn -0.7290 -0.6845 -0.0000
vn -0.8249 0.5653 -0.0000
vn 0.3753 0.9269 -0.0000
vn -0.7613 0.6484 -0.0000
vn -0.8554 -0.5180 -0.0000
vn -0.6893 0.7244 -0.0000
vn 0.5598 0.8286 -0.0000
vn -0.6098 0.7925 -0.0000
vn -0.9444 -0.3288 -0.0000
vn -0.5237 0.8519 -0.0000
vn 0.7198 0.6941 -0.0000
vn -0.4317 0.9020 -0.0000
vn -0.9921 -0.1253 -0.0000
vn -0.3351 0.9422 -0.0000
vn 0.8484 0.5293 -0.0000
vn -0.2348 0.9721 -0.0000
vn -0.9965 0.0837 -0.0000
vn -0.1319 0.9913 -0.0000
vn 0.9399 0.3413 -0.0000
vn -0.0275 0.9996 -0.0000
vn -0.9573 0.2891 -0.0000
vn 0.0771 0.9970 -0.0000
vn 0.9904 0.1385 -0.0000
vn 0.1809 0.9835 -0.0000
vn -0.8763 0.4818 -0.0000
vn 0.2827 0.9592 -0.0000
vn 0.9975 -0.0705 -0.0000
vn 0.3814 0.9244 -0.0000
vn -0.0000 -0.0000 1.0000
vn -0.4293 -0.9032 -0.0000
vn -0.4958 -0.8685 -0.0000
vn -0.7631 -0.6463 -0.0000
vn -0.8202 -0.5721 -0.0000
vn -0.9665 -0.2567 -0.0000
vn -0.9830 -0.1836 -0.0000
vn -0.9968 -0.0798 -0.0000
vn -1.0000 -0.0049 -0.0000
vn -0.9412 0.3377 -0.0000
vn -0.8698 0.4934 -0.0000
vn -0.7128 0.7014 -0.0000
vn -0.6505 0.7595 -0.0000
vn -0.5675 0.8234 -0.0000
vn -0.4954 0.8687 -0.0000
vn -0.2540 0.9672 -0.0000
vn -0.2541 0.9672 -0.0000
vn -0.1680 0.9858 -0.0000
vn 0.2029 0.9792 -0.0000
vn 0.2732 0.9620 -0.0000
vn 0.3440 0.9390 -0.0000
vn 0.4293 0.9032 -0.0000
vn 0.4958 0.8685 -0.0000
vn 0.7631 0.6462 -0.0000
vn 0.8202 0.5721 -0.0000
vn 0.9665 0.2567 -0.0000
vn 0.9830 0.1836 -0.0000
vn 0.9968 0.0798 -0.0000
vn 1.0000 0.0049 -0.0000
vn 0.9412 -0.3377 -0.0000
vn 0.9055 -0.4243 -0.0000
vn 0.7056 -0.7086 -0.0000
vn 0.6505 -0.7595 -0.0000
vn 0.5675 -0.8234 -0.0000
vn 0.5042 -0.8636 -0.0000
vn 0.1781 -0.9840 -0.0000
vn 0.0853 -0.9964 -0.0000
vn -0.2609 -0.9654 -0.0000
vn -0.3325 -0.9431 -0.0000
vn -0.8563 0.5165 -0.0000
vn -0.7937 0.6083 -0.0000
vn 0.2799 -0.9600 -0.0000
vn 0.3847 -0.9230 -0.0000
vn 0.0192 0.9998 -0.0000
vn 0.1300 0.9915 -0.0000
vn -0.6708 -0.7416 -0.0000
vn -0.6708 -0.7416 -0.0001
vn -0.6116 -0.7912 -0.0000
vn 0.8871 0.4616 -0.0000
vn 0.9231 0.3844 -0.0000
vn -0.9772 0.2123 -0.0000
vn -0.9910 0.1339 -0.0000
vn 0.8563 -0.5165 -0.0000
vn 0.7937 -0.6083 -0.0000
vn -0.2799 0.9600 -0.0000
vn -0.3847 0.9230 -0.0000
vn -0.0192 -0.9998 -0.0000
vn -0.1300 -0.9915 -0.0000
vn 0.6914 0.7224 -0.0000
vn 0.6070 0.7947 -0.0000
vn -0.8755 -0.4833 -0.0000
vn -0.9237 -0.3832 -0.0000
vn 0.9714 -0.2376 -0.0000
vn 0.9917 -0.1284 -0.0000
vn -0.5766 0.8170 -0.0000
vn -0.4574 0.8892 -0.0000
vn 0.6420 -0.7667 -0.0000
vn 0.7424 -0.6700 -0.0000
vn 0.4192 0.9079 -0.0000
vn 0.5414 0.8408 -0.0000
vn 0.1514 -0.1181 -0.9814
vn -0.3372 -0.9414 -0.0000
vn -0.2463 -0.9692 -0.0000
vn 0.9960 0.0892 -0.0000
vn 0.9999 -0.0147 -0.0000
vn -0.0266 -0.1901 -0.9814
vn -0.9839 -0.1787 -0.0000
vn -0.9625 -0.2713 -0.0000
vn 0.5752 -0.8180 -0.0000
vn 0.4872 -0.8733 -0.0000
vn -0.6420 0.7667 -0.0000
vn -0.7424 0.6700 -0.0000
vn -0.7424 0.6700 -0.0001
vn -0.4192 -0.9079 -0.0000
vn -0.5414 -0.8408 -0.0000
vn 0.3430 0.9393 -0.0000
vn 0.2090 0.9779 -0.0000
vn -0.9959 -0.0909 -0.0000
vn -0.9988 0.0485 -0.0000
vn 0.9850 0.1726 -0.0000
vn 0.9514 0.3079 -0.0000
vn 0.3538 0.3458 -0.8691
vn 0.3918 0.3015 -0.8692
vn 0.4248 0.2534 -0.8691
vn 0.4600 0.1862 -0.8682
vn 0.4800 0.0639 -0.8749
vn 0.4763 -0.1335 -0.8691
vn 0.4570 -0.1886 -0.8692
vn 0.4319 -0.2412 -0.8691
vn 0.3913 -0.3052 -0.8682
vn 0.2953 -0.3838 -0.8749
vn 0.1225 -0.4793 -0.8691
vn 0.0652 -0.4901 -0.8692
vn 0.0070 -0.4946 -0.8691
vn -0.0687 -0.4915 -0.8682
vn -0.1847 -0.4476 -0.8749
vn -0.3538 -0.3458 -0.8691
vn -0.3918 -0.3015 -0.8692
vn -0.4249 -0.2534 -0.8691
vn -0.4600 -0.1862 -0.8682
vn -0.4800 -0.0639 -0.8749
vn -0.4763 0.1335 -0.8691
vn -0.4570 0.1886 -0.8692
vn -0.4319 0.2412 -0.8691
vn -0.3913 0.3052 -0.8682
vn -0.2953 0.3838 -0.8749
vn -0.1226 0.4793 -0.8691
vn -0.0652 0.4901 -0.8692
vn -0.0070 0.4946 -0.8691
vn 0.0687 0.4915 -0.8682
vn 0.1847 0.4476 -0.8749
vn 0.0763 -0.1788 -0.9809
vn -0.1167 -0.1555 -0.9809
vn 0.2978 0.3969 -0.8682
vn 0.4927 -0.0595 -0.8682
vn -0.4927 0.0595 -0.8682
vn -0.1948 0.4564 -0.8682
vn -0.8426 -0.5385 -0.0000
vn -0.9727 0.2319 -0.0000
vn -0.0251 -0.9997 -0.0000
vn -0.7364 -0.6765 -0.0000
vn -0.8877 0.4605 -0.0000
vn -0.2856 0.9584 -0.0000
vn 0.8426 0.5385 -0.0000
vn 0.9727 -0.2319 -0.0000
vn 0.0251 0.9997 -0.0000
vn 0.7364 0.6765 -0.0000
vn 0.8877 -0.4605 -0.0000
vn 0.2856 -0.9584 -0.0000
vn 0.8783 0.4781 -0.0000
vn 0.9541 -0.2995 -0.0000
vn 0.0451 -0.9990 -0.0000
vn -0.6872 -0.7265 -0.0000
vn 0.8532 -0.5216 -0.0000
vn 0.2177 -0.9760 -0.0000
vn -0.6929 0.7211 -0.0000
vn 0.5195 -0.8545 -0.0000
vn 0.2780 0.9606 -0.0000
vn 0.9709 0.2395 -0.0000
vn 0.6929 -0.7211 -0.0000
vn -0.5195 0.8545 -0.0000
vn -0.2780 -0.9606 -0.0000
vn 0.4803 0.8771 -0.0000
vn -0.9709 -0.2395 -0.0000
vn 0.9997 0.0226 -0.0000
vn -0.1019 0.9948 -0.0000
vn 0.7738 0.6335 -0.0000
vn 0.8106 0.5856 -0.0000
vn 0.9355 -0.3533 -0.0000
vn -0.8106 -0.5856 -0.0000
vn -0.9355 0.3533 -0.0000
vn -0.9125 0.4092 -0.0000
vn -0.1617 0.9868 -0.0000
vn 0.1948 -0.4564 -0.8682
vn -0.2978 -0.3969 -0.8682
vn -0.8783 -0.4781 -0.0000
vn -0.9541 0.2995 -0.0000
vn -0.0451 0.9990 -0.0000
vn 0.6872 0.7265 -0.0000
vn 0.2321 0.9727 -0.0000
vn -0.4803 -0.8771 -0.0000
vn -0.9997 -0.0226 -0.0000
vn 0.9125 -0.4092 -0.0000
vn 0.1617 -0.9868 -0.0000
vn 0.1019 -0.9948 -0.0000
vn -0.7738 -0.6335 -0.0000
vn 0.0635 -0.0825 -0.9946
vn -0.0397 -0.0963 -0.9946
vn -0.8532 0.5216 -0.0000
vn -0.2177 0.9760 -0.0000
vt 0.236934 0.542808
vt 0.241507 0.521975
vt 0.258493 0.521975
vt 0.263066 0.542808
vt 0.246080 0.501141
vt 0.253920 0.501141
vt 0.202281 0.590501
vt 0.289102 0.525192
vt 0.305716 0.528723
vt 0.177664 0.444594
vt 0.297906 0.505764
vt 0.305575 0.507394
vt 0.322336 0.555406
vt 0.334988 0.538234
vt 0.350505 0.545143
vt 0.346209 0.566035
vt 0.347639 0.521062
vt 0.354801 0.524251
vt 0.361214 0.574698
vt 0.377159 0.560532
vt 0.390901 0.570516
vt 0.608333 0.500000
vt 0.393104 0.546365
vt 0.399447 0.550973
vt 0.858333 0.500000
vt 0.413773 0.591110
vt 0.425139 0.603733
vt 0.412717 0.621071
vt 0.432315 0.580568
vt 0.437561 0.586394
vt 0.422901 0.635088
vt 0.443229 0.628632
vt 0.451722 0.643342
vt 0.435967 0.657719
vt 0.463558 0.622176
vt 0.467478 0.628965
vt 0.519940 0.000000
vt 0.464241 0.671459
vt 0.469490 0.687614
vt 0.555060 0.500000
vt 0.485467 0.669370
vt 0.487890 0.676826
vt 0.454691 0.715348
vt 0.475888 0.717718
vt 0.477664 0.734611
vt 0.457423 0.741337
vt 0.497086 0.720089
vt 0.497905 0.727886
vt 0.457423 0.758663
vt 0.477664 0.765389
vt 0.475888 0.782282
vt 0.485467 0.830630
vt 0.497905 0.772115
vt 0.497086 0.779911
vt 0.464241 0.828541
vt 0.443014 0.826452
vt 0.467478 0.871035
vt 0.463558 0.877824
vt 0.435967 0.842281
vt 0.451722 0.856658
vt 0.443229 0.871368
vt 0.422901 0.864912
vt 0.413773 0.908890
vt 0.382355 0.909942
vt 0.425139 0.896267
vt 0.437561 0.913606
vt 0.390901 0.929484
vt 0.399447 0.949027
vt 0.346209 0.933965
vt 0.350505 0.954857
vt 0.377159 0.939468
vt 0.361214 0.925302
vt 0.354801 0.975749
vt 0.347639 0.978938
vt 0.305716 0.971277
vt 0.305575 0.992606
vt 0.334988 0.961766
vt 0.322336 0.944594
vt 0.297906 0.994236
vt 0.289102 0.974808
vt 0.246080 0.998859
vt 0.241507 0.978025
vt 0.258493 0.978025
vt 0.253920 0.998859
vt 0.210898 0.974808
vt 0.202094 0.994236
vt 0.177664 0.944594
vt 0.165012 0.961766
vt 0.194425 0.992606
vt 0.194283 0.971277
vt 0.152361 0.978938
vt 0.145199 0.975749
vt 0.138786 0.925302
vt 0.122841 0.939468
vt 0.149495 0.954857
vt 0.153791 0.933965
vt 0.850000 0.000000
vt 0.106896 0.953635
vt 0.086227 0.908890
vt 0.891667 0.500000
vt 0.100553 0.949027
vt 0.109099 0.929484
vt 0.067685 0.919432
vt 0.062439 0.913606
vt 0.077099 0.864912
vt 0.056771 0.871368
vt 0.074861 0.896267
vt 0.087283 0.878929
vt 0.036442 0.877824
vt 0.032522 0.871035
vt 0.035759 0.828541
vt 0.591667 0.500000
vt 0.048278 0.856658
vt 0.064033 0.842281
vt 0.900000 0.000000
vt 0.014533 0.830630
vt 0.045309 0.784652
vt 0.024112 0.782282
vt 0.012110 0.823174
vt 0.030511 0.812386
vt 0.002914 0.779911
vt 0.002095 0.772114
vt 0.042577 0.741337
vt 0.022336 0.734611
vt 0.022336 0.765389
vt 0.042577 0.758663
vt 0.766667 0.000000
vt 0.002095 0.727885
vt 0.030511 0.687614
vt 0.933333 0.000000
vt 0.002914 0.720089
vt 0.024112 0.717718
vt 0.012110 0.676826
vt 0.014533 0.669370
vt 0.064033 0.657719
vt 0.048278 0.643342
vt 0.035759 0.671459
vt 0.056986 0.673548
vt 0.032522 0.628965
vt 0.036442 0.622176
vt 0.074861 0.603733
vt 0.600000 0.000000
vt 0.056771 0.628632
vt 0.077099 0.635088
vt 0.808333 0.500000
vt 0.062439 0.586394
vt 0.117645 0.590058
vt 0.109099 0.570516
vt 0.067685 0.580568
vt 0.086227 0.591110
vt 0.100553 0.550973
vt 0.106896 0.546365
vt 0.153791 0.566035
vt 0.149495 0.545143
vt 0.122841 0.560532
vt 0.138786 0.574698
vt 0.516667 0.500000
vt 0.145199 0.524251
vt 0.194283 0.528723
vt 0.850000 0.500000
vt 0.152361 0.521062
vt 0.165012 0.538234
vt 0.194425 0.507394
vt 0.202094 0.505764
vt 0.500000 1.000000
vt 0.503218 1.000000
vt 0.210898 0.525192
vt 0.219703 0.544619
vt 0.506435 1.000000
vt 0.507618 1.000000
vt 0.516667 1.000000
vt 0.551667 0.500000
vt 0.510835 1.000000
vt 0.514053 1.000000
vt 0.606666 0.500000
vt 0.519884 1.000000
vt 0.527502 1.000000
vt 0.530720 1.000000
vt 0.523102 1.000000
vt 0.524284 1.000000
vt 0.533333 1.000000
vt 0.533333 0.500000
vt 0.536551 0.500000
vt 0.536551 1.000000
vt 0.539769 0.500000
vt 0.539769 1.000000
vt 0.540951 0.500000
vt 0.540951 1.000000
vt 0.544169 0.500000
vt 0.544169 1.000000
vt 0.547386 0.500000
vt 0.547386 1.000000
vt 0.550000 0.500000
vt 0.550000 1.000000
vt 0.553218 0.500000
vt 0.553218 1.000000
vt 0.556435 0.500000
vt 0.556435 1.000000
vt 0.557618 0.500000
vt 0.557618 1.000000
vt 0.560835 0.500000
vt 0.560835 1.000000
vt 0.564053 0.500000
vt 0.564053 1.000000
vt 0.566667 0.500000
vt 0.566667 1.000000
vt 0.569884 0.500000
vt 0.569884 1.000000
vt 0.573102 0.500000
vt 0.573102 1.000000
vt 0.574284 0.500000
vt 0.574284 1.000000
vt 0.577502 0.500000
vt 0.577502 1.000000
vt 0.580720 0.500000
vt 0.580720 1.000000
vt 0.583333 0.500000
vt 0.583333 1.000000
vt 0.586551 0.500000
vt 0.586551 1.000000
vt 0.589769 0.500000
vt 0.589769 1.000000
vt 0.590951 0.500000
vt 0.590951 1.000000
vt 0.594169 0.500000
vt 0.594169 1.000000
vt 0.597386 0.500000
vt 0.597386 1.000000
vt 0.600000 0.500000
vt 0.600000 1.000000
vt 0.603218 0.500000
vt 0.603218 1.000000
vt 0.606435 0.500000
vt 0.606435 1.000000
vt 0.607618 0.500000
vt 0.607618 1.000000
vt 0.610835 0.500000
vt 0.610835 1.000000
vt 0.614053 0.500000
vt 0.614053 1.000000
vt 0.616667 0.500000
vt 0.616667 1.000000
vt 0.619884 0.500000
vt 0.619884 1.000000
vt 0.623102 0.500000
vt 0.623102 1.000000
vt 0.624285 0.500000
vt 0.624285 1.000000
vt 0.627502 0.500000
vt 0.627502 1.000000
vt 0.630720 0.500000
vt 0.630720 1.000000
vt 0.633333 0.500000
vt 0.633333 1.000000
vt 0.636551 0.500000
vt 0.636551 1.000000
vt 0.639769 0.500000
vt 0.639769 1.000000
vt 0.640951 0.500000
vt 0.640951 1.000000
vt 0.644169 0.500000
vt 0.644169 1.000000
vt 0.647386 0.500000
vt 0.647386 1.000000
vt 0.650000 0.500000
vt 0.650000 1.000000
vt 0.653218 0.500000
vt 0.653218 1.000000
vt 0.656435 0.500000
vt 0.656435 1.000000
vt 0.657618 0.500000
vt 0.657618 1.000000
vt 0.660835 0.500000
vt 0.660835 1.000000
vt 0.664053 0.500000
vt 0.664053 1.000000
vt 0.666667 0.500000
vt 0.666667 1.000000
vt 0.669884 0.500000
vt 0.669884 1.000000
vt 0.673102 0.500000
vt 0.673102 1.000000
vt 0.674285 0.500000
vt 0.674285 1.000000
vt 0.677502 0.500000
vt 0.677502 1.000000
vt 0.680720 0.500000
vt 0.680720 1.000000
vt 0.683333 0.500000
vt 0.683333 1.000000
vt 0.686551 0.500000
vt 0.686551 1.000000
vt 0.689769 0.500000
vt 0.689769 1.000000
vt 0.690951 0.500000
vt 0.690951 1.000000
vt 0.694169 0.500000
vt 0.694169 1.000000
vt 0.697386 0.500000
vt 0.697386 1.000000
vt 0.700000 0.500000
vt 0.700000 1.000000
vt 0.703218 0.500000
vt 0.703218 1.000000
vt 0.706435 0.500000
vt 0.706435 1.000000
vt 0.707618 0.500000
vt 0.707618 1.000000
vt 0.710835 0.500000
vt 0.710835 1.000000
vt 0.714053 0.500000
vt 0.714053 1.000000
vt 0.716667 0.500000
vt 0.716667 1.000000
vt 0.719884 0.500000
vt 0.719884 1.000000
vt 0.723102 0.500000
vt 0.723102 1.000000
vt 0.724285 0.500000
vt 0.724285 1.000000
vt 0.727502 0.500000
vt 0.727502 1.000000
vt 0.730720 0.500000
vt 0.730720 1.000000
vt 0.733333 0.500000
vt 0.733333 1.000000
vt 0.736551 0.500000
vt 0.736551 1.000000
vt 0.739769 0.500000
vt 0.739769 1.000000
vt 0.740951 0.500000
vt 0.740951 1.000000
vt 0.744169 0.500000
vt 0.744169 1.000000
vt 0.747386 0.500000
vt 0.747386 1.000000
vt 0.750000 0.500000
vt 0.750000 1.000000
vt 0.753218 0.500000
vt 0.753218 1.000000
vt 0.756435 0.500000
vt 0.756435 1.000000
vt 0.757618 0.500000
vt 0.757618 1.000000
vt 0.760835 0.500000
vt 0.760835 1.000000
vt 0.764053 0.500000
vt 0.764053 1.000000
vt 0.766667 0.500000
vt 0.766667 1.000000
vt 0.769884 0.500000
vt 0.769884 1.000000
vt 0.773102 0.500000
vt 0.773102 1.000000
vt 0.774284 0.500000
vt 0.774284 1.000000
vt 0.777502 0.500000
vt 0.777502 1.000000
vt 0.780720 0.500000
vt 0.780720 1.000000
vt 0.783333 0.500000
vt 0.783333 1.000000
vt 0.786551 0.500000
vt 0.786551 1.000000
vt 0.789768 0.500000
vt 0.789768 1.000000
vt 0.790951 0.500000
vt 0.790951 1.000000
vt 0.794169 0.500000
vt 0.794169 1.000000
vt 0.797386 0.500000
vt 0.797386 1.000000
vt 0.800000 0.500000
vt 0.800000 1.000000
vt 0.803217 0.500000
vt 0.803217 1.000000
vt 0.806435 0.500000
vt 0.806435 1.000000
vt 0.807618 0.500000
vt 0.807618 1.000000
vt 0.810835 0.500000
vt 0.810835 1.000000
vt 0.814053 0.500000
vt 0.814053 1.000000
vt 0.816666 0.500000
vt 0.816666 1.000000
vt 0.819884 0.500000
vt 0.819884 1.000000
vt 0.823102 0.500000
vt 0.823102 1.000000
vt 0.824284 0.500000
vt 0.824284 1.000000
vt 0.827502 0.500000
vt 0.827502 1.000000
vt 0.830719 0.500000
vt 0.830719 1.000000
vt 0.833333 0.500000
vt 0.833333 1.000000
vt 0.836551 0.500000
vt 0.836551 1.000000
vt 0.839768 0.500000
vt 0.839768 1.000000
vt 0.840951 0.500000
vt 0.840951 1.000000
vt 0.844169 0.500000
vt 0.844169 1.000000
vt 0.847386 0.500000
vt 0.847386 1.000000
vt 0.850000 0.500000
vt 0.850000 1.000000
vt 0.853217 0.500000
vt 0.853217 1.000000
vt 0.856435 0.500000
vt 0.856435 1.000000
vt 0.857618 0.500000
vt 0.857618 1.000000
vt 0.860835 0.500000
vt 0.860835 1.000000
vt 0.864053 0.500000
vt 0.864053 1.000000
vt 0.866666 0.500000
vt 0.866666 1.000000
vt 0.869884 0.500000
vt 0.869884 1.000000
vt 0.873102 0.500000
vt 0.873102 1.000000
vt 0.874284 0.500000
vt 0.874284 1.000000
vt 0.877502 0.500000
vt 0.877502 1.000000
vt 0.880719 0.500000
vt 0.880719 1.000000
vt 0.883333 0.500000
vt 0.883333 1.000000
vt 0.886551 0.500000
vt 0.886551 1.000000
vt 0.889768 0.500000
vt 0.889768 1.000000
vt 0.890951 0.500000
vt 0.890951 1.000000
vt 0.894168 0.500000
vt 0.894168 1.000000
vt 0.897386 0.500000
vt 0.897386 1.000000
vt 0.900000 0.500000
vt 0.900000 1.000000
vt 0.903217 0.500000
vt 0.903217 1.000000
vt 0.906435 0.500000
vt 0.906435 1.000000
vt 0.907617 0.500000
vt 0.907617 1.000000
vt 0.910835 0.500000
vt 0.910835 1.000000
vt 0.914053 0.500000
vt 0.914053 1.000000
vt 0.916666 0.500000
vt 0.916666 1.000000
vt 0.919884 0.500000
vt 0.919884 1.000000
vt 0.923101 0.500000
vt 0.923101 1.000000
vt 0.924284 0.500000
vt 0.924284 1.000000
vt 0.927502 0.500000
vt 0.927502 1.000000
vt 0.930719 0.500000
vt 0.930719 1.000000
vt 0.933333 0.500000
vt 0.933333 1.000000
vt 0.936550 0.500000
vt 0.936550 1.000000
vt 0.939768 0.500000
vt 0.939768 1.000000
vt 0.940951 0.500000
vt 0.940951 1.000000
vt 0.944168 0.500000
vt 0.944168 1.000000
vt 0.947386 0.500000
vt 0.947386 1.000000
vt 0.950000 0.500000
vt 0.950000 1.000000
vt 0.953217 0.500000
vt 0.953217 1.000000
vt 0.956435 0.500000
vt 0.956435 1.000000
vt 0.957617 0.500000
vt 0.957617 1.000000
vt 0.960835 0.500000
vt 0.960835 1.000000
vt 0.964052 0.500000
vt 0.964052 1.000000
vt 0.966666 0.500000
vt 0.966666 1.000000
vt 0.969884 0.500000
vt 0.969884 1.000000
vt 0.973101 0.500000
vt 0.973101 1.000000
vt 0.974284 0.500000
vt 0.974284 1.000000
vt 0.977502 0.500000
vt 0.977502 1.000000
vt 0.980719 0.500000
vt 0.980719 1.000000
vt 0.983333 0.500000
vt 0.983333 1.000000
vt 0.986550 0.500000
vt 0.986550 1.000000
vt 0.989768 0.500000
vt 0.989768 1.000000
vt 0.990951 0.500000
vt 0.990951 1.000000
vt 0.994168 0.500000
vt 0.994168 1.000000
vt 0.997386 0.500000
vt 0.997386 1.000000
vt 1.000000 0.500000
vt 0.500000 0.500000
vt 1.000000 1.000000
vt 0.503218 0.500000
vt 0.236934 0.457192
vt 0.506435 0.500000
vt 0.241507 0.478025
vt 0.507618 0.500000
vt 0.246080 0.498859
vt 0.510835 0.500000
vt 0.253920 0.498859
vt 0.514053 0.500000
vt 0.258493 0.478025
vt 0.289102 0.474808
vt 0.519884 0.500000
vt 0.297906 0.494236
vt 0.523102 0.500000
vt 0.305575 0.492606
vt 0.524284 0.500000
vt 0.305716 0.471277
vt 0.527502 0.500000
vt 0.305858 0.449948
vt 0.530720 0.500000
vt 0.322336 0.444594
vt 0.334988 0.461766
vt 0.525000 0.500000
vt 0.377159 0.439468
vt 0.354801 0.475749
vt 0.347639 0.478938
vt 0.346209 0.433965
vt 0.350505 0.454857
vt 0.413773 0.408890
vt 0.395231 0.398349
vt 0.393104 0.453635
vt 0.202281 0.409499
vt 0.390901 0.429484
vt 0.399447 0.449027
vt 0.443229 0.371368
vt 0.422901 0.364912
vt 0.437561 0.413606
vt 0.432315 0.419432
vt 0.412717 0.378929
vt 0.425139 0.396267
vt 0.966667 0.000000
vt 0.464241 0.328541
vt 0.463558 0.377824
vt 0.971726 0.500000
vt 0.451722 0.356658
vt 0.467478 0.371035
vt 0.475888 0.282282
vt 0.454691 0.284652
vt 0.487890 0.323174
vt 0.485467 0.330630
vt 0.451089 0.301599
vt 0.469490 0.312386
vt 0.477664 0.234611
vt 0.497905 0.272114
vt 0.497086 0.279911
vt 0.457423 0.258663
vt 0.477664 0.265389
vt 0.469490 0.187614
vt 0.451089 0.198401
vt 0.497905 0.227886
vt 0.475888 0.217718
vt 0.497086 0.220089
vt 0.463558 0.122176
vt 0.467478 0.128965
vt 0.464241 0.171459
vt 0.485467 0.169370
vt 0.435967 0.157720
vt 0.443014 0.173548
vt 0.395231 0.101651
vt 0.413773 0.091110
vt 0.425139 0.103733
vt 0.443229 0.128632
vt 0.432315 0.080568
vt 0.437561 0.086394
vt 0.350505 0.045143
vt 0.346209 0.066035
vt 0.390901 0.070516
vt 0.382355 0.090058
vt 0.361214 0.074698
vt 0.399447 0.050973
vt 0.297906 0.005764
vt 0.305575 0.007394
vt 0.347639 0.021062
vt 0.354801 0.024251
vt 0.305716 0.028723
vt 0.334988 0.038234
vt 0.246080 0.001141
vt 0.253920 0.001141
vt 0.280297 0.044619
vt 0.289102 0.025192
vt 0.258493 0.021975
vt 0.263066 0.042808
vt 0.165012 0.038234
vt 0.177664 0.055406
vt 0.194425 0.007394
vt 0.241507 0.021975
vt 0.194142 0.050052
vt 0.194283 0.028723
vt 0.106896 0.046365
vt 0.122841 0.060532
vt 0.145199 0.024251
vt 0.152361 0.021062
vt 0.153791 0.066035
vt 0.149495 0.045143
vt 0.062439 0.086394
vt 0.067685 0.080568
vt 0.109099 0.070516
vt 0.100553 0.050973
vt 0.086227 0.091110
vt 0.104769 0.101651
vt 0.508333 0.500000
vt 0.036442 0.122176
vt 0.087283 0.121071
vt 0.074861 0.103733
vt 0.056771 0.128632
vt 0.077099 0.135088
vt 0.012110 0.176826
vt 0.014533 0.169370
vt 0.032522 0.128965
vt 0.941667 0.500000
vt 0.035759 0.171459
vt 0.048278 0.143342
vt 0.002095 0.227886
vt 0.002914 0.220089
vt 0.048911 0.198401
vt 0.030511 0.187614
vt 0.024112 0.217718
vt 0.045309 0.215348
vt 0.510635 0.500000
vt 0.002095 0.272115
vt 0.022336 0.234611
vt 0.593968 0.500000
vt 0.022336 0.265389
vt 0.042577 0.241337
vt 0.014533 0.330630
vt 0.012110 0.323174
vt 0.024112 0.282282
vt 0.002914 0.279911
vt 0.030511 0.312386
vt 0.048911 0.301599
vt 0.558333 0.000000
vt 0.032522 0.371035
vt 0.056986 0.326452
vt 0.035759 0.328541
vt 0.048278 0.356658
vt 0.064033 0.342280
vt 0.067685 0.419432
vt 0.062439 0.413606
vt 0.036442 0.377824
vt 0.981032 0.000000
vt 0.074861 0.396267
vt 0.056771 0.371368
vt 0.106896 0.453635
vt 0.100553 0.449027
vt 0.104769 0.398349
vt 0.086227 0.408890
vt 0.109099 0.429484
vt 0.117645 0.409942
vt 0.850000 0.000000
vt 0.145199 0.475749
vt 0.122841 0.439468
vt 0.149495 0.454857
vt 0.138786 0.425302
vt 0.202094 0.494236
vt 0.194425 0.492606
vt 0.165012 0.461766
vt 0.152361 0.478938
vt 0.194283 0.471277
vt 0.194142 0.449948
vt 0.523332 0.000000
vt 0.219703 0.455381
vt 0.210898 0.474808
vt 0.583333 0.500000
vt 0.575000 0.500000
vt 0.541667 0.500000
vt 0.933333 0.500000
vt 0.658333 0.500000
vt 0.650000 0.500000
vt 0.633333 0.500000
vt 0.625000 0.500000
vt 0.683333 0.500000
vt 0.708333 0.500000
vt 0.700000 0.500000
vt 0.800000 0.500000
vt 0.791667 0.500000
vt 0.741667 0.500000
vt 0.775000 0.500000
vt 0.825000 0.500000
vt 0.808333 0.000000
vt 0.941667 0.000000
vt 0.925000 0.000000
vt 0.886753 0.000000
vt 0.558333 0.500000
vt 0.938246 0.500000
vt 0.900000 0.500000
vt 0.803420 0.000000
vt 0.325665 0.601499
vt 0.950000 0.500000
vt 0.340773 0.610222
vt 0.808340 0.000000
vt 0.379524 0.645113
vt 0.933326 0.500000
vt 0.517648 -0.000000
vt 0.401745 0.818380
vt 0.504524 -0.000000
vt 0.508333 0.000000
vt 0.398501 0.825665
vt 0.525000 0.000000
vt 0.354887 0.879524
vt 0.533333 0.000000
vt 0.340773 0.889778
vt 0.541667 0.000000
vt 0.325665 0.898501
vt 0.704425 0.228574
vt 0.584411 0.716328
vt 0.137525 0.870238
vt 0.601000 0.000000
vt 0.602038 0.000000
vt 0.135112 0.868065
vt 0.116603 0.849556
vt 0.611481 0.000000
vt 0.616667 0.000000
vt 0.110222 0.840773
vt 0.625000 0.000000
vt 0.085385 0.776072
vt 0.083562 0.758723
vt 0.767648 -0.000000
vt 0.975000 0.500000
vt 0.850955 0.500000
vt 0.691667 0.000000
vt 0.854913 0.500000
vt 0.700000 0.000000
vt 0.159227 0.610222
vt 0.708333 0.000000
vt 0.174335 0.601499
vt 0.849993 0.500000
vt 0.223928 0.585385
vt 0.970087 0.500000
vt 0.927775 -0.000000
vt 0.975007 0.000000
vt 0.846319 0.500000
vt 0.791667 0.000000
vt 0.843968 0.000000
vt 0.800000 0.000000
vt 0.405597 0.190272
vt 0.825000 0.000000
vt 0.398501 0.174335
vt 0.367851 0.132149
vt 0.410988 0.793136
vt 0.519940 0.500000
vt 0.417284 0.223356
vt 0.908333 0.000000
vt 0.854913 0.000000
vt 0.916667 0.000000
vt 0.174335 0.101499
vt 0.120476 0.145113
vt 0.110222 0.159227
vt 0.089012 0.206864
vt 0.180876 0.598587
vt 0.194142 0.550052
vt 0.206863 0.589012
vt 0.550000 0.000000
vt 0.187108 0.415383
vt 0.085385 0.223928
vt 0.180876 0.401413
vt 0.153791 0.433965
vt 0.083562 0.241277
vt 0.094403 0.309728
vt 0.691667 0.500000
vt 0.883333 0.000000
vt 0.101499 0.325665
vt 0.132149 0.367851
vt 0.516667 0.000000
vt 0.805060 0.500000
vt 0.145113 0.379524
vt 0.608333 0.000000
vt 0.603274 0.000000
vt 0.159227 0.389778
vt 0.223928 0.414615
vt 0.517559 0.156342
vt 0.391869 0.183338
vt 0.581753 0.019133
vt 0.629524 0.271426
vt 0.520054 0.580837
vt 0.545476 0.228573
vt 0.683544 0.004742
vt 0.778685 0.221093
vt 0.783333 0.000000
vt 0.866667 0.500000
vt 0.617689 0.592819
vt 0.700730 0.271914
vt 0.775000 0.000000
vt 0.875000 0.000000
vt 0.750666 0.427911
vt 0.874999 0.311156
vt 0.883333 0.500000
vt 0.853274 0.000000
vt 0.566667 0.000000
vt 0.888393 0.500000
vt 0.936607 0.000000
vt 0.858333 0.000000
vt 0.950000 0.000000
vt 0.758333 0.500000
vt 0.816667 0.000000
vt 0.983333 0.000000
vt 0.925000 0.500000
vt 0.866667 0.000000
vt 0.958333 0.500000
vt 0.958333 0.000000
vt 0.760635 0.500000
vt 0.814365 0.000000
vt 0.897698 0.000000
vt 0.875000 0.500000
vt 0.966667 0.500000
vt 0.741667 0.500000
vt 0.683333 0.000000
vt 0.891667 0.500000
vt 0.891667 0.000000
vt 0.975000 0.000000
vt 0.975000 0.000000
vt 0.808333 0.000000
vt 0.523332 0.500000
vt 0.801667 0.500000
vt 0.551667 0.000000
vt 0.606666 0.000000
vt 0.773333 0.500000
vt 0.891674 0.000000
vt 0.833333 0.500000
vt 1.000000 0.000000
vt 0.241277 0.583562
vt 0.309728 0.594403
vt 0.801667 0.000000
vt 0.933333 0.500000
vt 0.971726 0.000000
vt 0.389778 0.659227
vt 0.557378 -0.000000
vt 0.927302 0.000000
vt 0.600000 0.500000
vt 0.414615 0.723928
vt 0.983333 0.500000
vt 0.416438 0.741277
vt 0.991667 0.500000
vt 0.416438 0.758723
vt 0.258723 0.583562
vt 0.717409 0.221094
vt 0.460668 0.097499
vt 0.308024 0.475886
vt 0.692078 0.517850
vt 0.382599 0.767734
vt 0.293345 0.604758
vt 0.309728 0.905597
vt 0.634341 0.679349
vt 0.900635 0.500000
vt 0.263515 0.584065
vt 0.833621 0.500000
vt 0.286133 0.587524
vt 0.856666 0.000000
vt 0.258723 0.916438
vt 0.286133 0.412476
vt 0.575000 0.000000
vt 0.263515 0.415935
vt 0.190272 0.905597
vt 0.263066 0.457192
vt 0.583333 0.000000
vt 0.258723 0.416438
vt 0.174335 0.898501
vt 0.382355 0.590058
vt 0.587865 0.000001
vt 0.549211 0.113181
vt 0.390793 0.535499
vt 0.299952 0.495012
vt 0.193825 0.838926
vt 0.322923 0.649180
vt 0.083562 0.741277
vt 0.807378 -0.000000
vt 0.938247 0.000000
vt 0.364270 0.628925
vt 0.600955 0.500000
vt 0.633333 0.000000
vt 0.658333 0.000000
vt 0.395231 0.601651
vt 0.094403 0.690272
vt 0.367851 0.632149
vt 0.666667 0.000000
vt 0.367851 0.367851
vt 0.101499 0.674335
vt 0.382355 0.409942
vt 0.675000 0.000000
vt 0.361780 0.387158
vt 0.145113 0.620476
vt 0.885001 0.000000
vt 0.890685 0.500000
vt 0.981032 0.500000
vt 0.890711 -0.000000
vt 0.555060 0.000000
vt 0.241277 0.416438
vt 0.566645 -0.000000
vt 0.364270 0.371075
vt 0.974019 0.500000
vt 0.750000 0.000000
vt 0.758333 0.000000
vt 0.346566 0.385570
vt 0.325665 0.398501
vt 0.361214 0.425302
vt 0.340773 0.389778
vt 0.379524 0.354887
vt 0.398501 0.674335
vt 0.443014 0.673548
vt 0.416438 0.258723
vt 0.939999 0.500000
vt 0.929653 0.500000
vt 0.970087 0.000000
vt 0.891911 -0.000000
vt 0.853274 0.500000
vt 0.325665 0.101499
vt 0.454691 0.215348
vt 0.693446 0.500000
vt 0.414987 0.686075
vt 0.414900 0.773357
vt 0.833333 0.000000
vt 0.841667 0.000000
vt 0.400461 0.678737
vt 0.258723 0.083562
vt 0.408775 0.700054
vt 0.451089 0.698401
vt 0.206863 0.089012
vt 0.410988 0.706864
vt 0.443014 0.326452
vt 0.190272 0.094403
vt 0.939999 0.000000
vt 0.414900 0.226643
vt 0.457423 0.241337
vt 0.805060 0.000000
vt 0.798221 0.000000
vt 0.516659 0.500000
vt 0.510635 0.000000
vt 0.414987 0.313925
vt 0.933333 0.500000
vt 0.400461 0.321263
vt 0.435967 0.342281
vt 0.398501 0.325665
vt 0.241277 0.916438
vt 0.222867 0.924845
vt 0.558340 0.000000
vt 0.944021 0.000000
vt 0.564365 0.500000
vt 0.936607 0.500000
vt 0.580358 0.500000
vt 0.553420 0.000000
vt 0.236485 0.915935
vt 0.213867 0.912476
vt 0.553420 0.500000
vt 0.194142 0.949948
vt 0.206863 0.910988
vt 0.219703 0.044619
vt 0.222867 0.075155
vt 0.213867 0.087524
vt 0.274985 0.488776
vt 0.245981 0.183887
vt 0.232473 0.081440
vt 0.272258 0.510607
vt 0.245647 0.158190
vt 0.603274 0.500000
vt 0.813462 0.500000
vt 0.660150 0.620781
vt 0.117645 0.909942
vt 0.865715 0.500000
vt 0.138220 0.887158
vt 0.241277 0.083562
vt 0.153434 0.885570
vt 0.135730 0.871075
vt 0.104769 0.898349
vt 0.132149 0.867851
vt 0.132149 0.132149
vt 0.332178 0.549454
vt 0.170560 0.203369
vt 0.121918 0.319223
vt 0.321303 0.553612
vt 0.183378 0.221559
vt 0.577975 0.000000
vt 0.810564 0.000000
vt 0.674160 0.033715
vt 0.153434 0.114430
vt 0.908269 0.500000
vt 0.138786 0.074698
vt 0.135730 0.128925
vt 0.159227 0.110222
vt 0.101499 0.825665
vt 0.056986 0.826452
vt 0.085013 0.813925
vt 0.584723 0.000000
vt 0.604913 0.500000
vt 0.599993 0.500000
vt 0.911309 0.000000
vt 0.830358 0.500000
vt 0.604913 0.000000
vt 0.099539 0.821263
vt 0.091225 0.799946
vt 0.593968 0.000000
vt 0.048911 0.801599
vt 0.089012 0.793136
vt 0.056986 0.173548
vt 0.085013 0.186075
vt 0.803420 0.500000
vt 0.766659 0.500000
vt 0.760635 0.000000
vt 0.888393 0.000000
vt 0.827975 0.000000
vt 0.814365 0.500000
vt 0.091225 0.200054
vt 0.872162 0.000000
vt 0.099539 0.178737
vt 0.064033 0.157719
vt 0.101499 0.174335
vt 0.045309 0.715348
vt 0.075328 0.721774
vt 0.800302 0.000000
vt 0.968334 0.000000
vt 0.913691 0.500000
vt 0.771580 0.000000
vt 0.633333 0.000000
vt 0.639897 0.000000
vt 0.293136 0.089012
vt 0.322336 0.055406
vt 0.142702 0.113310
vt 0.203622 0.101190
vt 0.201788 0.298292
vt 0.292142 0.038388
vt 0.422901 0.135088
vt 0.389778 0.159227
vt 0.381494 0.852175
vt 0.377698 0.856916
vt 0.088011 0.711577
vt 0.084310 0.734157
vt 0.048911 0.698401
vt 0.089012 0.706863
vt 0.521580 0.000000
vt 0.089012 0.293137
vt 0.045309 0.284652
vt 0.075328 0.278226
vt 0.088011 0.288424
vt 0.084310 0.265843
vt 0.042577 0.258663
vt 0.083562 0.258723
vt 0.110222 0.659227
vt 0.087283 0.621071
vt 0.112146 0.639080
vt 0.113054 0.655329
vt 0.127358 0.637470
vt 0.104769 0.601651
vt 0.132149 0.632149
vt 0.087283 0.378929
vt 0.112146 0.360920
vt 0.127358 0.362530
vt 0.113054 0.344671
vt 0.771580 0.500000
vt 0.077099 0.364912
vt 0.110222 0.340773
vt 0.177664 0.555406
vt 0.187108 0.584617
vt 0.968334 0.500000
vt 0.412717 0.121071
vt 0.381735 0.143512
vt 0.669929 0.374828
vt 0.635534 0.432959
vt 0.663184 0.608382
vt 0.663724 0.539820
vt 0.293136 0.910988
vt 0.305858 0.050052
vt 0.293859 0.086799
vt 0.389778 0.840773
vt 0.206863 0.410988
vt 0.174335 0.398501
vt 0.600981 -0.000000
vt 0.841667 0.500000
vt 0.934289 0.500000
vt 0.564365 0.000000
vt 0.974045 -0.000000
vt 0.927302 0.500000
vt 0.454691 0.784652
vt 0.413918 0.779351
vt 0.416438 0.241277
vt 0.773333 0.000000
vt 0.412717 0.878929
vt 0.305858 0.949948
vt 0.377698 0.143084
vt 0.675354 0.377305
vt 0.664242 0.390670
vt 0.309728 0.094403
vt 0.280297 0.955381
vt 0.725000 0.500000
vt 0.395231 0.898349
vt 0.725000 0.000000
vt 0.716667 0.000000
vt 0.723231 0.000000
vt 0.684202 0.500000
vt 0.683333 0.500000
vt 0.678120 0.500000
vt 0.684202 0.000000
vt 0.646880 0.000000
vt 0.767536 0.500000
vt 0.469489 0.812386
vt 0.304884 0.437727
vt 0.285021 0.411841
vt 0.296324 0.409953
vt 0.487890 0.823173
vt 0.309729 0.405598
vt 0.624999 0.000001
vt 0.451722 0.143342
vt 0.613457 0.476241
vt 0.625000 0.403938
vt 0.623696 0.421751
vt 0.487890 0.176826
vt 0.616666 0.000000
vt 0.709462 0.421753
vt 0.843968 0.500000
vt 0.521580 0.500000
vt 0.389778 0.340773
vt 0.432315 0.919432
vt 0.412408 0.334857
vt 0.406913 0.302289
vt 0.411555 0.290467
vt 0.393104 0.953635
vt 0.377159 0.060532
vt 0.414615 0.276074
vt 0.708337 0.000009
vt 0.678494 0.004032
vt 0.393104 0.046365
vt 0.701303 0.078246
vt 0.699999 0.096060
vt 0.354887 0.120476
vt 0.263066 0.957192
vt 0.349670 0.168017
vt 0.236934 0.957192
vt 0.340773 0.110223
vt 0.210898 0.025192
vt 0.783333 0.499999
vt 0.791666 0.499998
vt 0.202094 0.005764
vt 0.750308 0.000329
vt 0.517622 0.500000
vt 0.557352 0.500000
vt 0.865363 0.000000
vt 0.767622 0.500000
vt 0.807352 0.500000
vt 0.706564 0.500000
vt 0.850981 -0.000000
vt 0.908333 0.500000
vt 0.934315 -0.000000
vt 0.966667 0.000000
vt 0.558505 0.500000
vt 0.958333 0.000000
vt 0.596319 0.500000
vt 0.791667 0.000000
vt 0.810595 -0.000000
vt 0.844178 0.000000
vt 0.417284 0.776644
vt 0.958333 0.499999
vt 0.451089 0.801599
vt 0.823975 0.500000
vt 0.410988 0.206863
vt 0.767846 0.479728
vt 0.413918 0.220649
vt 0.408777 0.299947
vt 0.684637 0.500000
vt 0.815285 0.500000
vt 0.381735 0.856488
vt 0.679517 0.030237
vt 0.367851 0.867851
vt 0.718849 0.052138
vt 0.381494 0.147825
vt 0.293859 0.913201
vt 0.951738 0.500000
vt 0.276072 0.914615
vt 0.277135 0.424846
vt 0.276072 0.085385
vt 0.827589 0.492163
vt 0.640363 0.000000
vt 0.823578 0.546143
vt 0.529524 0.271426
vt 0.410391 0.787174
vt 0.266088 0.580198
vt 0.625000 0.221094
vt 0.876607 0.278907
vt 0.575794 0.278907
vt 0.743334 0.271426
vt 0.711480 0.188845
vt 0.628473 0.156501
vt 0.871852 0.311155
vt 0.719141 0.009003
vt 0.871333 0.280011
vt 0.230138 0.055983
vt 0.368037 0.599808
vt 0.136431 0.118530
vt 0.500000 0.000000
vt 0.405597 0.809728
vt 0.897698 0.500000
vt 0.891667 0.500000
vt 0.120476 0.854887
vt 0.280297 0.544619
vt 0.277133 0.575155
vt 0.361780 0.612842
vt 0.346566 0.614430
vt 0.856666 0.500000
vt 0.886753 0.500000
vt 0.236485 0.084065
vt 0.236934 0.042808
vt 0.885001 0.500000
vt 0.117645 0.090058
vt 0.138220 0.112842
vt 0.708333 0.188845
vt 0.542312 0.046919
vt 0.406601 0.804668
vt 0.405592 0.809738
vt 0.885808 0.437912
vt 0.897330 0.500257
vt 0.840523 0.535822
vt 0.860213 0.500000
vt 0.725132 0.426304
vt 0.240349 0.088038
vt 0.236399 0.100749
vt 0.894122 0.500000
vt 0.734338 0.503147
vt 0.155922 0.155459
vt 0.148746 0.108731
vt 0.708333 0.219989
vt 0.866667 0.228085
vt 0.166119 0.893757
vt 0.591667 0.000000
vt 0.159227 0.889778
vt 0.589706 0.003202
vt 0.160204 0.889837
vt 0.159700 0.888827
s 1
usemtl blinn10.001
f 1/1/1 2/2/1 5/3/1 6/4/1
f 2/2/1 3/5/1 4/6/1 5/3/1
f 7/7/1 8/8/1 11/9/1 12/10/1
f 8/8/1 9/11/1 10/12/1 11/9/1
f 13/13/1 14/14/1 17/15/1 18/16/1
f 14/14/1 15/17/1 16/18/1 17/15/1
f 19/19/1 20/20/1 23/21/1 24/22/1
f 20/20/1 21/23/1 22/24/1 23/21/1
f 25/25/1 26/26/1 29/27/1 30/28/1
f 26/26/1 27/29/1 28/30/1 29/27/1
f 31/31/1 32/32/1 35/33/1 36/34/1
f 32/32/1 33/35/1 34/36/1 35/33/1
f 37/37/1 38/38/1 41/39/1 42/40/1
f 38/38/1 39/41/1 40/42/1 41/39/1
f 43/43/1 44/44/1 47/45/1 48/46/1
f 44/44/1 45/47/1 46/48/1 47/45/1
f 49/49/1 50/50/1 53/51/1 54/52/1
f 50/50/1 51/53/1 52/54/1 53/51/1
f 55/55/1 56/56/1 59/57/1 60/58/1
f 56/56/1 57/59/1 58/60/1 59/57/1
f 61/61/1 62/62/1 65/63/1 66/64/1
f 62/62/1 63/65/1 64/66/1 65/63/1
f 67/67/1 68/68/1 71/69/1 72/70/1
f 68/68/1 69/71/1 70/72/1 71/69/1
f 73/73/1 74/74/1 77/75/1 78/76/1
f 74/74/1 75/77/1 76/78/1 77/75/1
f 79/79/1 80/80/1 83/81/1 84/82/1
f 80/80/1 81/83/1 82/84/1 83/81/1
f 85/85/1 86/86/1 89/87/1 90/88/1
f 86/86/1 87/89/1 88/90/1 89/87/1
f 91/91/1 92/92/1 95/93/1 96/94/1
f 92/92/1 93/95/1 94/96/1 95/93/1
f 97/97/1 98/98/1 101/99/1 102/100/1
f 98/98/1 99/101/1 100/102/1 101/99/1
f 103/103/1 104/104/1 107/105/1 108/106/1
f 104/104/1 105/107/1 106/108/1 107/105/1
f 109/109/1 110/110/1 113/111/1 114/112/1
f 110/110/1 111/113/1 112/114/1 113/111/1
f 115/115/1 116/116/1 119/117/1 120/118/1
f 116/116/1 117/119/1 118/120/1 119/117/1
f 121/121/1 122/122/1 125/123/1 126/124/1
f 122/122/1 123/125/1 124/126/1 125/123/1
f 127/127/1 128/128/1 131/129/1 132/130/1
f 128/128/1 129/131/1 130/132/1 131/129/1
f 133/133/1 134/134/1 137/135/1 138/136/1
f 134/134/1 135/137/1 136/138/1 137/135/1
f 139/139/1 140/140/1 143/141/1 144/142/1
f 140/140/1 141/143/1 142/144/1 143/141/1
f 145/145/1 146/146/1 149/147/1 150/148/1
f 146/146/1 147/149/1 148/150/1 149/147/1
f 151/151/1 152/152/1 155/153/1 156/154/1
f 152/152/1 153/155/1 154/156/1 155/153/1
f 157/157/1 158/158/1 161/159/1 162/160/1
f 158/158/1 159/161/1 160/162/1 161/159/1
f 163/163/1 164/164/1 167/165/1 168/166/1
f 164/164/1 165/167/1 166/168/1 167/165/1
f 169/169/1 170/170/1 173/171/1 174/172/1
f 170/170/1 171/173/1 172/174/1 173/171/1
f 175/175/1 176/176/1 179/177/1 180/178/1
f 176/176/1 177/179/1 178/180/1 179/177/1
f 186/542/122 185/543/122 182/544/122 181/545/122
f 185/543/122 184/546/122 183/547/122 182/544/122
f 192/548/122 191/549/122 188/550/122 187/551/122
f 191/549/122 190/552/122 189/553/122 188/550/122
f 198/554/122 197/555/122 194/556/122 193/557/122
f 197/555/122 196/558/122 195/559/122 194/556/122
f 204/560/122 203/561/122 200/562/122 199/563/122
f 203/561/122 202/564/122 201/565/122 200/562/122
f 210/566/122 209/567/122 206/568/122 205/569/122
f 209/567/122 208/570/122 207/571/122 206/568/122
f 216/145/122 215/572/122 212/573/122 211/574/122
f 215/572/122 214/575/122 213/576/122 212/573/122
f 222/577/122 221/578/122 218/579/122 217/142/122
f 221/578/122 220/580/122 219/581/122 218/579/122
f 228/582/122 227/583/122 224/584/122 223/585/122
f 227/583/122 226/586/122 225/587/122 224/584/122
f 234/588/122 233/589/122 230/590/122 229/591/122
f 233/589/122 232/592/122 231/593/122 230/590/122
f 240/594/122 239/595/122 236/596/122 235/597/122
f 239/595/122 238/598/122 237/599/122 236/596/122
f 246/600/122 245/601/122 242/602/122 241/603/122
f 245/601/122 244/604/122 243/605/122 242/602/122
f 252/606/122 251/607/122 248/608/122 247/609/122
f 251/607/122 250/610/122 249/611/122 248/608/122
f 258/612/122 257/613/122 254/614/122 253/615/122
f 257/613/122 256/616/122 255/617/122 254/614/122
f 264/618/122 263/619/122 260/620/122 259/621/122
f 263/619/122 262/622/122 261/623/122 260/620/122
f 270/624/122 269/625/122 266/626/122 265/627/122
f 269/625/122 268/628/122 267/629/122 266/626/122
f 276/630/122 275/631/122 272/632/122 271/633/122
f 275/631/122 274/634/122 273/635/122 272/632/122
f 282/636/122 281/637/122 278/638/122 277/639/122
f 281/637/122 280/640/122 279/641/122 278/638/122
f 288/642/122 287/643/122 284/644/122 283/645/122
f 287/643/122 286/646/122 285/647/122 284/644/122
f 294/648/122 293/649/122 290/650/122 289/651/122
f 293/649/122 292/652/122 291/653/122 290/650/122
f 300/654/122 299/655/122 296/656/122 295/657/122
f 299/655/122 298/658/122 297/659/122 296/656/122
f 306/660/122 305/661/122 302/662/122 301/663/122
f 305/661/122 304/664/122 303/665/122 302/662/122
f 312/666/122 311/667/122 308/668/122 307/669/122
f 311/667/122 310/670/122 309/671/122 308/668/122
f 318/672/122 317/673/122 314/674/122 313/675/122
f 317/673/122 316/676/122 315/677/122 314/674/122
f 324/678/122 323/679/122 320/680/122 319/130/122
f 323/679/122 322/681/122 321/682/122 320/680/122
f 330/683/122 329/684/122 326/685/122 325/686/122
f 329/684/122 328/687/122 327/688/122 326/685/122
f 336/689/122 335/182/122 332/690/122 331/691/122
f 335/182/122 334/542/122 333/518/122 332/690/122
f 342/692/122 341/693/122 338/694/122 337/695/122
f 341/693/122 340/205/122 339/193/122 338/694/122
f 348/696/122 347/697/122 344/241/122 343/22/122
f 347/697/122 346/698/122 345/699/122 344/241/122
f 354/700/122 353/313/122 350/277/122 349/145/122
f 353/313/122 352/701/122 351/702/122 350/277/122
f 360/703/122 359/704/122 356/337/122 355/705/122
f 359/704/122 358/361/122 357/706/122 356/337/122
f 361/777/1 1/1/1 6/4/1 362/778/1
f 362/778/1 6/4/1 7/7/1 586/779/1 585/780/1
f 409/781/122 186/542/122 181/545/122 408/727/122
f 363/782/1 12/10/1 13/13/1 364/783/1
f 410/182/122 192/548/122 187/551/122 590/784/122 589/785/122
f 411/729/122 193/557/122 192/548/122 410/182/122
f 364/783/1 13/13/1 18/16/1 365/786/1
f 365/786/1 18/16/1 19/19/1 366/787/1
f 412/694/122 198/554/122 193/557/122 411/729/122
f 413/542/122 199/563/122 198/554/122 412/694/122
f 366/787/1 19/19/1 24/22/1 595/788/1 594/706/1
f 414/639/122 205/569/122 204/560/122 601/542/122 600/157/122
f 367/789/1 25/25/1 30/28/1 368/790/1
f 368/790/1 30/28/1 31/31/1 369/791/1
f 415/731/122 210/566/122 205/569/122 414/639/122
f 416/193/122 211/574/122 210/566/122 415/731/122
f 369/791/1 31/31/1 36/34/1 370/792/1
f 370/792/1 36/34/1 37/37/1 606/560/1 605/229/1
f 417/793/122 216/145/122 211/574/122 416/193/122
f 371/22/1 42/40/1 43/43/1 372/794/1
f 418/795/122 222/577/122 217/142/122 610/796/122 609/781/122
f 419/241/122 223/585/122 222/577/122 418/795/122
f 372/794/1 43/43/1 48/46/1 373/797/1
f 373/797/1 48/46/1 49/49/1 374/798/1
f 420/741/122 228/582/122 223/585/122 419/241/122
f 421/699/122 229/591/122 228/582/122 420/741/122
f 374/798/1 49/49/1 54/52/1 829/799/1 828/800/1
f 422/698/122 235/597/122 234/588/122 835/801/122 834/802/122
f 375/182/1 55/55/1 60/58/1 376/729/1
f 376/729/1 60/58/1 61/61/1 377/694/1
f 423/749/122 240/594/122 235/597/122 422/698/122
f 424/753/122 241/603/122 240/594/122 423/749/122
f 377/694/1 61/61/1 66/64/1 378/731/1
f 378/731/1 66/64/1 67/67/1 840/803/1 839/804/1
f 425/313/122 246/600/122 241/603/122 424/753/122
f 379/795/1 72/70/1 73/73/1 380/241/1
f 426/361/122 252/606/122 247/609/122 844/805/122 843/806/122
f 427/807/122 253/615/122 252/606/122 426/361/122
f 380/241/1 73/73/1 78/76/1 381/698/1
f 381/698/1 78/76/1 79/79/1 382/749/1
f 428/704/122 258/612/122 253/615/122 427/807/122
f 429/808/122 259/621/122 258/612/122 428/704/122
f 382/749/1 79/79/1 84/82/1 905/809/1 904/810/1
f 383/313/1 90/88/1 91/91/1 384/811/1
f 430/812/122 270/624/122 265/627/122 851/813/122 854/814/122
f 431/815/122 271/633/122 270/624/122 430/812/122
f 384/811/1 91/91/1 96/94/1 385/25/1
f 385/25/1 96/94/1 97/97/1 616/816/1 615/763/1
f 432/817/122 276/630/122 271/633/122 431/815/122
f 386/818/1 102/100/1 103/103/1 387/761/1
f 433/709/122 282/636/122 277/639/122 620/130/122 619/819/122
f 434/717/122 283/645/122 282/636/122 433/709/122
f 387/761/1 103/103/1 108/106/1 388/703/1
f 388/703/1 108/106/1 109/109/1 389/820/1
f 435/821/122 288/642/122 283/645/122 434/717/122
f 436/142/122 289/651/122 288/642/122 435/821/122
f 389/820/1 109/109/1 114/112/1 625/822/1 624/823/1
f 437/824/122 295/657/122 294/648/122 631/792/122 630/712/122
f 390/825/1 115/115/1 120/118/1 391/808/1
f 391/808/1 120/118/1 121/121/1 392/826/1
f 438/827/122 300/654/122 295/657/122 437/824/122
f 439/828/122 301/663/122 300/654/122 438/827/122
f 392/826/1 121/121/1 126/124/1 393/829/1
f 393/829/1 126/124/1 127/127/1 636/830/1 635/831/1
f 440/229/122 306/660/122 301/663/122 439/828/122
f 394/747/1 132/130/1 133/133/1 395/832/1
f 441/833/122 312/666/122 307/669/122 640/157/122 639/792/122
f 442/834/122 313/675/122 312/666/122 441/833/122
f 395/832/1 133/133/1 138/136/1 396/812/1
f 396/812/1 138/136/1 139/139/1 397/815/1
f 443/182/122 318/672/122 313/675/122 442/834/122
f 444/747/122 319/130/122 318/672/122 443/182/122
f 397/815/1 139/139/1 144/142/1 645/835/1 644/349/1
f 445/160/122 325/686/122 324/678/122 651/836/122 650/837/122
f 398/708/1 145/145/1 150/148/1 399/709/1
f 399/709/1 150/148/1 151/151/1 400/717/1
f 446/694/122 330/683/122 325/686/122 445/160/122
f 447/193/122 331/691/122 330/683/122 446/694/122
f 400/717/1 151/151/1 156/154/1 401/838/1
f 401/838/1 156/154/1 157/157/1 656/839/1 655/229/1
f 448/712/122 336/689/122 331/691/122 447/193/122
f 402/840/1 162/160/1 163/163/1 403/821/1
f 449/22/122 342/692/122 337/695/122 660/837/122 659/841/122
f 450/241/122 343/22/122 342/692/122 449/22/122
f 403/821/1 163/163/1 168/166/1 404/827/1
f 404/827/1 168/166/1 169/169/1 405/828/1
f 451/699/122 348/696/122 343/22/122 450/241/122
f 452/842/122 349/145/122 348/696/122 451/699/122
f 405/828/1 169/169/1 174/172/1 665/660/1 664/843/1
f 453/844/122 355/705/122 354/700/122 671/845/122 670/127/122
f 406/142/1 175/175/1 180/178/1 407/833/1
f 407/833/1 180/178/1 1/1/1 361/777/1
f 454/698/122 360/703/122 355/705/122 453/844/122
f 408/727/122 181/545/122 360/703/122 454/698/122
f 410/821/122 589/142/122 588/846/122 679/712/122 678/660/122 456/788/122
f 363/847/1 364/25/1 457/702/1 455/708/1
f 411/848/122 410/821/122 456/788/122 458/701/122
f 364/25/1 365/832/1 459/313/1 457/702/1
f 412/849/122 411/848/122 458/701/122 460/706/122
f 365/832/1 366/815/1 461/361/1 459/313/1
f 413/850/122 412/849/122 460/706/122 462/851/122
f 366/815/1 594/708/1 593/852/1 683/229/1 682/142/1 461/361/1
f 418/854/122 609/855/122 608/856/122 695/160/122 694/678/122 464/704/122
f 371/827/1 372/833/1 465/703/1 463/160/1
f 419/858/122 418/854/122 464/704/122 466/25/122
f 372/833/1 373/859/1 467/808/1 465/703/1
f 420/860/122 419/858/122 466/25/122 468/832/122
f 373/859/1 374/861/1 469/833/1 467/808/1
f 421/862/122 420/860/122 468/832/122 470/863/122
f 374/861/1 828/864/1 827/865/1 857/866/1 856/867/1 469/833/1
f 426/870/122 843/871/122 842/872/122 703/852/122 702/130/122 472/873/122
f 379/678/1 380/781/1 473/875/1 471/876/1
f 427/877/122 426/870/122 472/873/122 474/878/122
f 380/781/1 381/879/1 475/880/1 473/875/1
f 428/881/122 427/877/122 474/878/122 476/882/122
f 381/879/1 382/883/1 477/884/1 475/880/1
f 429/885/122 428/881/122 476/882/122 478/886/122
f 382/883/1 904/887/1 903/888/1 865/889/1 864/890/1 477/884/1
f 433/893/122 619/894/122 618/895/122 711/157/122 710/792/122 480/896/122
f 386/898/1 387/899/1 481/900/1 479/837/1
f 434/901/122 433/893/122 480/896/122 482/902/122
f 387/899/1 388/903/1 483/904/1 481/900/1
f 435/905/122 434/901/122 482/902/122 484/906/122
f 388/903/1 389/907/1 485/908/1 483/904/1
f 436/909/122 435/905/122 484/906/122 486/910/122
f 389/907/1 624/911/1 623/912/1 715/712/1 714/660/1 485/908/1
f 441/915/122 639/916/122 638/839/122 727/349/122 726/127/122 488/917/122
f 394/919/1 395/920/1 489/921/1 487/852/1
f 442/922/122 441/915/122 488/917/122 490/923/122
f 395/920/1 396/811/1 491/924/1 489/921/1
f 443/925/122 442/922/122 490/923/122 492/926/122
f 396/811/1 397/807/1 493/927/1 491/924/1
f 444/928/122 443/925/122 492/926/122 494/929/122
f 397/807/1 644/930/1 643/931/1 731/145/1 730/708/1 493/927/1
f 449/934/122 659/935/122 658/936/122 743/852/122 742/130/122 496/937/122
f 402/939/1 403/940/1 497/941/1 495/130/1
f 450/942/122 449/934/122 496/937/122 498/943/122
f 403/940/1 404/820/1 499/944/1 497/941/1
f 451/945/122 450/942/122 498/943/122 500/946/122
f 404/820/1 405/789/1 501/947/1 499/944/1
f 452/948/122 451/945/122 500/946/122 502/949/122
f 405/789/1 664/950/1 663/157/1 747/747/1 746/839/1 501/947/1
f 456/788/122 678/660/122 677/953/122 761/954/122 760/955/122 504/956/122
f 455/708/1 457/702/1 505/958/1 503/157/1
f 458/701/122 456/788/122 504/956/122 506/959/122
f 457/702/1 459/313/1 507/960/1 505/958/1
f 460/706/122 458/701/122 506/959/122 508/961/122
f 459/313/1 461/361/1 509/962/1 507/960/1
f 462/851/122 460/706/122 508/961/122 510/963/122
f 461/361/1 682/142/1 681/964/1 767/965/1 766/712/1 509/962/1
f 464/704/122 694/678/122 693/967/122 773/660/122 772/968/122 512/969/122
f 463/160/1 465/703/1 513/970/1 511/971/1
f 466/25/122 464/704/122 512/969/122 514/972/122
f 465/703/1 467/808/1 515/973/1 513/970/1
f 468/832/122 466/25/122 514/972/122 516/974/122
f 467/808/1 469/833/1 517/975/1 515/973/1
f 470/863/122 468/832/122 516/974/122 518/976/122
f 469/833/1 856/867/1 855/977/1 875/978/1 874/979/192 517/975/1
f 472/873/122 702/130/122 701/982/122 877/983/122 882/984/122 520/985/122
f 471/876/1 473/875/1 521/987/1 519/988/1
f 474/878/122 472/873/122 520/985/122 522/989/122
f 473/875/1 475/880/1 523/990/1 521/987/1
f 476/882/122 474/878/122 522/989/122 524/991/122
f 475/880/1 477/884/1 525/992/1 523/990/1
f 478/886/122 476/882/122 524/991/122 526/993/122
f 477/884/1 864/890/1 863/994/1 887/995/1 886/996/197 525/992/1
f 480/896/122 710/792/122 709/999/122 889/1000/122 894/1001/122 528/1002/122
f 479/837/1 481/900/1 529/1004/1 527/1005/1
f 482/902/122 480/896/122 528/1002/122 530/1006/122
f 481/900/1 483/904/1 531/1007/1 529/1004/1
f 484/906/122 482/902/122 530/1006/122 532/1008/122
f 483/904/1 485/908/1 533/1009/1 531/1007/1
f 486/910/122 484/906/122 532/1008/122 534/349/122
f 485/908/1 714/660/1 713/1010/1 779/1011/1 778/1012/1 533/1009/1
f 488/917/122 726/127/122 725/1014/122 785/142/122 784/1015/122 536/1016/122
f 487/852/1 489/921/1 537/1017/1 535/1018/1
f 490/923/122 488/917/122 536/1016/122 538/1019/122
f 489/921/1 491/924/1 539/1020/1 537/1017/1
f 492/926/122 490/923/122 538/1019/122 540/1021/122
f 491/924/1 493/927/1 541/1022/1 539/1020/1
f 494/929/122 492/926/122 540/1021/122 542/1023/122
f 493/927/1 730/708/1 729/160/1 791/1024/1 790/1025/1 541/1022/1
f 496/937/122 742/130/122 741/1027/122 797/1028/122 796/145/122 544/1029/122
f 495/130/1 497/941/1 545/1031/1 543/127/1
f 498/943/122 496/937/122 544/1029/122 546/1032/122
f 497/941/1 499/944/1 547/1033/1 545/1031/1
f 500/946/122 498/943/122 546/1032/122 548/1034/122
f 499/944/1 501/947/1 549/1035/1 547/1033/1
f 502/949/122 500/946/122 548/1034/122 550/792/122
f 501/947/1 746/839/1 745/1036/1 755/839/1 754/1037/1 549/1035/1
f 550/792/122 548/1034/122 551/1039/122
f 548/1034/122 546/1032/122 551/1039/122
f 546/1032/122 544/1029/122 551/1039/122
f 544/1029/122 796/1040/122 795/1041/122 551/1039/122
f 542/1023/122 540/1021/122 551/1039/122
f 540/1021/122 538/1019/122 551/1039/122
f 538/1019/122 536/1016/122 551/1039/122
f 536/1016/122 784/1042/122 783/1043/122 551/1039/122
f 534/349/122 532/1008/122 551/1039/122
f 532/1008/122 530/1006/122 551/1039/122
f 530/1006/122 528/1002/122 551/1039/122
f 528/1002/122 894/1044/122 893/1045/122 551/1039/122
f 526/993/122 524/991/122 551/1039/122
f 524/991/122 522/989/122 551/1039/122
f 522/989/122 520/985/122 551/1039/122
f 520/985/122 882/1046/122 881/1047/122 551/1039/122
f 518/976/122 516/974/122 551/1039/122
f 516/974/122 514/972/122 551/1039/122
f 514/972/122 512/969/122 551/1039/122
f 512/969/122 772/1048/122 771/1049/122 551/1039/122
f 510/963/122 508/961/122 551/1039/122
f 508/961/122 506/959/122 551/1039/122
f 506/959/122 504/956/122 551/1039/122
f 504/956/122 760/1050/122 759/1051/122 551/1039/122
f 552/747/1 553/1052/1 554/1053/1
f 553/1052/1 555/1054/1 554/1053/1
f 555/1054/1 556/1055/1 554/1053/1
f 556/1055/1 557/1056/1 554/1053/1
f 557/1056/1 558/1057/1 554/1053/1
f 558/1057/1 559/1058/1 554/1053/1
f 559/1058/1 560/1059/1 554/1053/1
f 560/1059/1 561/1060/1 554/1053/1
f 561/1060/1 562/1061/1 554/1053/1
f 562/1061/1 563/1062/1 554/1053/1
f 563/1062/1 564/1063/1 554/1053/1
f 564/1063/1 565/1064/1 554/1053/1
f 565/1064/1 566/1065/1 554/1053/1
f 566/1065/1 567/1066/1 554/1053/1
f 567/1066/1 568/1067/1 554/1053/1
f 568/1067/1 569/1068/1 554/1053/1
f 569/1068/1 570/1069/1 554/1053/1
f 570/1069/1 571/1070/1 554/1053/1
f 571/1070/1 572/229/1 554/1053/1
f 572/229/1 573/1071/1 554/1053/1
f 573/1071/1 574/1072/1 554/1053/1
f 574/1072/1 575/1073/1 554/1053/1
f 575/1073/1 576/1074/1 554/1053/1
f 576/1074/1 577/1075/1 554/1053/1
f 577/1075/1 578/1076/1 554/1053/1
f 578/1076/1 579/1077/1 554/1053/1
f 579/1077/1 580/1078/1 554/1053/1
f 580/1078/1 581/1079/1 554/1053/1
f 581/1079/1 582/1080/1 554/1053/1
f 582/1080/1 552/747/1 554/1053/1
f 503/157/213 505/958/213 553/1052/213 552/747/213
f 505/958/214 507/960/214 555/1054/214 553/1052/214
f 507/960/215 509/962/215 556/1055/215 555/1054/215
f 509/962/216 766/1081/216 765/1082/217 557/1056/216 556/1055/216
f 511/971/218 513/970/218 559/1058/218 558/1057/218
f 513/970/219 515/973/219 560/1059/219 559/1058/219
f 515/973/220 517/975/220 561/1060/220 560/1059/220
f 517/975/221 874/1083/192 873/1084/222 562/1061/221 561/1060/221
f 519/988/223 521/987/223 564/1063/223 563/1062/223
f 521/987/224 523/990/224 565/1064/224 564/1063/224
f 523/990/225 525/992/225 566/1065/225 565/1064/225
f 525/992/226 886/1085/197 885/1086/227 567/1066/226 566/1065/226
f 527/1005/228 529/1004/228 569/1068/228 568/1067/228
f 529/1004/229 531/1007/229 570/1069/229 569/1068/229
f 531/1007/230 533/1009/230 571/1070/230 570/1069/230
f 533/1009/231 778/1087/231 777/1087/232 572/229/231 571/1070/231
f 535/1018/233 537/1017/233 574/1072/233 573/1071/233
f 537/1017/234 539/1020/234 575/1073/234 574/1072/234
f 539/1020/235 541/1022/235 576/1074/235 575/1073/235
f 541/1022/236 790/1088/236 789/1089/237 577/1075/236 576/1074/236
f 543/127/238 545/1031/238 579/1077/238 578/1076/238
f 545/1031/239 547/1033/239 580/1078/239 579/1077/239
f 547/1033/240 549/1035/240 581/1079/240 580/1078/240
f 549/1035/241 754/700/241 753/1090/242 582/1080/241 581/1079/241
f 583/839/1 587/792/1 363/847/1 455/708/1 676/792/1 675/839/1
f 587/1091/1 586/779/1 7/7/1 12/10/1 363/782/1
f 591/1092/122 590/784/122 187/551/122 186/542/122 409/781/122
f 596/763/1 595/788/1 24/22/1 25/25/1 367/789/1
f 598/678/122 602/852/122 413/850/122 462/851/122 688/127/122 687/853/122
f 602/747/122 601/542/122 204/560/122 199/563/122 413/542/122
f 603/837/1 607/130/1 371/827/1 463/160/1 692/708/1 691/857/1
f 607/712/1 606/560/1 37/37/1 42/40/1 371/22/1
f 611/160/122 610/796/122 217/142/122 216/145/122 417/793/122
f 613/897/1 617/1093/1 386/898/1 479/837/1 708/839/1 707/660/1
f 617/852/1 616/816/1 97/97/1 102/100/1 386/818/1
f 621/789/122 620/130/122 277/639/122 276/630/122 432/817/122
f 626/1094/1 625/822/1 114/112/1 115/115/1 390/825/1
f 628/913/122 632/1095/122 436/909/122 486/910/122 720/142/122 719/914/122
f 632/1096/122 631/792/122 294/648/122 289/651/122 436/142/122
f 633/918/1 637/1097/1 394/919/1 487/852/1 724/835/1 723/160/1
f 637/1098/1 636/830/1 127/127/1 132/130/1 394/747/1
f 641/712/122 640/157/122 307/669/122 306/660/122 440/229/122
f 646/127/1 645/835/1 144/142/1 145/145/1 398/708/1
f 648/932/122 652/1099/122 444/928/122 494/929/122 736/678/122 735/933/122
f 652/852/122 651/836/122 324/678/122 319/130/122 444/747/122
f 653/938/1 657/1100/1 402/939/1 495/130/1 740/837/1 739/708/1
f 657/660/1 656/839/1 157/157/1 162/160/1 402/840/1
f 661/792/122 660/837/122 337/695/122 336/689/122 448/712/122
f 666/229/1 665/660/1 174/172/1 175/175/1 406/142/1
f 668/951/122 672/1101/122 452/948/122 502/949/122 752/747/122 751/952/122
f 672/1102/122 671/845/122 354/700/122 349/145/122 452/842/122
f 673/157/1 676/792/1 455/708/1 503/157/1 758/1103/1 757/957/1
f 685/349/122 688/127/122 462/851/122 510/963/122 776/1104/122 775/966/122
f 689/145/1 692/708/1 463/160/1 511/971/1 770/1105/1 769/852/1
f 697/836/1 700/837/1 471/876/1 519/988/1 872/1106/243 871/986/1
f 705/747/1 708/839/1 479/837/1 527/1005/1 884/1107/244 883/1003/1
f 717/229/122 720/142/122 486/910/122 534/349/122 788/1108/122 787/1013/122
f 721/700/1 724/835/1 487/852/1 535/1018/1 782/1109/1 781/837/1
f 733/160/122 736/678/122 494/929/122 542/1023/122 800/1110/122 799/1026/122
f 737/836/1 740/837/1 495/130/1 543/127/1 794/1042/1 793/1030/1
f 749/157/122 752/747/122 502/949/122 550/792/122 764/1111/122 763/1038/122
f 753/1090/242 758/1103/245 503/157/245 552/747/245 582/1080/245
f 759/1051/122 764/1111/122 550/792/122 551/1039/122
f 765/1082/217 770/1105/246 511/971/246 558/1057/246 557/1056/246
f 771/1049/122 776/1104/122 510/963/122 551/1039/122
f 777/1087/232 782/1109/247 535/1018/247 573/1071/247 572/229/247
f 783/1043/122 788/1108/122 534/349/122 551/1039/122
f 789/1089/237 794/1042/248 543/127/248 578/1076/248 577/1075/248
f 795/1041/122 800/1110/122 542/1023/122 551/1039/122
f 676/792/1 673/157/1 674/1122/1
f 676/792/1 674/1122/1 675/839/1
f 678/660/122 679/712/122 680/1123/122
f 678/660/122 680/1123/122 677/953/122
f 682/142/1 683/229/1 684/1124/1
f 682/142/1 684/1124/1 681/964/1
f 688/127/122 685/349/122 686/1125/122
f 688/127/122 686/1125/122 687/853/122
f 692/708/1 689/145/1 690/1126/1
f 692/708/1 690/1126/1 691/857/1
f 694/678/122 695/160/122 696/1127/122
f 694/678/122 696/1127/122 693/967/122
f 700/837/1 697/836/1 698/1128/1
f 700/837/1 698/1128/1 699/229/1
f 702/130/122 703/852/122 704/1129/122
f 702/130/122 704/1129/122 701/982/122
f 708/839/1 705/747/1 706/1130/1
f 708/839/1 706/1130/1 707/660/1
f 710/792/122 711/157/122 712/1131/122
f 710/792/122 712/1131/122 709/999/122
f 714/660/1 715/712/1 716/1132/1
f 714/660/1 716/1132/1 713/1010/1
f 720/142/122 717/229/122 718/1133/122
f 720/142/122 718/1133/122 719/914/122
f 724/835/1 721/700/1 722/1134/1
f 724/835/1 722/1134/1 723/160/1
f 726/127/122 727/349/122 728/1135/122
f 726/127/122 728/1135/122 725/1014/122
f 730/708/1 731/145/1 732/1136/1
f 730/708/1 732/1136/1 729/160/1
f 736/678/122 733/160/122 734/1137/122
f 736/678/122 734/1137/122 735/933/122
f 740/837/1 737/836/1 738/1138/1
f 740/837/1 738/1138/1 739/708/1
f 742/130/122 743/852/122 744/1139/122
f 742/130/122 744/1139/122 741/1027/122
f 746/839/1 747/747/1 748/1140/1
f 746/839/1 748/1140/1 745/1036/1
f 752/747/122 749/157/122 750/1141/122
f 752/747/122 750/1141/122 751/952/122
f 583/839/1 584/1112/1 801/1155/1 587/792/1
f 587/792/1 801/1155/1 586/229/1
f 586/229/1 801/1155/1 584/1112/1 585/711/1
f 591/712/122 592/1113/122 802/1156/122 590/660/122
f 590/660/122 802/1156/122 589/142/122
f 589/142/122 802/1156/122 592/1113/122 588/846/122
f 596/160/1 597/1113/1 803/1157/1 595/145/1
f 595/145/1 803/1157/1 594/708/1
f 594/708/1 803/1157/1 597/1113/1 593/852/1
f 598/678/122 599/1114/122 804/1158/122 602/852/122
f 602/852/122 804/1158/122 601/836/122
f 601/836/122 804/1158/122 599/1114/122 600/713/122
f 603/837/1 604/788/1 805/1159/1 607/130/1
f 607/130/1 805/1159/1 606/1160/1
f 606/1160/1 805/1159/1 604/788/1 605/721/1
f 611/722/122 612/1115/122 806/807/122 610/1161/122
f 610/1161/122 806/807/122 609/855/122
f 609/855/122 806/807/122 612/1115/122 608/856/122
f 613/897/1 614/1116/1 807/1162/1 617/1093/1
f 617/1093/1 807/1162/1 616/1163/1
f 616/1163/1 807/1162/1 614/1116/1 615/130/1
f 621/746/122 622/700/122 808/301/122 620/1164/122
f 620/1164/122 808/301/122 619/894/122
f 619/894/122 808/301/122 622/700/122 618/895/122
f 626/748/1 627/1117/1 809/1165/1 625/1166/1
f 625/1166/1 809/1165/1 624/911/1
f 624/911/1 809/1165/1 627/1117/1 623/912/1
f 628/913/122 629/835/122 810/1167/122 632/1095/122
f 632/1095/122 810/1167/122 631/1168/122
f 631/1168/122 810/1167/122 629/835/122 630/747/122
f 633/918/1 634/1118/1 811/1169/1 637/1097/1
f 637/1097/1 811/1169/1 636/1170/1
f 636/1170/1 811/1169/1 634/1118/1 635/757/1
f 641/758/122 642/898/122 812/1171/122 640/1172/122
f 640/1172/122 812/1171/122 639/916/122
f 639/916/122 812/1171/122 642/898/122 638/839/122
f 646/760/1 647/1119/1 813/1173/1 645/1174/1
f 645/1174/1 813/1173/1 644/930/1
f 644/930/1 813/1173/1 647/1119/1 643/931/1
f 648/932/122 649/706/122 814/1175/122 652/1099/122
f 652/1099/122 814/1175/122 651/1176/122
f 651/1176/122 814/1175/122 649/706/122 650/759/122
f 653/938/1 654/1120/1 815/1177/1 657/1100/1
f 657/1100/1 815/1177/1 656/1178/1
f 656/1178/1 815/1177/1 654/1120/1 655/157/1
f 661/768/122 662/349/122 816/1179/122 660/1180/122
f 660/1180/122 816/1179/122 659/935/122
f 659/935/122 816/1179/122 662/349/122 658/936/122
f 666/770/1 667/349/1 817/1181/1 665/1182/1
f 665/1182/1 817/1181/1 664/950/1
f 664/950/1 817/1181/1 667/349/1 663/157/1
f 668/951/122 669/1121/122 818/1183/122 672/1101/122
f 672/1101/122 818/1183/122 671/1184/122
f 671/1184/122 818/1183/122 669/1121/122 670/769/122
f 755/788/1 756/1142/1 819/1185/1 754/700/1
f 754/700/241 819/1185/242 753/1090/242
f 753/1090/242 819/1185/242 758/1103/245
f 758/1103/1 819/1185/1 756/1142/1 757/957/1
f 761/1186/122 762/1145/122 820/1187/122 760/1050/122
f 760/1050/122 820/1187/122 759/1051/122
f 759/1051/122 820/1187/122 764/1111/122
f 764/1111/122 820/1187/122 762/1145/122 763/1038/122
f 767/1188/1 768/1146/1 821/1189/1 766/1081/1
f 766/1081/216 821/1189/217 765/1082/217
f 765/1082/217 821/1189/217 770/1105/246
f 770/1105/1 821/1189/1 768/1146/1 769/852/1
f 773/1190/122 774/1149/122 822/433/122 772/1048/122
f 772/1048/122 822/433/122 771/1049/122
f 771/1049/122 822/433/122 776/1104/122
f 776/1104/122 822/433/122 774/1149/122 775/966/122
f 779/1191/1 780/702/1 823/1192/1 778/1087/1
f 778/1087/231 823/1192/232 777/1087/232
f 777/1087/232 823/1192/232 782/1109/247
f 782/1109/1 823/1192/1 780/702/1 781/837/1
f 785/1193/122 786/1152/122 824/1194/122 784/1042/122
f 784/1042/122 824/1194/122 783/1043/122
f 783/1043/122 824/1194/122 788/1108/122
f 788/1108/122 824/1194/122 786/1152/122 787/1013/122
f 791/1195/1 792/1150/1 825/1196/1 790/1088/1
f 790/1088/236 825/1196/237 789/1089/237
f 789/1089/237 825/1196/237 794/1042/248
f 794/1042/1 825/1196/1 792/1150/1 793/1030/1
f 797/1197/122 798/1154/122 826/1198/122 796/1040/122
f 796/1040/122 826/1198/122 795/1041/122
f 795/1041/122 826/1198/122 800/1110/122
f 800/1110/122 826/1198/122 798/1154/122 799/1026/122
f 830/1199/1 829/799/1 54/52/1 55/55/1 375/182/1
f 832/868/122 836/1200/122 421/862/122 470/863/122 862/1201/122 861/869/122
f 836/1202/122 835/801/122 234/588/122 229/591/122 421/699/122
f 837/874/1 841/1203/1 379/678/1 471/876/1 700/837/1 699/229/1
f 841/1204/1 840/803/1 67/67/1 72/70/1 379/795/1
f 845/1205/122 844/805/122 247/609/122 246/600/122 425/313/122
f 848/1206/1 847/1207/1 85/85/1 90/88/1 383/313/1
f 852/1208/122 851/813/122 265/627/122 264/618/122 909/1209/122 908/1210/122
f 859/980/122 862/1201/122 470/863/122 518/976/122 880/1211/122 879/981/122
f 867/997/122 870/1212/122 478/886/122 526/993/122 892/1213/122 891/998/122
f 873/1084/222 872/1106/243 519/988/285 563/1062/285 562/1061/285
f 881/1047/122 880/1211/122 518/976/122 551/1039/122
f 885/1086/227 884/1107/244 527/1005/286 568/1067/286 567/1066/286
f 893/1045/122 892/1213/122 526/993/122 551/1039/122
f 847/1207/1 848/1206/1 849/753/1
f 847/1207/1 849/753/1 850/1230/1
f 851/813/122 852/1208/122 853/832/122
f 851/813/122 853/832/122 854/814/122
f 856/867/1 857/866/1 858/1219/1
f 856/867/1 858/1219/1 855/977/1
f 862/1201/122 859/980/122 860/1220/122
f 862/1201/122 860/1220/122 861/869/122
f 864/890/1 865/889/1 866/1221/1
f 864/890/1 866/1221/1 863/994/1
f 870/1212/122 867/997/122 868/1222/122
f 870/1212/122 868/1222/122 869/892/122
f 830/724/1 831/1214/1 895/1231/1 829/1214/1
f 829/1214/1 895/1231/1 828/864/1
f 828/864/1 895/1231/1 831/1214/1 827/865/1
f 832/868/122 833/1215/122 896/1232/122 836/1200/122
f 836/1200/122 896/1232/122 835/1233/122
f 835/1233/122 896/1232/122 833/1215/122 834/723/122
f 837/874/1 838/1216/1 897/1234/1 841/1203/1
f 841/1203/1 897/1234/1 840/1235/1
f 840/1235/1 897/1234/1 838/1216/1 839/733/1
f 845/734/122 846/1217/122 898/1236/122 844/1217/122
f 844/1217/122 898/1236/122 843/871/122
f 843/871/122 898/1236/122 846/1217/122 842/872/122
f 875/1237/1 876/1223/1 899/1238/298 874/1083/192
f 874/1083/192 899/1238/298 873/1084/222
f 873/1084/222 899/1238/298 872/1106/243
f 872/1106/243 899/1238/298 876/1223/1 871/986/1
f 877/1239/122 878/1226/122 900/1240/122 882/1046/122
f 882/1046/122 900/1240/122 881/1047/122
f 881/1047/122 900/1240/122 880/1211/122
f 880/1211/122 900/1240/122 878/1226/122 879/981/122
f 887/1241/1 888/1227/1 901/1242/299 886/1085/197
f 886/1085/197 901/1242/299 885/1086/227
f 885/1086/227 901/1242/299 884/1107/244
f 884/1107/244 901/1242/299 888/1227/1 883/1003/1
f 889/1243/122 890/1229/122 902/1244/122 894/1044/122
f 894/1044/122 902/1244/122 893/1045/122
f 893/1045/122 902/1244/122 892/1213/122
f 892/1213/122 902/1244/122 890/1229/122 891/998/122
f 906/1245/1 905/809/1 84/82/1 85/85/1 847/1207/1 850/1230/1
f 910/1246/122 909/1209/122 264/618/122 259/621/122 429/808/122
f 911/891/122 910/1247/122 429/885/122 478/886/122 870/1212/122 869/892/122
f 906/736/1 907/1248/1 913/1250/1 905/1248/1
f 905/1248/1 913/1250/1 904/887/1
f 904/887/1 913/1250/1 907/1248/1 903/888/1
f 911/891/122 912/1249/122 914/1251/122 910/1247/122
f 910/1247/122 914/1251/122 909/1252/122
f 909/1252/122 914/1251/122 912/1249/122 908/735/122
usemtl LaminaMetal.001
f 1/181/2 181/182/2 182/183/2 2/184/2
f 2/184/2 182/183/2 183/185/2 3/186/2
f 3/186/3 183/185/3 184/187/3 4/188/3
f 4/188/4 184/187/4 185/189/4 5/190/4
f 5/190/4 185/189/4 186/191/4 6/192/4
f 6/192/5 186/191/5 187/193/5 7/194/5
f 7/194/6 187/193/6 188/195/6 8/196/6
f 8/196/6 188/195/6 189/197/6 9/198/6
f 9/198/7 189/197/7 190/199/7 10/200/7
f 10/200/8 190/199/8 191/201/8 11/202/8
f 11/202/8 191/201/8 192/203/8 12/204/8
f 12/204/9 192/203/9 193/205/9 13/206/9
f 13/206/10 193/205/10 194/207/10 14/208/10
f 14/208/10 194/207/10 195/209/10 15/210/10
f 15/210/11 195/209/11 196/211/11 16/212/11
f 16/212/12 196/211/12 197/213/12 17/214/12
f 17/214/12 197/213/12 198/215/12 18/216/12
f 18/216/13 198/215/13 199/217/13 19/218/13
f 19/218/14 199/217/14 200/219/14 20/220/14
f 20/220/14 200/219/14 201/221/14 21/222/14
f 21/222/15 201/221/15 202/223/15 22/224/15
f 22/224/16 202/223/16 203/225/16 23/226/16
f 23/226/16 203/225/16 204/227/16 24/228/16
f 24/228/17 204/227/17 205/229/17 25/230/17
f 25/230/18 205/229/18 206/231/18 26/232/18
f 26/232/18 206/231/18 207/233/18 27/234/18
f 27/234/19 207/233/19 208/235/19 28/236/19
f 28/236/20 208/235/20 209/237/20 29/238/20
f 29/238/20 209/237/20 210/239/20 30/240/20
f 30/240/21 210/239/21 211/241/21 31/242/21
f 31/242/22 211/241/22 212/243/22 32/244/22
f 32/244/22 212/243/22 213/245/22 33/246/22
f 33/246/23 213/245/23 214/247/23 34/248/23
f 34/248/24 214/247/24 215/249/24 35/250/24
f 35/250/24 215/249/24 216/251/24 36/252/24
f 36/252/25 216/251/25 217/253/25 37/254/25
f 37/254/26 217/253/26 218/255/26 38/256/26
f 38/256/26 218/255/26 219/257/26 39/258/26
f 39/258/27 219/257/27 220/259/27 40/260/27
f 40/260/28 220/259/28 221/261/28 41/262/28
f 41/262/28 221/261/28 222/263/28 42/264/28
f 42/264/29 222/263/29 223/265/29 43/266/29
f 43/266/30 223/265/30 224/267/30 44/268/30
f 44/268/30 224/267/30 225/269/30 45/270/30
f 45/270/31 225/269/31 226/271/31 46/272/31
f 46/272/32 226/271/32 227/273/32 47/274/32
f 47/274/32 227/273/32 228/275/32 48/276/32
f 48/276/33 228/275/33 229/277/33 49/278/33
f 49/278/34 229/277/34 230/279/34 50/280/34
f 50/280/34 230/279/34 231/281/34 51/282/34
f 51/282/35 231/281/35 232/283/35 52/284/35
f 52/284/36 232/283/36 233/285/36 53/286/36
f 53/286/36 233/285/36 234/287/36 54/288/36
f 54/288/37 234/287/37 235/289/37 55/290/37
f 55/290/38 235/289/38 236/291/38 56/292/38
f 56/292/38 236/291/38 237/293/38 57/294/38
f 57/294/39 237/293/39 238/295/39 58/296/39
f 58/296/40 238/295/40 239/297/40 59/298/40
f 59/298/40 239/297/40 240/299/40 60/300/40
f 60/300/41 240/299/41 241/301/41 61/302/41
f 61/302/42 241/301/42 242/303/42 62/304/42
f 62/304/42 242/303/42 243/305/42 63/306/42
f 63/306/43 243/305/43 244/307/43 64/308/43
f 64/308/44 244/307/44 245/309/44 65/310/44
f 65/310/44 245/309/44 246/311/44 66/312/44
f 66/312/45 246/311/45 247/313/45 67/314/45
f 67/314/46 247/313/46 248/315/46 68/316/46
f 68/316/46 248/315/46 249/317/46 69/318/46
f 69/318/47 249/317/47 250/319/47 70/320/47
f 70/320/48 250/319/48 251/321/48 71/322/48
f 71/322/48 251/321/48 252/323/48 72/324/48
f 72/324/49 252/323/49 253/325/49 73/326/49
f 73/326/50 253/325/50 254/327/50 74/328/50
f 74/328/50 254/327/50 255/329/50 75/330/50
f 75/330/51 255/329/51 256/331/51 76/332/51
f 76/332/52 256/331/52 257/333/52 77/334/52
f 77/334/52 257/333/52 258/335/52 78/336/52
f 78/336/53 258/335/53 259/337/53 79/338/53
f 79/338/54 259/337/54 260/339/54 80/340/54
f 80/340/54 260/339/54 261/341/54 81/342/54
f 81/342/55 261/341/55 262/343/55 82/344/55
f 82/344/56 262/343/56 263/345/56 83/346/56
f 83/346/56 263/345/56 264/347/56 84/348/56
f 84/348/57 264/347/57 265/349/57 85/350/57
f 85/350/58 265/349/58 266/351/58 86/352/58
f 86/352/58 266/351/58 267/353/58 87/354/58
f 87/354/59 267/353/59 268/355/59 88/356/59
f 88/356/60 268/355/60 269/357/60 89/358/60
f 89/358/60 269/357/60 270/359/60 90/360/60
f 90/360/61 270/359/61 271/361/61 91/362/61
f 91/362/62 271/361/62 272/363/62 92/364/62
f 92/364/62 272/363/62 273/365/62 93/366/62
f 93/366/63 273/365/63 274/367/63 94/368/63
f 94/368/64 274/367/64 275/369/64 95/370/64
f 95/370/64 275/369/64 276/371/64 96/372/64
f 96/372/65 276/371/65 277/373/65 97/374/65
f 97/374/66 277/373/66 278/375/66 98/376/66
f 98/376/66 278/375/66 279/377/66 99/378/66
f 99/378/67 279/377/67 280/379/67 100/380/67
f 100/380/68 280/379/68 281/381/68 101/382/68
f 101/382/68 281/381/68 282/383/68 102/384/68
f 102/384/69 282/383/69 283/385/69 103/386/69
f 103/386/70 283/385/70 284/387/70 104/388/70
f 104/388/70 284/387/70 285/389/70 105/390/70
f 105/390/71 285/389/71 286/391/71 106/392/71
f 106/392/72 286/391/72 287/393/72 107/394/72
f 107/394/72 287/393/72 288/395/72 108/396/72
f 108/396/73 288/395/73 289/397/73 109/398/73
f 109/398/74 289/397/74 290/399/74 110/400/74
f 110/400/74 290/399/74 291/401/74 111/402/74
f 111/402/75 291/401/75 292/403/75 112/404/75
f 112/404/76 292/403/76 293/405/76 113/406/76
f 113/406/76 293/405/76 294/407/76 114/408/76
f 114/408/77 294/407/77 295/409/77 115/410/77
f 115/410/78 295/409/78 296/411/78 116/412/78
f 116/412/78 296/411/78 297/413/78 117/414/78
f 117/414/79 297/413/79 298/415/79 118/416/79
f 118/416/80 298/415/80 299/417/80 119/418/80
f 119/418/80 299/417/80 300/419/80 120/420/80
f 120/420/81 300/419/81 301/421/81 121/422/81
f 121/422/82 301/421/82 302/423/82 122/424/82
f 122/424/82 302/423/82 303/425/82 123/426/82
f 123/426/83 303/425/83 304/427/83 124/428/83
f 124/428/84 304/427/84 305/429/84 125/430/84
f 125/430/84 305/429/84 306/431/84 126/432/84
f 126/432/85 306/431/85 307/433/85 127/434/85
f 127/434/86 307/433/86 308/435/86 128/436/86
f 128/436/86 308/435/86 309/437/86 129/438/86
f 129/438/87 309/437/87 310/439/87 130/440/87
f 130/440/88 310/439/88 311/441/88 131/442/88
f 131/442/88 311/441/88 312/443/88 132/444/88
f 132/444/89 312/443/89 313/445/89 133/446/89
f 133/446/90 313/445/90 314/447/90 134/448/90
f 134/448/90 314/447/90 315/449/90 135/450/90
f 135/450/91 315/449/91 316/451/91 136/452/91
f 136/452/92 316/451/92 317/453/92 137/454/92
f 137/454/92 317/453/92 318/455/92 138/456/92
f 138/456/93 318/455/93 319/457/93 139/458/93
f 139/458/94 319/457/94 320/459/94 140/460/94
f 140/460/94 320/459/94 321/461/94 141/462/94
f 141/462/95 321/461/95 322/463/95 142/464/95
f 142/464/96 322/463/96 323/465/96 143/466/96
f 143/466/96 323/465/96 324/467/96 144/468/96
f 144/468/97 324/467/97 325/469/97 145/470/97
f 145/470/98 325/469/98 326/471/98 146/472/98
f 146/472/98 326/471/98 327/473/98 147/474/98
f 147/474/99 327/473/99 328/475/99 148/476/99
f 148/476/100 328/475/100 329/477/100 149/478/100
f 149/478/100 329/477/100 330/479/100 150/480/100
f 150/480/101 330/479/101 331/481/101 151/482/101
f 151/482/102 331/481/102 332/483/102 152/484/102
f 152/484/102 332/483/102 333/485/102 153/486/102
f 153/486/103 333/485/103 334/487/103 154/488/103
f 154/488/104 334/487/104 335/489/104 155/490/104
f 155/490/104 335/489/104 336/491/104 156/492/104
f 156/492/105 336/491/105 337/493/105 157/494/105
f 157/494/106 337/493/106 338/495/106 158/496/106
f 158/496/106 338/495/106 339/497/106 159/498/106
f 159/498/107 339/497/107 340/499/107 160/500/107
f 160/500/108 340/499/108 341/501/108 161/502/108
f 161/502/108 341/501/108 342/503/108 162/504/108
f 162/504/109 342/503/109 343/505/109 163/506/109
f 163/506/110 343/505/110 344/507/110 164/508/110
f 164/508/110 344/507/110 345/509/110 165/510/110
f 165/510/111 345/509/111 346/511/111 166/512/111
f 166/512/112 346/511/112 347/513/112 167/514/112
f 167/514/112 347/513/112 348/515/112 168/516/112
f 168/516/113 348/515/113 349/517/113 169/518/113
f 169/518/114 349/517/114 350/519/114 170/520/114
f 170/520/114 350/519/114 351/521/114 171/522/114
f 171/522/115 351/521/115 352/523/115 172/524/115
f 172/524/116 352/523/116 353/525/116 173/526/116
f 173/526/116 353/525/116 354/527/116 174/528/116
f 174/528/117 354/527/117 355/529/117 175/157/117
f 175/157/118 355/529/118 356/530/118 176/531/118
f 176/531/118 356/530/118 357/532/118 177/533/118
f 177/533/119 357/532/119 358/534/119 178/535/119
f 178/535/120 358/534/120 359/536/120 179/537/120
f 179/537/120 359/536/120 360/538/120 180/539/120
f 180/539/121 360/538/121 181/540/121 1/541/121
f 361/707/123 362/708/124 409/709/124 408/710/123
f 362/708/124 585/711/125 591/712/125 409/709/124
f 600/713/126 596/160/126 367/714/127 414/715/127
f 367/714/127 368/639/128 415/716/128 414/715/127
f 368/639/128 369/717/129 416/718/129 415/716/128
f 369/717/129 370/719/130 417/720/130 416/718/129
f 370/719/130 605/721/131 611/722/131 417/720/130
f 834/723/132 830/724/132 375/725/133 422/726/133
f 375/725/133 376/727/134 423/728/134 422/726/133
f 376/727/134 377/729/135 424/730/135 423/728/134
f 377/729/135 378/731/136 425/732/136 424/730/135
f 378/731/136 839/733/137 845/734/138 425/732/136
f 908/735/139 906/736/139 850/737/140 852/738/140
f 854/739/141 848/740/141 383/741/142 430/742/142
f 383/741/142 384/743/143 431/744/143 430/742/142
f 384/743/143 385/160/144 432/745/144 431/744/143
f 385/160/144 615/130/145 621/746/145 432/745/144
f 630/747/146 626/748/146 390/749/147 437/750/147
f 390/749/147 391/751/148 438/752/148 437/750/147
f 391/751/148 392/753/149 439/754/149 438/752/148
f 392/753/149 393/755/150 440/756/150 439/754/149
f 393/755/150 635/757/151 641/758/151 440/756/150
f 650/759/152 646/760/152 398/761/153 445/762/153
f 398/761/153 399/763/154 446/764/154 445/762/153
f 399/763/154 400/765/155 447/766/155 446/764/154
f 400/765/155 401/678/156 448/767/156 447/766/155
f 401/678/156 655/157/157 661/768/157 448/767/156
f 670/769/158 666/770/158 406/771/159 453/772/159
f 406/771/159 407/773/160 454/774/160 453/772/159
f 407/773/160 361/775/123 408/776/123 454/774/160
f 588/846/161 583/839/161 675/839/162 679/712/162
f 593/852/163 598/678/163 687/853/164 683/229/164
f 608/856/165 603/837/165 691/857/166 695/160/166
f 827/865/167 832/868/168 861/869/169 857/866/169
f 842/872/170 837/874/170 699/229/171 703/852/171
f 903/888/172 911/891/172 869/892/173 865/889/173
f 618/895/174 613/897/174 707/660/175 711/157/175
f 623/912/176 628/913/176 719/914/177 715/712/177
f 638/839/178 633/918/178 723/160/179 727/349/179
f 643/931/180 648/932/180 735/933/181 731/145/181
f 658/936/182 653/938/182 739/708/183 743/852/183
f 663/157/184 668/951/184 751/952/185 747/747/185
f 677/953/186 673/157/186 757/957/187 761/954/187
f 681/964/188 685/349/188 775/966/189 767/965/189
f 693/967/190 689/145/190 769/852/191 773/660/191
f 855/977/193 859/980/193 879/981/194 875/978/194
f 701/982/195 697/836/195 871/986/196 877/983/196
f 863/994/198 867/997/198 891/998/199 887/995/199
f 709/999/200 705/747/200 883/1003/201 889/1000/201
f 713/1010/202 717/229/202 787/1013/203 779/1011/204
f 725/1014/205 721/700/205 781/837/206 785/142/206
f 729/160/207 733/160/207 799/1026/208 791/1024/208
f 741/1027/209 737/836/209 793/1030/210 797/1028/210
f 745/1036/211 749/157/211 763/1038/212 755/839/212
f 585/711/125 584/1112/249 592/1113/249 591/712/125
f 584/1112/250 583/839/161 588/846/161 592/1113/250
f 593/852/163 597/1113/251 599/1114/251 598/678/163
f 597/1113/252 596/160/126 600/713/126 599/1114/252
f 605/721/131 604/788/253 612/1115/253 611/722/131
f 604/788/254 603/837/165 608/856/165 612/1115/254
f 615/130/145 614/1116/255 622/700/255 621/746/145
f 614/1116/256 613/897/174 618/895/174 622/700/256
f 623/912/176 627/1117/257 629/835/257 628/913/176
f 627/1117/258 626/748/146 630/747/146 629/835/258
f 635/757/151 634/1118/259 642/898/259 641/758/151
f 634/1118/260 633/918/178 638/839/178 642/898/260
f 643/931/180 647/1119/261 649/706/261 648/932/180
f 647/1119/262 646/760/152 650/759/152 649/706/262
f 655/157/157 654/1120/263 662/349/263 661/768/157
f 654/1120/264 653/938/182 658/936/182 662/349/264
f 663/157/184 667/349/265 669/1121/265 668/951/184
f 667/349/266 666/770/158 670/769/158 669/1121/266
f 675/839/162 674/1122/267 680/1123/267 679/712/162
f 674/1122/267 673/157/186 677/953/186 680/1123/267
f 681/964/188 684/1124/268 686/1125/268 685/349/188
f 684/1124/268 683/229/164 687/853/164 686/1125/268
f 691/857/166 690/1126/269 696/1127/269 695/160/166
f 690/1126/269 689/145/190 693/967/190 696/1127/269
f 699/229/171 698/1128/270 704/1129/270 703/852/171
f 698/1128/270 697/836/195 701/982/195 704/1129/270
f 707/660/175 706/1130/271 712/1131/271 711/157/175
f 706/1130/271 705/747/200 709/999/200 712/1131/271
f 713/1010/202 716/1132/272 718/1133/272 717/229/202
f 716/1132/272 715/712/177 719/914/177 718/1133/272
f 723/160/179 722/1134/273 728/1135/273 727/349/179
f 722/1134/273 721/700/205 725/1014/205 728/1135/273
f 729/160/207 732/1136/274 734/1137/274 733/160/207
f 732/1136/274 731/145/181 735/933/181 734/1137/274
f 739/708/183 738/1138/275 744/1139/275 743/852/183
f 738/1138/275 737/836/209 741/1027/209 744/1139/275
f 745/1036/211 748/1140/276 750/1141/276 749/157/211
f 748/1140/276 747/747/185 751/952/185 750/1141/276
f 757/957/187 756/1142/277 762/1143/277 761/954/187
f 756/1144/278 755/839/212 763/1038/212 762/1145/278
f 769/852/191 768/1146/279 774/1147/279 773/660/191
f 768/1148/280 767/965/189 775/966/189 774/1149/280
f 781/837/206 780/702/281 786/1150/281 785/142/206
f 780/1151/282 779/1011/204 787/1013/203 786/1152/282
f 793/1030/210 792/1150/283 798/807/283 797/1028/210
f 792/1153/284 791/1024/208 799/1026/208 798/1154/284
f 827/865/167 831/1214/287 833/1215/287 832/868/168
f 831/1214/288 830/724/132 834/723/132 833/1215/288
f 839/733/137 838/1216/289 846/1217/289 845/734/138
f 838/1216/290 837/874/170 842/872/170 846/1217/290
f 850/737/140 849/795/291 853/1218/291 852/738/140
f 849/795/291 848/740/141 854/739/141 853/1218/291
f 855/977/193 858/1219/292 860/1220/292 859/980/193
f 858/1219/292 857/866/169 861/869/169 860/1220/292
f 863/994/198 866/1221/293 868/1222/293 867/997/198
f 866/1221/293 865/889/173 869/892/173 868/1222/293
f 871/986/196 876/1223/294 878/1224/294 877/983/196
f 876/1225/295 875/978/194 879/981/194 878/1226/295
f 883/1003/201 888/1227/296 890/837/296 889/1000/201
f 888/1228/297 887/995/199 891/998/199 890/1229/297
f 903/888/172 907/1248/300 912/1249/300 911/891/172
f 907/1248/301 906/736/139 908/735/139 912/1249/301
